address,zip,town,suspected_lead,psl_materials,psl_other,service_line,csl_other
1 ALEXANDER AVENUE,07043,MONTCLAIR,N,C,NA,C,NA
1 ALEXANDER COURT,07043,MONTCLAIR,N,C,NA,C,NA
1 AMHERST PLACE,07043,MONTCLAIR,N,C,NA,C,NA
1 ARGYLE ROAD,07043,MONTCLAIR,Y,C,NA,G,NA
1 BERKELEY PLACE,07042,MONTCLAIR,N,C,NA,C,NA
1 BRIAR HILL ROAD,07042,MONTCLAIR,N,C,NA,C,NA
1 BELVIDERE PLACE,07042,MONTCLAIR,N,C,NA,C,NA
1 BRUNSWICK ROAD,07042,MONTCLAIR,Y,C,NA,G,NA
1 CANTERBURY DRIVE,07042,MONTCLAIR,N,C,NA,C,NA
1 CAPRON LANE,07043,MONTCLAIR,N,C,NA,C,NA
1 CAROLIN ROAD,07043,MONTCLAIR,N,C,NA,C,NA
1 CARRIAGE WAY,07042,MONTCLAIR,N,C,NA,C,NA
1 CENTRAL AVENUE,07042,MONTCLAIR,N,C,NA,C,NA
1 CHAMPLAIN TERRACE,07042,MONTCLAIR,N,C,NA,C,NA
1 CHESTER ROAD,07043,MONTCLAIR,N,C,NA,C,NA
1 CHRISTOPHER COURT,07042,MONTCLAIR,N,C,NA,C,NA
1 CLAREMONT PLACE,07042,MONTCLAIR,N,C,NA,C,NA
1 CLINTON AVENUE,07042,MONTCLAIR,N,C,NA,C,NA
1 CLOVERHILL PLACE,07042,MONTCLAIR,N,C,NA,C,NA
1 CORNELL WAY,07043,MONTCLAIR,N,C,NA,C,NA
1 CAREY COURT,07042,MONTCLAIR,N,C,NA,C,NA
1 CLAIRIDGE COURT,07042,MONTCLAIR,N,C,NA,C,NA
1 COLUMBUS AVENUE,07042,MONTCLAIR,N,C,NA,C,NA
1 DURYEA ROAD,07043,MONTCLAIR,N,C,NA,C,NA
1 DODD STREET,07042,MONTCLAIR,Y,C,NA,L,NA
1 EDGECLIFF ROAD,07043,MONTCLAIR,N,C,NA,C,NA
1 EDGEWOOD TER,07042,MONTCLAIR,N,C,NA,C,NA
1 ELIZABETH ROAD,07043,MONTCLAIR,N,C,NA,C,NA
1 EMERSON PLACE,07043,MONTCLAIR,N,C,NA,C,NA
1 ERWIN PARK ROAD,07042,MONTCLAIR,N,C,NA,C,NA
1 ESSEX WAY,07042,MONTCLAIR,N,C,NA,C,NA
1 FERNCLIFF TERRACE,07042,MONTCLAIR,N,C,NA,C,NA
1 FERNWOOD PLACE,07043,MONTCLAIR,N,C,NA,C,NA
1 FESSLER PLACE 1ST,07042,MONTCLAIR,N,C,NA,C,NA
1 FESSLER PLACE 2ND,07042,MONTCLAIR,N,C,NA,C,NA
1 FAIRMOUNT AVENUE,07043,MONTCLAIR,N,C,NA,C,NA
1 GATES AVENUE,07042,MONTCLAIR,N,C,NA,C,NA
1 GLENRIDGE PARKWAY,07042,MONTCLAIR,N,C,NA,C,NA
1 GRANT STREET,07042,MONTCLAIR,N,C,NA,C,NA
1 GREENVIEW WAY,07043,MONTCLAIR,N,C,NA,C,NA
1 HAMILTON TERRACE,07043,MONTCLAIR,N,C,NA,C,NA
1 HAWTHORNE PLACE,07042,MONTCLAIR,N,C,NA,C,NA
1 HILLTOP PLACE,07042,MONTCLAIR,N,C,NA,C,NA
1 HARVARD STREET,07042,MONTCLAIR,Y,C,NA,UX,NA
1 HIGHLAND TERRACE,07043,MONTCLAIR,N,C,NA,C,NA
1 KENNETH ROAD,07043,MONTCLAIR,N,C,NA,C,NA
1 KIPS RIDGE,07044,MONTCLAIR,N,C,NA,C,NA
1 LACKAWANNA PLAZA,07042,MONTCLAIR,N,C,NA,C,NA
1 LANSING PLACE,07043,MONTCLAIR,N,C,NA,C,NA
1 LASALLE ROAD,07043,MONTCLAIR,N,C,NA,C,NA
1 LAUREL PLACE,07043,MONTCLAIR,N,C,NA,C,NA
1 LEWIS COURT,07042,MONTCLAIR,N,C,NA,C,NA
1 LINDEN AVENUE,07042,MONTCLAIR,N,C,NA,C,NA
1 MANOR COURT,07042,MONTCLAIR,N,C,NA,C,NA
1 MARQUETTE ROAD,07043,MONTCLAIR,N,C,NA,C,NA
1 MCDONOUGH STREET,07042,MONTCLAIR,N,C,NA,C,NA
1 MENDL TERRACE,07042,MONTCLAIR,N,C,NA,C,NA
1 MOUNTAIN PLACE 1ST,07043,MONTCLAIR,N,C,NA,C,NA
1 MOUNTAIN PLACE 2ND FL,07043,MONTCLAIR,N,C,NA,C,NA
1 MUNN STREET,07042,MONTCLAIR,N,C,NA,C,NA
1 MOUNT VERNON ROAD,07043,MONTCLAIR,Y,C,NA,C,NA
1 N BROOKWOOD DRIVE,07042,MONTCLAIR,N,C,NA,C,NA
1 NASSAU ROAD,07043,MONTCLAIR,N,C,NA,C,NA
1 ORCHARD COURT,07042,MONTCLAIR,N,C,NA,C,NA
1 PINE STREET,07042,MONTCLAIR,N,C,NA,C,NA
1 PRESTON PLACE,07043,MONTCLAIR,N,C,NA,C,NA
1 RUTGERS PLACE,07043,MONTCLAIR,N,C,NA,C,NA
1 RIVERVIEW DRIVE W,07043,MONTCLAIR,N,C,NA,C,NA
1 RUSSELL TERRACE,07042,MONTCLAIR,N,C,NA,C,NA
1 RYDAL PLACE 1ST,07042,MONTCLAIR,Y,C,NA,G,NA
1 RYDAL PLACE 2ND,07042,MONTCLAIR,Y,C,NA,L,NA
1 S BROOKWOOD DRIVE,07042,MONTCLAIR,N,C,NA,C,NA
1 S MOUNTAIN TERRACE,07042,MONTCLAIR,N,C,NA,C,NA
1 SENECA PLACE,07043,MONTCLAIR,N,C,NA,C,NA
1 SEYMOUR PLAZA,07042,MONTCLAIR,N,C,NA,C,NA
1 STONEBRIDGE ROAD,07042,MONTCLAIR,Y,C,NA,G,NA
1 SUTHERLAND ROAD,07042,MONTCLAIR,Y,C,NA,L,NA
1 SYLVAN PLACE,07042,MONTCLAIR,N,C,NA,C,NA
1 THE CRESCENT,07042,MONTCLAIR,N,C,NA,C,NA
1 THE FAIRWAY,07043,MONTCLAIR,N,C,NA,C,NA
1 UPPER MOUNTAIN AVENUE,07042,MONTCLAIR,N,C,NA,C,NA
1 UNION STREET,07042,MONTCLAIR,Y,G,NA,G,NA
1 VALLEY PLACE,07043,MONTCLAIR,N,C,NA,C,NA
1 WALDEN PLACE,07042,MONTCLAIR,N,C,NA,C,NA
1 WALNUT PLACE,07042,MONTCLAIR,N,C,NA,C,NA
1 WATCHUNG AVENUE,07043,MONTCLAIR,N,C,NA,C,NA
1 WENDOVER ROAD,07042,MONTCLAIR,N,C,NA,C,NA
1 WILFRED STREET,07042,MONTCLAIR,N,C,NA,C,NA
1 WILLARD PLACE,07042,MONTCLAIR,N,C,NA,C,NA
1 WILLIAM STREET,07042,MONTCLAIR,N,C,NA,C,NA
1 WINDEMERE ROAD,07043,MONTCLAIR,N,C,NA,C,NA
1 WOODLAND AVENUE,07042,MONTCLAIR,N,C,NA,C,NA
1 WOODLAND AVENUE (89 MAPLE,07042,MONTCLAIR,N,C,NA,C,NA
1 WARREN PLACE,07042,MONTCLAIR,N,C,NA,C,NA
1 YALE TERRACE,07042,MONTCLAIR,Y,C,NA,G,NA
1-11 GREENWOOD AVENUE,07042,MONTCLAIR,N,C,NA,C,NA
10 ALDEN ROAD,07042,MONTCLAIR,N,C,NA,C,NA
10 ALEXANDER AVENUE,07043,MONTCLAIR,N,C,NA,C,NA
10 AMELIA STREET,07042,MONTCLAIR,N,C,NA,C,NA
10 APPLETON PLACE,07043,MONTCLAIR,N,C,NA,C,NA
10 AUBREY ROAD,07043,MONTCLAIR,N,C,NA,C,NA
10 ARGYLE ROAD,07043,MONTCLAIR,N,C,NA,C,NA
10 BELLEGROVE DRIVE,07043,MONTCLAIR,N,C,NA,C,NA
10 BELVIDERE PLACE,07042,MONTCLAIR,N,C,NA,C,NA
10 BERKELEY PLACE,07042,MONTCLAIR,N,C,NA,C,NA
10 BRADFORD AVENUE,07043,MONTCLAIR,N,C,NA,C,NA
10 BROOKFIELD ROAD,07043,MONTCLAIR,N,C,NA,C,NA
10 BRUNSWICK ROAD,07042,MONTCLAIR,N,C,NA,C,NA
10 BURNSIDE STREET,07043,MONTCLAIR,N,C,NA,C,NA
10 BELLAIRE DRIVE,07042,MONTCLAIR,N,C,NA,C,NA
10 BRADFORD WAY,07043,MONTCLAIR,N,C,NA,C,NA
10 CARRIAGE WAY,07042,MONTCLAIR,N,C,NA,C,NA
10 CARTERET STREET,07043,MONTCLAIR,N,C,NA,C,NA
10 CENTRAL AVENUE,07042,MONTCLAIR,N,C,NA,C,NA
10 CHRISTOPHER COURT,07042,MONTCLAIR,N,C,NA,C,NA
10 CLAIRIDGE COURT,07042,MONTCLAIR,N,C,NA,C,NA
10 CLAREMONT PLACE,07042,MONTCLAIR,N,C,NA,C,NA
10 CLOVERHILL PLACE,07042,MONTCLAIR,N,C,NA,C,NA
10 COLLEGE AVENUE,07043,MONTCLAIR,N,C,NA,C,NA
10 CORNELL WAY,07043,MONTCLAIR,N,C,NA,C,NA
10 CRESTMONT ROAD,07044,MONTCLAIR,N,C,NA,C,NA
10 CROSS STREET,07042,MONTCLAIR,N,C,NA,C,NA
10 CAPRON LANE,07043,MONTCLAIR,Y,C,NA,UX,NA
10 CAREY COURT,07042,MONTCLAIR,N,C,NA,C,NA
10 CHARLES STREET,07042,MONTCLAIR,Y,C,NA,UX,NA
10 CHESTER ROAD,07043,MONTCLAIR,N,C,NA,C,NA
10 CLINTON AVENUE,07042,MONTCLAIR,N,C,NA,C,NA
10 COLUMBUS AVENUE,07042,MONTCLAIR,Y,C,NA,G,NA
10 CRESTVIEW COURT,07042,MONTCLAIR,N,C,NA,C,NA
10 DEPOT SQ #1 REAR,07042,MONTCLAIR,N,C,NA,C,NA
10 DEPOT SQUARE 1ST,07042,MONTCLAIR,N,C,NA,C,NA
10 DEPOT SQUARE 2-REAR,07042,MONTCLAIR,N,C,NA,C,NA
10 DEPOT SQUARE 3RD-FRONT,07042,MONTCLAIR,N,C,NA,C,NA
10 DEPOT SQUARE 3RD-REAR,07042,MONTCLAIR,N,C,NA,C,NA
10 DEPOT SQUARE-2ND,07042,MONTCLAIR,N,C,NA,C,NA
10 DURYEA ROAD,07043,MONTCLAIR,N,C,NA,C,NA
10 DRAPER TERRACE,07042,MONTCLAIR,N,C,NA,C,NA
10 EDGECLIFF ROAD,07043,MONTCLAIR,N,C,NA,C,NA
10 EDGEMONT ROAD,07042,MONTCLAIR,N,C,NA,C,NA
10 EDGEWOOD TERRACE,07042,MONTCLAIR,N,C,NA,C,NA
10 ELIZABETH ROAD,07043,MONTCLAIR,N,C,NA,C,NA
10 ELM STREET,07042,MONTCLAIR,N,C,NA,C,NA
10 EMERSON PLACE,07043,MONTCLAIR,N,C,NA,C,NA
10 EUCLID PLACE,07042,MONTCLAIR,N,C,NA,C,NA
10 ELMWOOD AVENUE,07042,MONTCLAIR,N,C,NA,C,NA
10 ELSTON ROAD,07043,MONTCLAIR,Y,C,NA,L,NA
10 ENFIELD AVENUE,07042,MONTCLAIR,Y,C,NA,UX,NA
10 ERWIN PARK,07042,MONTCLAIR,Y,C,NA,G,NA
10 FAIRMOUNT AVENUE,07043,MONTCLAIR,N,C,NA,C,NA
10 FAIRVIEW PLACE,07043,MONTCLAIR,N,C,NA,C,NA
10 FERNWOOD PLACE,07043,MONTCLAIR,N,C,NA,C,NA
10 FRANKLIN PLACE,07042,MONTCLAIR,N,C,NA,C,NA
10 FRIENDSHIP PLACE,07042,MONTCLAIR,N,C,NA,C,NA
10 FRINK STREET,07042,MONTCLAIR,N,C,NA,C,NA
10 FRANCIS PLACE,07042,MONTCLAIR,Y,C,NA,UX,NA
10 GARDEN STREET,07042,MONTCLAIR,N,C,NA,C,NA
10 GARDINER PLACE,07042,MONTCLAIR,N,C,NA,C,NA
10 GARFIELD PLACE,07043,MONTCLAIR,N,C,NA,C,NA
10 GEORGE STREET,07042,MONTCLAIR,N,C,NA,C,NA
10 GLENRIDGE PKWY,07042,MONTCLAIR,N,C,NA,C,NA
10 GLENWOOD ROAD,07043,MONTCLAIR,N,C,NA,C,NA
10 GODFREY ROAD,07043,MONTCLAIR,N,C,NA,C,NA
10 GREENVIEW WAY,07043,MONTCLAIR,N,C,NA,C,NA
10 GRENADA PLACE,07042,MONTCLAIR,N,C,NA,C,NA
10 GROVE TERRACE,07042,MONTCLAIR,N,C,NA,C,NA
10 GLENRIDGE PARKWAY,07042,MONTCLAIR,N,C,NA,C,NA
10 GRAHAM TERRACE,07042,MONTCLAIR,N,C,NA,C,NA
10 GRAY STREET,07042,MONTCLAIR,N,C,NA,C,NA
10 HAMILTON TERRACE,07043,MONTCLAIR,N,C,NA,C,NA
10 HARRISON AVENUE,07042,MONTCLAIR,N,C,NA,C,NA
10 HARTLEY STREET,07042,MONTCLAIR,N,C,NA,C,NA
10 HAWTHORNE PLACE,07042,MONTCLAIR,N,C,NA,C,NA
10 HELLER DRIVE,07043,MONTCLAIR,N,C,NA,C,NA
10 HIGH TERRACE,07042,MONTCLAIR,N,C,NA,C,NA
10 HIGHLAND AVENUE,07043,MONTCLAIR,N,C,NA,C,NA
10 HILLTOP PLACE,07042,MONTCLAIR,N,C,NA,C,NA
10 HITCHCOCK PLACE,07042,MONTCLAIR,N,C,NA,C,NA
10 HOLLAND TERRACE,07042,MONTCLAIR,N,C,NA,C,NA
10 HOLLYWOOD AVENUE,07042,MONTCLAIR,N,C,NA,C,NA
10 HOMEWOOD WAY,07042,MONTCLAIR,N,C,NA,C,NA
10 HOWE AVENUE,07042,MONTCLAIR,N,C,NA,C,NA
10 INWOOD TERRACE,07043,MONTCLAIR,N,C,NA,C,NA
10 JAMES STREET,07042,MONTCLAIR,N,C,NA,C,NA
10 JEFFERSON PLACE,07042,MONTCLAIR,N,C,NA,C,NA
10 JEFFERSON PLACE,07042,MONTCLAIR,N,C,NA,C,NA
10 JEFFERSON PLACE 1ST,07042,MONTCLAIR,N,C,NA,C,NA
10 KENNETH ROAD,07043,MONTCLAIR,N,C,NA,C,NA
10 KIPS RIDGE,07044,MONTCLAIR,N,C,NA,C,NA
10 LANSING PLACE,07043,MONTCLAIR,N,C,NA,C,NA
10 LEXINGTON AVENUE,07042,MONTCLAIR,N,C,NA,C,NA
10 LINDEN AVENUE 1ST,07042,MONTCLAIR,N,C,NA,C,NA
10 LINDEN AVENUE 2ND,07042,MONTCLAIR,N,C,NA,C,NA
10 MACOPIN AVENUE,07043,MONTCLAIR,N,C,NA,C,NA
10 MARSTON PLACE,07042,MONTCLAIR,N,C,NA,C,NA
10 MILLER STREET,07042,MONTCLAIR,N,C,NA,C,NA
10 MISSION STREET,07042,MONTCLAIR,N,C,NA,C,NA
10 MORNINGSIDE AVENUE,07043,MONTCLAIR,N,C,NA,C,NA
10 MOUNT VERNON ROAD,07043,MONTCLAIR,N,C,NA,C,NA
10 MOUNTAIN PLACE,07043,MONTCLAIR,N,C,NA,C,NA
10 MOUNTAIN TERRACE,07043,MONTCLAIR,N,C,NA,C,NA
10 MOUNTAINVIEW PLACE,07042,MONTCLAIR,N,C,NA,C,NA
10 MOUNTNSIDE PARK TERRACE,07043,MONTCLAIR,N,C,NA,C,NA
10 MULFORD LANE,07042,MONTCLAIR,N,C,NA,C,NA
10 MAPLE AVENUE 1ST,07042,MONTCLAIR,N,C,NA,C,NA
10 MAPLE AVENUE 2ND,07042,MONTCLAIR,Y,C,NA,G,NA
10 MARION ROAD,07043,MONTCLAIR,N,C,NA,C,NA
10 MELROSE PLACE,07042,MONTCLAIR,N,C,NA,C,NA
10 N MOUNTAIN AVENUE,07042,MONTCLAIR,N,C,NA,C,NA
10 N WILLOW STREET,07042,MONTCLAIR,N,C,NA,C,NA
10 NISHUANE ROAD,07042,MONTCLAIR,N,C,NA,C,NA
10 NORMAL AVENUE,07043,MONTCLAIR,N,C,NA,C,NA
10 NORMAN ROAD,07043,MONTCLAIR,N,C,NA,C,NA
10 NOTTING HILL WAY,07042,MONTCLAIR,N,C,NA,C,NA
10 NASSAU ROAD,07043,MONTCLAIR,N,C,NA,C,NA
10 OAKCROFT AVENUE,07043,MONTCLAIR,N,C,NA,C,NA
10 ORANGE ROAD,07042,MONTCLAIR,N,C,NA,C,NA
10 ORCHARD COURT,07042,MONTCLAIR,N,C,NA,C,NA
10 OVERLOOK PARK,07043,MONTCLAIR,N,C,NA,C,NA
10 OXFORD STREET 1ST,07042,MONTCLAIR,N,C,NA,C,NA
10 OXFORD STREET 2ND,07042,MONTCLAIR,N,C,NA,C,NA
10 PINE STREET #1,07042,MONTCLAIR,N,C,NA,C,NA
10 PLEASANT AVENUE,07042,MONTCLAIR,N,C,NA,C,NA
10 POTTER COURT,07043,MONTCLAIR,N,C,NA,C,NA
10 PRESCOTT AVENUE,07042,MONTCLAIR,N,C,NA,C,NA
10 PROSPECT AVENUE,07042,MONTCLAIR,N,C,NA,C,NA
10 PROSPECT TERRACE,07042,MONTCLAIR,N,C,NA,C,NA
10 PIERPONT DRIVE,07042,MONTCLAIR,N,C,NA,C,NA
10 PRINCETON PLACE,07043,MONTCLAIR,N,C,NA,C,NA
10 RIVERVIEW DRIVE W,07043,MONTCLAIR,N,C,NA,C,NA
10 ROOSEVELT PLACE,07042,MONTCLAIR,N,C,NA,C,NA
10 ROCKLEDGE ROAD,07042,MONTCLAIR,N,C,NA,O,Iron
10 S BROOKWOOD DRIVE,07042,MONTCLAIR,N,C,NA,C,NA
10 SKYTOP TERRACE,07043,MONTCLAIR,N,C,NA,C,NA
10 SOUTHERN TERRACE,07042,MONTCLAIR,N,C,NA,C,NA
10 STONEHENGE ROAD,07043,MONTCLAIR,N,C,NA,C,NA
10 SEARS PLACE,07042,MONTCLAIR,N,C,NA,C,NA
10 STANFORD PLACE,07042,MONTCLAIR,N,C,NA,C,NA
10 SUTHERLAND ROAD,07042,MONTCLAIR,N,C,NA,C,NA
10 TENNIS PLACE,07042,MONTCLAIR,N,C,NA,C,NA
10 THE FAIRWAY,07043,MONTCLAIR,N,C,NA,C,NA
10 TICHENOR PLACE 1ST,07042,MONTCLAIR,N,C,NA,C,NA
10 TICHENOR PLACE-2ND,07042,MONTCLAIR,N,C,NA,C,NA
10 TUERS PLACE,07043,MONTCLAIR,N,C,NA,C,NA
10 UNION STREET,07042,MONTCLAIR,N,C,NA,C,NA
10 VALLEY PLACE,07043,MONTCLAIR,N,C,NA,C,NA
10 VAN BREEMEN COURT,07043,MONTCLAIR,N,C,NA,C,NA
10 VICTORIA TERRACE,07043,MONTCLAIR,N,C,NA,C,NA
10 VINCENT PLACE,07042,MONTCLAIR,N,C,NA,C,NA
10 VAN VLECK STREET,07042,MONTCLAIR,Y,C,NA,O,Iron
10 VERA PLACE,07042,MONTCLAIR,N,C,NA,C,NA
10 WALNUT PARKWAY 2ND,07042,MONTCLAIR,N,C,NA,C,NA
10 WALNUT PARKWAY-1ST,07042,MONTCLAIR,N,C,NA,C,NA
10 WARREN PLACE,07042,MONTCLAIR,N,C,NA,C,NA
10 WATERBURY ROAD,07043,MONTCLAIR,N,C,NA,C,NA
10 WHEELER STREET,07042,MONTCLAIR,N,C,NA,C,NA
10 WILDE PLACE,07042,MONTCLAIR,N,C,NA,C,NA
10 WILFRED STREET,07042,MONTCLAIR,N,C,NA,C,NA
10 WILLARD PLACE,07042,MONTCLAIR,N,C,NA,C,NA
10 WILLOWDALE AVENUE,07042,MONTCLAIR,N,C,NA,C,NA
10 WILLOWMERE AVENUE,07042,MONTCLAIR,N,C,NA,C,NA
10 WOODMONT ROAD,07043,MONTCLAIR,N,C,NA,C,NA
10 WARD PLACE,07042,MONTCLAIR,N,C,NA,O,IRON
10 WARFIELD STREET,07043,MONTCLAIR,N,C,NA,C,NA
10 WARMAN STREET 1ST,07042,MONTCLAIR,Y,C,NA,L,NA
10 WARMAN STREET 2ND,07042,MONTCLAIR,Y,C,NA,L,NA
10 WATCHUNG AVENUE,07043,MONTCLAIR,N,C,NA,C,NA
10 WENDOVER ROAD,07042,MONTCLAIR,N,C,NA,C,NA
10 WILLIAM STREET,07042,MONTCLAIR,N,C,NA,C,NA
10 WILLOWDALE COURT,07042,MONTCLAIR,N,C,NA,C,NA
10 WINDSOR PLACE,07043,MONTCLAIR,N,C,NA,C,NA
10 YALE TERRACE,07042,MONTCLAIR,N,C,NA,C,NA
100 ALEXANDER AVENUE,07043,MONTCLAIR,N,C,NA,C,NA
100 BELLEVUE AVENUE,07043,MONTCLAIR,N,C,NA,C,NA
100 BUCKINGHAM ROAD,07043,MONTCLAIR,N,C,NA,C,NA
100 BLOOMFIELD AVENUE,07042,MONTCLAIR,N,C,NA,C,NA
100 CHESTNUT STREET,07042,MONTCLAIR,N,C,NA,C,NA
100 CLAREWILL AVENUE,07043,MONTCLAIR,N,C,NA,C,NA
100 ELM STREET,07042,MONTCLAIR,N,C,NA,C,NA
100 FOREST STREET,07042,MONTCLAIR,N,C,NA,C,NA
100 GATES AVENUE,07042,MONTCLAIR,N,C,NA,C,NA
100 GORDONHURST AVENUE,07043,MONTCLAIR,N,C,NA,C,NA
100 HIGHLAND AVENUE,07043,MONTCLAIR,N,C,NA,C,NA
100 HIGH STREET,07042,MONTCLAIR,N,C,NA,C,NA
100 INWOOD AVENUE,07043,MONTCLAIR,N,C,NA,C,NA
100 LINCOLN STREET,07042,MONTCLAIR,N,C,NA,C,NA
100 LLEWELLYN ROAD,07042,MONTCLAIR,N,C,NA,C,NA
100 MONTCLAIR AVENUE,07043,MONTCLAIR,N,C,NA,C,NA
100 MOUNT HEBRON ROAD,07043,MONTCLAIR,N,C,NA,C,NA
100 MIDLAND AVENUE,07042,MONTCLAIR,Y,C,NA,L,NA
100 OVERLOOK ROAD,07043,MONTCLAIR,Y,C,NA,UX,NA
100 PARK STREET,07043,MONTCLAIR,N,C,NA,C,NA
100 S MOUNTAIN AVENUE,07042,MONTCLAIR,N,C,NA,C,NA
100 SUMMIT AVENUE,07043,MONTCLAIR,N,C,NA,C,NA
100 UPPER MOUNTAIN AVENUE,07042,MONTCLAIR,Y,C,NA,O,BRASS
100 VALLEY ROAD,07043,MONTCLAIR,N,C,NA,C,NA
100 WARREN PLACE,07042,MONTCLAIR,N,C,NA,C,NA
100 WILLOWDALE AVENUE,07042,MONTCLAIR,N,C,NA,C,NA
100 WILDWOOD AVENUE,07043,MONTCLAIR,N,C,NA,C,NA
100-6 WATCHUNG AVENUE,07043,MONTCLAIR,N,C,NA,C,NA
101 BEVERLY ROAD,07043,MONTCLAIR,N,C,NA,C,NA
101 BELLEVUE AVENUE,07043,MONTCLAIR,Y,C,NA,G,NA
101 BUCKINGHAM ROAD,07043,MONTCLAIR,N,C,NA,C,NA
101 CLAREWILL AVENUE,07043,MONTCLAIR,N,C,NA,C,NA
101 COOPER AVENUE,07043,MONTCLAIR,N,C,NA,C,NA
101 CLINTON AVENUE,07042,MONTCLAIR,N,C,NA,C,NA
101 ELM STREET,07042,MONTCLAIR,N,C,NA,C,NA
101 ESSEX AVENUE,07042,MONTCLAIR,N,C,NA,C,NA
101 GATES AVENUE,07042,MONTCLAIR,N,C,NA,C,NA
101 GREENWOOD AVENUE,07042,MONTCLAIR,N,C,NA,C,NA
101 GLENRIDGE AVENUE,07042,MONTCLAIR,Y,C,NA,UX,NA
101 GORDONHURST AVENUE,07043,MONTCLAIR,N,C,NA,C,NA
101 HADDON PLACE,07043,MONTCLAIR,N,C,NA,C,NA
101 INWOOD AVENUE,07043,MONTCLAIR,N,C,NA,C,NA
101 LINCOLN STREET,07042,MONTCLAIR,N,C,NA,C,NA
101 LORRAINE AVENUE,07043,MONTCLAIR,N,C,NA,C,NA
101 MOUNT HEBRON ROAD 1ST,07043,MONTCLAIR,N,C,NA,C,NA
101 MOUNT HEBRON ROAD 2ND,07043,MONTCLAIR,N,C,NA,C,NA
101 N FULLERTON AVENUE,07042,MONTCLAIR,N,C,NA,C,NA
101 OVERLOOK ROAD,07043,MONTCLAIR,N,C,NA,C,NA
101 PARK STREET,07043,MONTCLAIR,N,C,NA,C,NA
101 PLEASANT AVENUE,07042,MONTCLAIR,N,C,NA,C,NA
101 S MOUNTAIN AVENUE,07042,MONTCLAIR,N,C,NA,C,NA
101 STONEBRIDGE ROAD,07042,MONTCLAIR,N,C,NA,C,NA
101 SUMMIT AVENUE,07043,MONTCLAIR,N,C,NA,C,NA
101 UNDERCLIFF ROAD,07042,MONTCLAIR,Y,C,NA,G,NA
101 WILDWOOD AVENUE,07043,MONTCLAIR,N,C,NA,C,NA
101 WILLOWDALE AVENUE,07042,MONTCLAIR,N,C,NA,C,NA
101 YANTACAW BROOK ROAD,07043,MONTCLAIR,N,C,NA,C,NA
101-103 WALNUT STREET,07042,MONTCLAIR,N,C,NA,C,NA
101-A GROVE STREET,07043,MONTCLAIR,N,C,NA,C,NA
102 BUCKINGHAM ROAD,07043,MONTCLAIR,N,C,NA,C,NA
102 BELLEVUE AVENUE,07043,MONTCLAIR,N,C,NA,C,NA
102 CLAREWILL AVENUE,07043,MONTCLAIR,N,C,NA,C,NA
102 CLINTON AVENUE,07042,MONTCLAIR,N,C,NA,C,NA
102 COOPER AVENUE,07043,MONTCLAIR,N,C,NA,C,NA
102 ESSEX AVENUE,07042,MONTCLAIR,Y,C,NA,O,Brass
102 GATES AVENUE,07042,MONTCLAIR,N,C,NA,C,NA
102 GORDONHURST AVENUE,07043,MONTCLAIR,N,C,NA,C,NA
102 HARRISON AVENUE,07042,MONTCLAIR,N,C,NA,C,NA
102 HIGH STREET,07042,MONTCLAIR,N,C,NA,C,NA
102 HIGHLAND AVENUE,07043,MONTCLAIR,N,C,NA,C,NA
102 HADDON PLACE,07043,MONTCLAIR,N,C,NA,C,NA
102 INWOOD AVENUE,07043,MONTCLAIR,N,C,NA,C,NA
102 LINCOLN STREET,07042,MONTCLAIR,N,C,NA,C,NA
102 LLOYD ROAD,07042,MONTCLAIR,N,C,NA,C,NA
102 LORRAINE AVENUE,07043,MONTCLAIR,N,C,NA,C,NA
102 MIDLAND AVENUE,07042,MONTCLAIR,N,C,NA,C,NA
102 MOUNT HEBRON ROAD,07043,MONTCLAIR,N,C,NA,C,NA
102 N MOUNTAIN AVENUE,07042,MONTCLAIR,N,C,NA,C,NA
102 PARK STREET,07043,MONTCLAIR,N,C,NA,C,NA
102 PINE STREET,07042,MONTCLAIR,N,C,NA,C,NA
102 S FULLERTON AVENUE,07042,MONTCLAIR,Y,C,NA,G,NA
102 SQUIRE HILL ROAD,07043,MONTCLAIR,N,C,NA,C,NA
102 STONEBRIDGE ROAD,07042,MONTCLAIR,N,C,NA,C,NA
102 SUMMIT AVENUE,07043,MONTCLAIR,N,C,NA,C,NA
102 UPPER MOUNTAIN AVENUE,07042,MONTCLAIR,N,C,NA,C,NA
102 WILDWOOD AVENUE,07043,MONTCLAIR,N,C,NA,C,NA
102 YANTACAW BROOK ROAD,07043,MONTCLAIR,N,C,NA,C,NA
102-104 WALNUT STREET,07042,MONTCLAIR,N,C,NA,C,NA
103 BELLEVUE AVENUE,07043,MONTCLAIR,N,C,NA,C,NA
103 BEVERLY ROAD,07043,MONTCLAIR,N,C,NA,C,NA
103 BUCKINGHAM ROAD,07043,MONTCLAIR,N,C,NA,C,NA
103 CLAREMONT AVENUE,07042,MONTCLAIR,N,C,NA,C,NA
103 CHESTNUT STREET,07042,MONTCLAIR,N,C,NA,C,NA
103 ESSEX AVENUE,07042,MONTCLAIR,Y,C,NA,G,NA
103 FOREST STREET,07042,MONTCLAIR,N,C,NA,C,NA
103 GORDONHURST AVENUE,07043,MONTCLAIR,N,C,NA,C,NA
103 GLENRIDGE AVENUE,07042,MONTCLAIR,N,C,NA,C,NA
103 HADDON PLACE,07043,MONTCLAIR,N,C,NA,C,NA
103 LORRAINE AVENUE,07043,MONTCLAIR,N,C,NA,C,NA
103 LINCOLN STREET,07042,MONTCLAIR,Y,C,NA,UX,NA
103 MAPLE AVENUE,07042,MONTCLAIR,N,C,NA,C,NA
103 MIDLAND AVENUE,07042,MONTCLAIR,N,C,NA,C,NA
103 ORANGE ROAD,07042,MONTCLAIR,N,C,NA,C,NA
103 OVERLOOK ROAD,07043,MONTCLAIR,N,C,NA,C,NA
103 PARK STREET,07043,MONTCLAIR,N,C,NA,C,NA
103 PINE STREET,07042,MONTCLAIR,N,C,NA,C,NA
103 SQUIRE HILL ROAD,07043,MONTCLAIR,N,C,NA,C,NA
103 SUMMIT AVENUE,07043,MONTCLAIR,N,C,NA,C,NA
103 UNDERCLIFF ROAD,07042,MONTCLAIR,N,C,NA,C,NA
103 WILDWOOD AVENUE,07043,MONTCLAIR,N,C,NA,C,NA
104 ALEXANDER AVENUE,07043,MONTCLAIR,N,C,NA,C,NA
104 BLOOMFIELD AVENUE,07042,MONTCLAIR,N,C,NA,C,NA
104 BUCKINGHAM ROAD,07043,MONTCLAIR,N,C,NA,C,NA
104 CLINTON AVENUE,07042,MONTCLAIR,N,C,NA,C,NA
104 ELM STREET,07042,MONTCLAIR,N,C,NA,C,NA
104 ESSEX AVENUE,07042,MONTCLAIR,N,C,NA,C,NA
104 GATES AVENUE,07042,MONTCLAIR,N,C,NA,C,NA
104 GORDONHURST AVENUE,07043,MONTCLAIR,N,C,NA,C,NA
104 HARRISON AVENUE,07042,MONTCLAIR,N,C,NA,C,NA
104 HIGH STREET,07042,MONTCLAIR,N,C,NA,C,NA
104 HADDON PLACE,07043,MONTCLAIR,Y,C,NA,L,NA
104 INWOOD AVENUE,07043,MONTCLAIR,N,C,NA,C,NA
104 LINCOLN STREET,07042,MONTCLAIR,N,C,NA,C,NA
104 LLEWELLYN ROAD,07042,MONTCLAIR,N,C,NA,C,NA
104 MIDLAND AVENUE,07042,MONTCLAIR,N,C,NA,C,NA
104 MONTCLAIR AVENUE,07043,MONTCLAIR,N,C,NA,C,NA
104 PARK STREET,07043,MONTCLAIR,N,C,NA,C,NA
104 PINE STREET,07042,MONTCLAIR,N,C,NA,C,NA
104 S FULLERTON AVENUE,07042,MONTCLAIR,N,C,NA,C,NA
104 SQUIRE HILL ROAD,07043,MONTCLAIR,N,C,NA,C,NA
104 SUMMIT AVENUE,07043,MONTCLAIR,N,C,NA,C,NA
104 VALLEY ROAD,07043,MONTCLAIR,N,C,NA,C,NA
104 WILDWOOD AVENUE,07043,MONTCLAIR,N,C,NA,C,NA
105 ALEXANDER AVENUE,07043,MONTCLAIR,N,C,NA,C,NA
105 BELLEVUE AVENUE,07043,MONTCLAIR,N,C,NA,C,NA
105 BUCKINGHAM ROAD,07043,MONTCLAIR,N,C,NA,C,NA
105 CLAREWILL AVENUE,07043,MONTCLAIR,N,C,NA,C,NA
105 CHESTNUT STREET,07042,MONTCLAIR,Y,C,NA,UX,NA
105 CLINTON AVENUE,07042,MONTCLAIR,Y,C,NA,G,NA
105 EAGLE ROCK WAY,07042,MONTCLAIR,N,C,NA,C,NA
105 ESSEX AVENUE,07042,MONTCLAIR,N,C,NA,C,NA
105 EDGEMONT ROAD,07042,MONTCLAIR,N,C,NA,C,NA
105 GLENRIDGE AVENUE,07042,MONTCLAIR,N,C,NA,C,NA
105 GROVE STREET,07043,MONTCLAIR,N,C,NA,C,NA
105 INWOOD AVENUE,07043,MONTCLAIR,N,C,NA,C,NA
105 LINCOLN STREET,07042,MONTCLAIR,N,C,NA,C,NA
105 LLEWELLYN ROAD,07042,MONTCLAIR,N,C,NA,C,NA
105 MAPLE AVENUE,07042,MONTCLAIR,N,C,NA,C,NA
105 MONTCLAIR AVENUE,07043,MONTCLAIR,N,C,NA,C,NA
105 MIDLAND AVENUE,07042,MONTCLAIR,N,C,NA,C,NA
105 N FULLERTON AVENUE,07042,MONTCLAIR,N,C,NA,C,NA
105 N MOUNTAIN AVENUE,07042,MONTCLAIR,N,C,NA,C,NA
105 ORANGE ROAD,07042,MONTCLAIR,N,C,NA,C,NA
105 PARK STREET,07043,MONTCLAIR,N,C,NA,C,NA
105 PINE STREET,07042,MONTCLAIR,N,C,NA,C,NA
105 SQUIRE HILL ROAD,07043,MONTCLAIR,N,C,NA,C,NA
105 STONEBRIDGE ROAD,07042,MONTCLAIR,N,C,NA,C,NA
105 SUMMIT AVENUE,07043,MONTCLAIR,N,C,NA,C,NA
105 UNION STREET,07042,MONTCLAIR,N,C,NA,C,NA
105 UPPER MOUNTAIN AVENUE,07042,MONTCLAIR,N,C,NA,C,NA
105 WILDWOOD AVENUE,07043,MONTCLAIR,N,C,NA,C,NA
105 WILLOWDALE AVENUE,07042,MONTCLAIR,N,C,NA,C,NA
105 YANTACAW BROOK ROAD,07043,MONTCLAIR,N,C,NA,C,NA
106 BUCKINGHAM ROAD,07043,MONTCLAIR,N,C,NA,C,NA
106 CLAREMONT AVENUE,07042,MONTCLAIR,N,C,NA,C,NA
106 COOPER AVENUE,07043,MONTCLAIR,N,C,NA,C,NA
106 CHRISTOPHER STREET,07043,MONTCLAIR,N,C,NA,C,NA
106 EDGEMONT ROAD,07042,MONTCLAIR,N,C,NA,C,NA
106 ESSEX AVENUE,07042,MONTCLAIR,N,C,NA,C,NA
106 FOREST STREET,07042,MONTCLAIR,N,C,NA,C,NA
106 GROVE STREET,07043,MONTCLAIR,N,C,NA,C,NA
106 GATES AVENUE,07042,MONTCLAIR,Y,C,NA,UX,NA
106 HADDON PLACE,07043,MONTCLAIR,N,C,NA,C,NA
106 HARRISON AVENUE,07042,MONTCLAIR,N,C,NA,C,NA
106 HELLER WAY,07043,MONTCLAIR,N,C,NA,C,NA
106 HIGH STREET,07042,MONTCLAIR,N,C,NA,C,NA
106 HIGHLAND AVENUE,07043,MONTCLAIR,N,C,NA,C,NA
106 INWOOD AVENUE,07043,MONTCLAIR,N,C,NA,C,NA
106 LORRAINE AVENUE,07043,MONTCLAIR,N,C,NA,C,NA
106 MIDLAND AVENUE,07042,MONTCLAIR,N,C,NA,C,NA
106 MONTCLAIR AVENUE,07043,MONTCLAIR,N,C,NA,C,NA
106 N FULLERTON AVENUE,07042,MONTCLAIR,N,C,NA,C,NA
106 N MOUNTAIN AVENUE,07042,MONTCLAIR,N,C,NA,C,NA
106 PARK STREET,07043,MONTCLAIR,N,C,NA,C,NA
106 PINE STREET,07042,MONTCLAIR,Y,C,NA,UX,NA
106 S FULLERTON AVENUE,07042,MONTCLAIR,N,C,NA,C,NA
106 SQUIRE HILL ROAD,07043,MONTCLAIR,N,C,NA,C,NA
106 SUMMIT AVENUE,07043,MONTCLAIR,N,C,NA,C,NA
106 WALNUT STREET,07042,MONTCLAIR,N,C,NA,C,NA
106 WILDWOOD AVENUE,07043,MONTCLAIR,N,C,NA,C,NA
106 YANTACAW BROOK ROAD,07043,MONTCLAIR,N,C,NA,C,NA
107 BELLEVUE AVENUE,07043,MONTCLAIR,N,C,NA,C,NA
107 BUCKINGHAM ROAD,07043,MONTCLAIR,N,C,NA,C,NA
107 CLAREMONT AVENUE,07042,MONTCLAIR,N,C,NA,C,NA
107 CLINTON AVENUE,07042,MONTCLAIR,N,C,NA,C,NA
107 CHESTNUT STREET,07042,MONTCLAIR,N,C,NA,C,NA
107 CHRISTOPHER STREET,07043,MONTCLAIR,N,C,NA,C,NA
107 ELM STREET,07042,MONTCLAIR,N,C,NA,C,NA
107 ESSEX AVENUE,07042,MONTCLAIR,Y,C,NA,G,NA
107 FOREST STREET,07042,MONTCLAIR,N,C,NA,C,NA
107 GORDONHURST AVENUE,07043,MONTCLAIR,N,C,NA,C,NA
107 GROVE STREET,07043,MONTCLAIR,N,C,NA,C,NA
107 HELLER WAY,07043,MONTCLAIR,N,C,NA,C,NA
107 INWOOD AVENUE,07043,MONTCLAIR,N,C,NA,C,NA
107 LINCOLN STREET,07042,MONTCLAIR,N,C,NA,C,NA
107 MAPLE AVENUE,07042,MONTCLAIR,N,C,NA,C,NA
107 MIDLAND AVENUE,07042,MONTCLAIR,N,C,NA,C,NA
107 MONTCLAIR AVENUE,07043,MONTCLAIR,N,C,NA,C,NA
107 N FULLERTON AVENUE,07042,MONTCLAIR,N,C,NA,C,NA
107 PARK STREET,07043,MONTCLAIR,N,C,NA,C,NA
107 PINE STREET,07042,MONTCLAIR,N,C,NA,C,NA
107 PINE STREET 2ND,07042,MONTCLAIR,N,C,NA,C,NA
107 S FULLERTON AVENUE,07042,MONTCLAIR,N,C,NA,C,NA
107 S MOUNTAIN AVENUE,07042,MONTCLAIR,N,C,NA,C,NA
107 SUMMIT AVENUE,07043,MONTCLAIR,N,C,NA,C,NA
107 UPPER MOUNTAIN AVENUE,07042,MONTCLAIR,Y,C,NA,UX,NA
107 WILDWOOD AVENUE,07043,MONTCLAIR,N,C,NA,C,NA
107 WILLOWDALE AVENUE,07042,MONTCLAIR,N,C,NA,C,NA
107 YANTACAW BROOK ROAD,07043,MONTCLAIR,N,C,NA,C,NA
108 ALEXANDER AVENUE,07043,MONTCLAIR,N,C,NA,C,NA
108 BELLEVUE AVENUE,07043,MONTCLAIR,N,C,NA,C,NA
108 BLOOMFIELD AVENUE,07042,MONTCLAIR,N,C,NA,C,NA
108 BUCKINGHAM ROAD,07043,MONTCLAIR,N,C,NA,C,NA
108 CLAREMONT AVENUE,07042,MONTCLAIR,N,C,NA,C,NA
108 CLAREWILL AVENUE,07043,MONTCLAIR,N,C,NA,C,NA
108 EAGLE ROCK WAY,07042,MONTCLAIR,N,C,NA,C,NA
108 ELM STREET,07042,MONTCLAIR,N,C,NA,C,NA
108 ESSEX AVENUE,07042,MONTCLAIR,N,C,NA,C,NA
108 FOREST STREET,07042,MONTCLAIR,N,C,NA,C,NA
108 HARRISON AVENUE,07042,MONTCLAIR,N,C,NA,C,NA
108 HIGH STREET,07042,MONTCLAIR,N,C,NA,C,NA
108 INWOOD AVENUE,07043,MONTCLAIR,N,C,NA,C,NA
108 LLEWELLYN ROAD,07042,MONTCLAIR,N,C,NA,C,NA
108 MIDLAND AVENUE,07042,MONTCLAIR,N,C,NA,C,NA
108 MONTCLAIR AVENUE,07043,MONTCLAIR,N,C,NA,C,NA
108 N MOUNTAIN AVENUE,07042,MONTCLAIR,N,C,NA,C,NA
108 ORANGE ROAD,07042,MONTCLAIR,N,C,NA,C,NA
108 PARK STREET,07043,MONTCLAIR,N,C,NA,C,NA
108 PINE STREET,07042,MONTCLAIR,N,C,NA,C,NA
108 SQUIRE HILL ROAD,07043,MONTCLAIR,N,C,NA,C,NA
108 SUMMIT AVENUE,07043,MONTCLAIR,N,C,NA,C,NA
108 WILLOWDALE AVENUE,07042,MONTCLAIR,N,C,NA,C,NA
108 WILDWOOD AVENUE,07043,MONTCLAIR,Y,C,NA,G,NA
108 YANTACAW BROOK ROAD,07043,MONTCLAIR,N,C,NA,C,NA
109 ALEXANDER AVENUE,07043,MONTCLAIR,N,C,NA,C,NA
109 BUCKINGHAM ROAD,07043,MONTCLAIR,N,C,NA,C,NA
109 CHRISTOPHER STREET,07043,MONTCLAIR,N,C,NA,C,NA
109 CLAREWILL AVENUE,07043,MONTCLAIR,N,C,NA,C,NA
109 COOPER AVENUE,07043,MONTCLAIR,N,C,NA,C,NA
109 EDGEMONT ROAD,07042,MONTCLAIR,N,C,NA,C,NA
109 ELM STREET,07042,MONTCLAIR,N,C,NA,C,NA
109 GORDONHURST AVENUE,07043,MONTCLAIR,N,C,NA,C,NA
109 HADDON PLACE,07043,MONTCLAIR,N,C,NA,C,NA
109 HIGH STREET,07042,MONTCLAIR,N,C,NA,C,NA
109 INWOOD AVENUE,07043,MONTCLAIR,Y,C,NA,G,NA
109 LINCOLN STREET,07042,MONTCLAIR,N,C,NA,C,NA
109 LLEWELLYN ROAD,07042,MONTCLAIR,N,C,NA,C,NA
109 LORRAINE AVENUE,07043,MONTCLAIR,Y,C,NA,O,BRASS
109 MAPLE AVENUE,07042,MONTCLAIR,N,C,NA,C,NA
109 MIDLAND AVENUE,07042,MONTCLAIR,N,C,NA,C,NA
109 MONTCLAIR AVENUE,07043,MONTCLAIR,N,C,NA,C,NA
109 N FULLERTON AVENUE 1ST,07042,MONTCLAIR,N,C,NA,C,NA
109 N FULLERTON AVENUE 2ND,07042,MONTCLAIR,N,C,NA,C,NA
109 N MOUNTAIN AVENUE,07042,MONTCLAIR,N,C,NA,C,NA
109 ORANGE ROAD,07042,MONTCLAIR,N,C,NA,C,NA
109 SQUIRE HILL ROAD,07043,MONTCLAIR,N,C,NA,C,NA
109 SUMMIT AVENUE,07043,MONTCLAIR,N,C,NA,C,NA
109 UNION STREET,07042,MONTCLAIR,Y,C,NA,UX,NA
109 VALLEY ROAD,07043,MONTCLAIR,N,C,NA,C,NA
109 WATCHUNG AVENUE,07043,MONTCLAIR,N,C,NA,C,NA
109 WESTVIEW ROAD,07043,MONTCLAIR,N,C,NA,C,NA
109 WILDWOOD AVENUE,07043,MONTCLAIR,N,C,NA,C,NA
109 WILLOWDALE AVENUE,07042,MONTCLAIR,N,C,NA,C,NA
109 YANTACAW BROOK ROAD,07043,MONTCLAIR,N,C,NA,C,NA
11 ALEXANDER AVENUE,07043,MONTCLAIR,N,C,NA,C,NA
11 ARGYLE ROAD,07043,MONTCLAIR,N,C,NA,C,NA
11 ALDEN ROAD,07042,MONTCLAIR,Y,C,NA,G,NA
11 AMELIA STREET,07042,MONTCLAIR,N,C,NA,C,NA
11 BELLAIRE DRIVE,07042,MONTCLAIR,N,C,NA,C,NA
11 BELLEGROVE DRIVE,07043,MONTCLAIR,N,C,NA,C,NA
11 BRADFORD AVENUE,07043,MONTCLAIR,N,C,NA,C,NA
11 BRIAR HILL ROAD,07042,MONTCLAIR,N,C,NA,C,NA
11 BRUCE ROAD,07043,MONTCLAIR,N,C,NA,C,NA
11 BURNSIDE STREET,07043,MONTCLAIR,N,C,NA,C,NA
11 CARLISLE ROAD,07043,MONTCLAIR,N,C,NA,C,NA
11 CARLTON DRIVE,07043,MONTCLAIR,N,C,NA,C,NA
11 CARRIAGE WAY,07042,MONTCLAIR,N,C,NA,C,NA
11 CARTERET STREET,07043,MONTCLAIR,N,C,NA,C,NA
11 CENTRAL AVENUE 1ST,07042,MONTCLAIR,N,C,NA,C,NA
11 CENTRAL AVENUE 2ND,07042,MONTCLAIR,N,C,NA,C,NA
11 CHARLES STREET,07042,MONTCLAIR,N,C,NA,C,NA
11 CLAIRIDGE COURT,07042,MONTCLAIR,N,C,NA,C,NA
11 CLOVERHILL PLACE,07042,MONTCLAIR,N,C,NA,C,NA
11 CAREY COURT,07042,MONTCLAIR,N,C,NA,C,NA
11 CAROLIN ROAD,07043,MONTCLAIR,N,C,NA,C,NA
11 CHAMPLAIN TERRACE,07042,MONTCLAIR,N,C,NA,C,NA
11 CHESTER ROAD,07043,MONTCLAIR,N,C,NA,C,NA
11 CLAREMONT AVENUE,07042,MONTCLAIR,N,C,NA,C,NA
11 COLUMBUS AVENUE,07042,MONTCLAIR,Y,C,NA,O,BRASS
11 DURYEA ROAD,07043,MONTCLAIR,N,C,NA,C,NA
11 ELM STREET,07042,MONTCLAIR,N,C,NA,C,NA
11 EUCLID PLACE,07042,MONTCLAIR,N,C,NA,C,NA
11 ELSTON ROAD,07043,MONTCLAIR,N,C,NA,C,NA
11 FAIRFIELD STREET,07042,MONTCLAIR,N,C,NA,C,NA
11 FAIRMOUNT AVENUE,07043,MONTCLAIR,N,C,NA,C,NA
11 FRANCIS PLACE,07042,MONTCLAIR,N,C,NA,C,NA
11 FRANKLIN AVENUE,07042,MONTCLAIR,N,C,NA,C,NA
11 FRIENDSHIP PLACE,07042,MONTCLAIR,N,C,NA,C,NA
11 FIDELITY PLACE,07042,MONTCLAIR,Y,C,NA,L,NA
11 FRANKLIN PLACE,07042,MONTCLAIR,Y,C,NA,UX,NA
11 GARDEN STREET,07042,MONTCLAIR,N,C,NA,C,NA
11 GARDINER PLACE,07042,MONTCLAIR,N,C,NA,C,NA
11 GARFIELD PLACE,07043,MONTCLAIR,N,C,NA,C,NA
11 GLENRIDGE PARKWAY,07042,MONTCLAIR,N,C,NA,C,NA
11 GODFREY ROAD,07043,MONTCLAIR,N,C,NA,C,NA
11 GRAY STREET,07042,MONTCLAIR,N,C,NA,C,NA
11 GRENADA PLACE,07042,MONTCLAIR,N,C,NA,C,NA
11 GLENSIDE TERRACE,07043,MONTCLAIR,N,C,NA,C,NA
11 GLENWOOD ROAD,07043,MONTCLAIR,N,C,NA,C,NA
11 GRAHAM TERRACE,07042,MONTCLAIR,Y,C,NA,G,NA
11 GROVE TERRACE,07042,MONTCLAIR,N,C,NA,C,NA
11 HARVARD STREET,07042,MONTCLAIR,N,C,NA,C,NA
11 HAWTHORNE PLACE,07042,MONTCLAIR,N,C,NA,C,NA
11 HELLER DRIVE,07043,MONTCLAIR,N,C,NA,C,NA
11 HIGH TERRACE,07042,MONTCLAIR,N,C,NA,C,NA
11 HITCHCOCK PLACE,07042,MONTCLAIR,N,C,NA,C,NA
11 HOMEWOOD WAY,07042,MONTCLAIR,N,C,NA,C,NA
11 HILLTOP PLACE,07042,MONTCLAIR,N,C,NA,C,NA
11 HOLLYWOOD AVENUE,07042,MONTCLAIR,N,C,NA,C,NA
11 IRVING STREET,07042,MONTCLAIR,N,C,NA,C,NA
11 JAMES STREET,07042,MONTCLAIR,N,C,NA,C,NA
11 JEROME PLACE,07043,MONTCLAIR,N,C,NA,C,NA
11 KIPS RIDGE,07044,MONTCLAIR,N,C,NA,C,NA
11 KIPS RIDGE-SPRINKLER,07044,MONTCLAIR,N,C,NA,C,NA
11 KENNETH ROAD,07043,MONTCLAIR,N,C,NA,C,NA
11 LANE COURT,07043,MONTCLAIR,N,C,NA,C,NA
11 LASALLE ROAD,07043,MONTCLAIR,N,C,NA,C,NA
11 LEXINGTON AVENUE,07042,MONTCLAIR,Y,C,NA,UX,NA
11 MACOPIN AVENUE,07043,MONTCLAIR,N,C,NA,C,NA
11 MADISON AVENUE,07042,MONTCLAIR,N,C,NA,C,NA
11 MARION ROAD,07043,MONTCLAIR,N,C,NA,C,NA
11 MARQUETTE ROAD,07043,MONTCLAIR,N,C,NA,C,NA
11 MELROSE PLACE,07042,MONTCLAIR,N,C,NA,C,NA
11 MENDL TERRACE,07042,MONTCLAIR,N,C,NA,C,NA
11 MIDLAND AVENUE,07042,MONTCLAIR,N,C,NA,C,NA
11 MONTAGUE PLACE,07042,MONTCLAIR,N,C,NA,C,NA
11 MONTCLAIR AVENUE,07043,MONTCLAIR,N,C,NA,C,NA
11 MORNINGSIDE AVENUE,07043,MONTCLAIR,N,C,NA,C,NA
11 MOUNT VERNON ROAD,07043,MONTCLAIR,N,C,NA,C,NA
11 MOUNTAINVIEW PLACE,07042,MONTCLAIR,N,C,NA,C,NA
11 MOUNTAIN TERRACE,07043,MONTCLAIR,N,C,NA,C,NA
11 MULFORD LANE,07042,MONTCLAIR,N,C,NA,C,NA
11 N MOUNTAIN AVENUE,07042,MONTCLAIR,N,C,NA,C,NA
11 NORTHVIEW AVENUE,07043,MONTCLAIR,N,C,NA,C,NA
11 NORMAN ROAD,07043,MONTCLAIR,Y,C,NA,O,BRASS
11 NORWOOD AVENUE,07043,MONTCLAIR,N,C,NA,C,NA
11 ORCHARD COURT,07042,MONTCLAIR,N,C,NA,C,NA
11 OXFORD STREET,07042,MONTCLAIR,N,C,NA,C,NA
11 PARK TERRACE,07043,MONTCLAIR,N,C,NA,C,NA
11 PATTON PLACE,07043,MONTCLAIR,N,C,NA,C,NA
11 PIERPONT DRIVE,07042,MONTCLAIR,N,C,NA,C,NA
11 PINE STREET,07042,MONTCLAIR,N,C,NA,C,NA
11 PINE STREET-PARKING DECK,07042,MONTCLAIR,N,C,NA,C,NA
11 PLEASANT AVENUE,07042,MONTCLAIR,N,C,NA,C,NA
11 PORTLAND PLACE-1ST,07042,MONTCLAIR,N,C,NA,C,NA
11 PORTLAND PLACE-2ND,07042,MONTCLAIR,N,C,NA,C,NA
11 POTTER COURT,07043,MONTCLAIR,N,C,NA,C,NA
11 PRINCETON PLACE,07043,MONTCLAIR,N,C,NA,C,NA
11 PROSPECT AVENUE,07042,MONTCLAIR,N,C,NA,C,NA
11 PIERSON PLACE,07042,MONTCLAIR,Y,C,NA,UX,NA
11 PRESCOTT AVENUE,07042,MONTCLAIR,N,C,NA,C,NA
11 RAMSAY ROAD,07042,MONTCLAIR,N,C,NA,C,NA
11 RIVERVIEW DRIVE W,07043,MONTCLAIR,N,C,NA,C,NA
11 ROCKLEDGE ROAD,07042,MONTCLAIR,N,C,NA,C,NA
11 S FULLERTON AVENUE,07042,MONTCLAIR,N,C,NA,C,NA
11 S FULLERTON AVENUE,07042,MONTCLAIR,Y,C,NA,UX,NA
11 SEARS PLACE,07042,MONTCLAIR,N,C,NA,C,NA
11 SKYTOP TERRACE,07043,MONTCLAIR,N,C,NA,C,NA
11 SOUTHERN TERRACE,07042,MONTCLAIR,N,C,NA,C,NA
11 STANFORD PLACE,07042,MONTCLAIR,N,C,NA,C,NA
11 STEPHEN STREET,07042,MONTCLAIR,N,C,NA,C,NA
11 STONEHENGE ROAD,07043,MONTCLAIR,N,C,NA,C,NA
11 SUNSET PARK,07043,MONTCLAIR,N,C,NA,C,NA
11 SUTHERLAND ROAD,07042,MONTCLAIR,N,C,NA,C,NA
11 SYLVAN PLACE,07042,MONTCLAIR,N,C,NA,C,NA
11 TALBOT STREET,07042,MONTCLAIR,N,C,NA,C,NA
11 THE FAIRWAY,07043,MONTCLAIR,N,C,NA,C,NA
11 TICHENOR PLACE,07042,MONTCLAIR,N,C,NA,C,NA
11 TUERS PLACE,07043,MONTCLAIR,N,C,NA,C,NA
11 TENNIS PLACE,07042,MONTCLAIR,N,C,NA,C,NA
11 UNDERCLIFF DRIVE,07042,MONTCLAIR,N,C,NA,C,NA
11 UNION STREET,07042,MONTCLAIR,N,C,NA,C,NA
11 UPPER MOUNTAIN AVENUE,07042,MONTCLAIR,N,C,NA,C,NA
11 UNDERCLIFF ROAD,07042,MONTCLAIR,Y,C,NA,G,NA
11 VALLEY PLACE,07043,MONTCLAIR,N,C,NA,C,NA
11 VAN BREEMEN COURT,07043,MONTCLAIR,N,C,NA,C,NA
11 VICTORIA TERRACE,07043,MONTCLAIR,N,C,NA,C,NA
11 VERA PLACE,07042,MONTCLAIR,N,C,NA,C,NA
11 VINCENT PLACE,07042,MONTCLAIR,N,C,NA,C,NA
11 WARD PLACE,07042,MONTCLAIR,N,C,NA,C,NA
11 WARFIELD STREET,07043,MONTCLAIR,N,C,NA,C,NA
11 WARREN PLACE,07042,MONTCLAIR,N,C,NA,C,NA
11 WATERBURY ROAD,07043,MONTCLAIR,N,C,NA,C,NA
11 WAYSIDE PLACE,07042,MONTCLAIR,N,C,NA,C,NA
11 WENDOVER ROAD,07042,MONTCLAIR,N,C,NA,C,NA
11 WILDE PLACE,07042,MONTCLAIR,N,C,NA,C,NA
11 WILFRED STREET,07042,MONTCLAIR,N,C,NA,C,NA
11 WILLIAM STREET 1ST,07042,MONTCLAIR,N,C,NA,C,NA
11 WILLIAM STREET 2ND,07042,MONTCLAIR,N,C,NA,C,NA
11 WILLOWDALE COURT,07042,MONTCLAIR,N,C,NA,C,NA
11 WINDEMERE ROAD,07043,MONTCLAIR,N,C,NA,C,NA
11 WINDSOR PLACE,07043,MONTCLAIR,N,C,NA,C,NA
11 WOODMONT ROAD,07043,MONTCLAIR,N,C,NA,C,NA
11 WHEELER STREET,07042,MONTCLAIR,N,C,NA,C,NA
11 WILLARD PLACE,07042,MONTCLAIR,N,C,NA,C,NA
11 WILLOWMERE AVENUE,07042,MONTCLAIR,N,C,NA,C,NA
11-A OXFORD STREET,07042,MONTCLAIR,N,C,NA,C,NA
110 ALEXANDER AVENUE,07043,MONTCLAIR,N,C,NA,C,NA
110 CLAREMONT AVENUE,07042,MONTCLAIR,N,C,NA,C,NA
110 CLINTON AVENUE,07042,MONTCLAIR,N,C,NA,C,NA
110 CHRISTOPHER STREET,07043,MONTCLAIR,Y,C,NA,G,NA
110 COOPER AVENUE,07043,MONTCLAIR,N,C,NA,C,NA
110 EDGEMONT ROAD,07042,MONTCLAIR,N,C,NA,C,NA
110 ESSEX AVENUE,07042,MONTCLAIR,N,C,NA,C,NA
110 FOREST STREET,07042,MONTCLAIR,N,C,NA,C,NA
110 GORDONHURST AVENUE,07043,MONTCLAIR,N,C,NA,C,NA
110 GREENWOOD AVENUE,07042,MONTCLAIR,N,C,NA,C,NA
110 HADDON PLACE,07043,MONTCLAIR,N,C,NA,C,NA
110 HARRISON AVENUE,07042,MONTCLAIR,N,C,NA,C,NA
110 HIGH STREET,07042,MONTCLAIR,N,C,NA,C,NA
110 LINCOLN STREET,07042,MONTCLAIR,N,C,NA,C,NA
110 LORRAINE AVENUE,07043,MONTCLAIR,N,C,NA,C,NA
110 MAPLE AVENUE 1ST,07042,MONTCLAIR,N,C,NA,C,NA
110 MAPLE AVENUE 2ND,07042,MONTCLAIR,N,C,NA,C,NA
110 MIDLAND AVENUE,07042,MONTCLAIR,N,C,NA,C,NA
110 MONTCLAIR AVENUE,07043,MONTCLAIR,N,C,NA,C,NA
110 N FULLERTON AVENUE,07042,MONTCLAIR,N,C,NA,C,NA
110 PINE STREET,07042,MONTCLAIR,N,C,NA,C,NA
110 PARK STREET,07043,MONTCLAIR,N,C,NA,C,NA
110 S FULLERTON AVENUE,07042,MONTCLAIR,N,C,NA,C,NA
110 S MOUNTAIN AVENUE,07042,MONTCLAIR,N,C,NA,C,NA
110 SQUIRE HILL ROAD,07043,MONTCLAIR,N,C,NA,C,NA
110 SUMMIT AVENUE,07043,MONTCLAIR,N,C,NA,C,NA
110 UNDERCLIFF ROAD,07042,MONTCLAIR,Y,C,NA,UX,NA
110 VALLEY ROAD,07043,MONTCLAIR,N,C,NA,C,NA
110 WESTVIEW ROAD,07043,MONTCLAIR,N,C,NA,C,NA
110 WILDWOOD AVENUE,07043,MONTCLAIR,Y,C,NA,G,NA
110 YANTACAW BROOK ROAD,07043,MONTCLAIR,N,C,NA,C,NA
111 BUCKINGHAM ROAD,07043,MONTCLAIR,N,C,NA,C,NA
111 COOPER AVENUE,07043,MONTCLAIR,N,C,NA,C,NA
111 CENTRAL AVENUE,07042,MONTCLAIR,N,C,NA,C,NA
111 CHRISTOPHER STREET,07043,MONTCLAIR,N,C,NA,C,NA
111 CLAREMONT AVENUE,07042,MONTCLAIR,Y,C,NA,G,NA
111 EDGEMONT ROAD,07042,MONTCLAIR,N,C,NA,C,NA
111 ELM STREET,07042,MONTCLAIR,N,C,NA,C,NA
111 GORDONHURST AVENUE,07043,MONTCLAIR,N,C,NA,C,NA
111 HADDON PLACE,07043,MONTCLAIR,N,C,NA,C,NA
111 LINCOLN STREET,07042,MONTCLAIR,N,C,NA,C,NA
111 MAPLE AVENUE,07042,MONTCLAIR,N,C,NA,C,NA
111 MIDLAND AVENUE,07042,MONTCLAIR,N,C,NA,C,NA
111 MONTCLAIR AVENUE,07043,MONTCLAIR,N,C,NA,C,NA
111 MOUNT HEBRON ROAD,07043,MONTCLAIR,N,C,NA,C,NA
111 N FULLERTON AVENUE,07042,MONTCLAIR,N,C,NA,C,NA
111 N MOUNTAIN AVENUE,07042,MONTCLAIR,N,C,NA,C,NA
111 ORANGE ROAD,07042,MONTCLAIR,N,C,NA,C,NA
111 PARK STREET,07043,MONTCLAIR,N,C,NA,C,NA
111 S FULLERTON AVENUE,07042,MONTCLAIR,N,C,NA,C,NA
111 S MOUNTAIN AVENUE,07042,MONTCLAIR,N,C,NA,C,NA
111 SQUIRE HILL ROAD,07043,MONTCLAIR,N,C,NA,C,NA
111 STONEBRIDGE ROAD,07042,MONTCLAIR,N,C,NA,C,NA
111 SUMMIT AVENUE,07043,MONTCLAIR,N,C,NA,C,NA
111 UPPER MOUNTAIN AVENUE,07042,MONTCLAIR,Y,C,NA,UX,NA
111 VALLEY ROAD,07043,MONTCLAIR,N,C,NA,C,NA
111 WALNUT STREET,07042,MONTCLAIR,N,C,NA,C,NA
111 WESTVIEW ROAD,07043,MONTCLAIR,N,C,NA,C,NA
111 WILDWOOD AVENUE,07043,MONTCLAIR,N,C,NA,C,NA
111 WILLOWDALE AVENUE,07042,MONTCLAIR,N,C,NA,C,NA
111 YANTACAW BROOK ROAD,07043,MONTCLAIR,N,C,NA,C,NA
111-113 WATCHUNG AVENUE,07043,MONTCLAIR,N,C,NA,C,NA
111-115 WATCHUNG AVENUE/FIRELINE,07043,MONTCLAIR,N,C,NA,C,NA
112 ALEXANDER AVENUE,07043,MONTCLAIR,N,C,NA,C,NA
112 BELLEVUE AVENUE,07043,MONTCLAIR,N,C,NA,C,NA
112 BLOOMFIELD AVENUE,07042,MONTCLAIR,N,C,NA,C,NA
112 BUCKINGHAM ROAD,07043,MONTCLAIR,N,C,NA,C,NA
112 CHRISTOPHER STREET,07043,MONTCLAIR,N,C,NA,C,NA
112 CLAREWILL AVENUE,07043,MONTCLAIR,N,C,NA,C,NA
112 EAGLE ROCK WAY,07042,MONTCLAIR,N,C,NA,C,NA
112 ESSEX AVENUE,07042,MONTCLAIR,N,C,NA,C,NA
112 FOREST STREET,07042,MONTCLAIR,N,C,NA,C,NA
112 GORDONHURST AVENUE,07043,MONTCLAIR,N,C,NA,C,NA
112 HARRISON AVENUE,07042,MONTCLAIR,N,C,NA,C,NA
112 HELLER WAY,07043,MONTCLAIR,N,C,NA,C,NA
112 INWOOD AVENUE,07043,MONTCLAIR,N,C,NA,C,NA
112 LINCOLN STREET,07042,MONTCLAIR,N,C,NA,C,NA
112 LLEWELLYN ROAD,07042,MONTCLAIR,N,C,NA,C,NA
112 MAPLE AVENUE - APT 1L,07042,MONTCLAIR,N,C,NA,C,NA
112 MAPLE AVENUE - APT 1R,07042,MONTCLAIR,N,C,NA,C,NA
112 MAPLE AVENUE - APT 2L,07042,MONTCLAIR,N,C,NA,C,NA
112 MAPLE AVENUE - APT 2R,07042,MONTCLAIR,N,C,NA,C,NA
112 MIDLAND AVENUE,07042,MONTCLAIR,N,C,NA,C,NA
112 MOUNT HEBRON ROAD,07043,MONTCLAIR,N,C,NA,C,NA
112 N MOUNTAIN AVENUE,07042,MONTCLAIR,N,C,NA,C,NA
112 PINE STREET,07042,MONTCLAIR,N,C,NA,C,NA
112 PARK STREET,07043,MONTCLAIR,N,C,NA,C,NA
112 SQUIRE HILL ROAD,07043,MONTCLAIR,N,C,NA,C,NA
112 SUMMIT AVENUE,07043,MONTCLAIR,N,C,NA,C,NA
112 UNION STREET,07042,MONTCLAIR,Y,C,NA,C,NA
112 UPPER MOUNTAIN AVENUE,07042,MONTCLAIR,N,C,NA,C,NA
112 VALLEY ROAD,07043,MONTCLAIR,N,C,NA,C,NA
112 WESTVIEW ROAD,07043,MONTCLAIR,N,C,NA,C,NA
112 WILDWOOD AVENUE,07043,MONTCLAIR,N,C,NA,C,NA
112 YANTACAW BROOK ROAD,07043,MONTCLAIR,N,C,NA,C,NA
113 ALEXANDER AVENUE,07043,MONTCLAIR,N,C,NA,C,NA
113 BELLEVUE AVENUE,07043,MONTCLAIR,N,C,NA,C,NA
113 BUCKINGHAM ROAD,07043,MONTCLAIR,N,C,NA,C,NA
113 CLAREMONT AVENUE,07042,MONTCLAIR,N,C,NA,C,NA
113 CLAREWILL AVENUE,07043,MONTCLAIR,Y,C,NA,L,NA
113 ELM STREET,07042,MONTCLAIR,N,C,NA,C,NA
113 ESSEX AVENUE,07042,MONTCLAIR,N,C,NA,C,NA
113 FOREST STREET,07042,MONTCLAIR,Y,C,NA,O,BRASS
113 GROVE STREET,07043,MONTCLAIR,N,C,NA,C,NA
113 GORDONHURST AVENUE,07043,MONTCLAIR,Y,C,NA,G,NA
113 HADDON PLACE,07043,MONTCLAIR,N,C,NA,C,NA
113 HARRISON AVENUE,07042,MONTCLAIR,N,C,NA,C,NA
113 INWOOD AVENUE,07043,MONTCLAIR,N,C,NA,C,NA
113 LINCOLN STREET,07042,MONTCLAIR,N,C,NA,C,NA
113 MIDLAND AVENUE,07042,MONTCLAIR,N,C,NA,C,NA
113 PARK STREET,07043,MONTCLAIR,N,C,NA,C,NA
113 SUMMIT AVENUE,07043,MONTCLAIR,N,C,NA,C,NA
113 WALNUT STREET,07042,MONTCLAIR,N,C,NA,C,NA
113 WILDWOOD AVENUE,07043,MONTCLAIR,N,C,NA,C,NA
113 WILLOWDALE AVENUE,07042,MONTCLAIR,N,C,NA,C,NA
113 YANTACAW BROOK ROAD,07043,MONTCLAIR,N,C,NA,C,NA
114 ALEXANDER AVENUE,07043,MONTCLAIR,N,C,NA,C,NA
114 BEVERLY ROAD,07043,MONTCLAIR,N,C,NA,C,NA
114 CLAREMONT AVENUE,07042,MONTCLAIR,N,C,NA,C,NA
114 COOPER AVENUE,07043,MONTCLAIR,N,C,NA,C,NA
114 CLAREWILL AVENUE,07043,MONTCLAIR,N,C,NA,C,NA
114 ELM STREET,07042,MONTCLAIR,N,C,NA,C,NA
114 EDGEMONT ROAD,07042,MONTCLAIR,N,C,NA,C,NA
114 GORDONHURST AVENUE,07043,MONTCLAIR,N,C,NA,C,NA
114 HADDON PLACE,07043,MONTCLAIR,N,C,NA,C,NA
114 HARRISON AVENUE,07042,MONTCLAIR,N,C,NA,C,NA
114 HIGH STREET,07042,MONTCLAIR,N,C,NA,C,NA
114 HIGHLAND AVENUE,07043,MONTCLAIR,N,C,NA,C,NA
114 MAPLE AVENUE - A,07042,MONTCLAIR,N,C,NA,C,NA
114 MAPLE AVENUE - B,07042,MONTCLAIR,N,C,NA,C,NA
114 MAPLE AVENUE - C,07042,MONTCLAIR,N,C,NA,C,NA
114 MAPLE AVENUE - D,07042,MONTCLAIR,N,C,NA,C,NA
114 MIDLAND AVENUE,07042,MONTCLAIR,N,C,NA,C,NA
114 MONTCLAIR AVENUE,07043,MONTCLAIR,N,C,NA,C,NA
114 MOUNT HEBRON ROAD,07043,MONTCLAIR,N,C,NA,C,NA
114 N FULLERTON AVENUE,07042,MONTCLAIR,N,C,NA,C,NA
114 PARK STREET,07043,MONTCLAIR,N,C,NA,C,NA
114 S MOUNTAIN AVENUE,07042,MONTCLAIR,N,C,NA,C,NA
114 SQUIREHILL HL ROAD,07043,MONTCLAIR,N,C,NA,C,NA
114 SUMMIT AVENUE,07043,MONTCLAIR,N,C,NA,C,NA
114 UPPER MOUNTAIN AVENUE,07042,MONTCLAIR,N,C,NA,C,NA
114 UNDERCLIFF ROAD,07042,MONTCLAIR,Y,C,NA,UX,NA
114 VALLEY ROAD,07043,MONTCLAIR,N,C,NA,C,NA
114 WALNUT STREET,07042,MONTCLAIR,N,C,NA,C,NA
114 WESTVIEW ROAD,07043,MONTCLAIR,N,C,NA,C,NA
114 WILDWOOD AVENUE,07043,MONTCLAIR,N,C,NA,C,NA
114 YANTACAW BROOK ROAD,07043,MONTCLAIR,N,C,NA,C,NA
114-116 PARK STREET,07043,MONTCLAIR,N,C,NA,C,NA
115 BELLEVUE AVENUE,07043,MONTCLAIR,N,C,NA,C,NA
115 BLOOMFIELD AVENUE,07042,MONTCLAIR,N,C,NA,C,NA
115 BUCKINGHAM ROAD,07043,MONTCLAIR,N,C,NA,C,NA
115 BEVERLY ROAD,07043,MONTCLAIR,Y,C,NA,L,NA
115 CHESTNUT STREET,07042,MONTCLAIR,N,C,NA,C,NA
115 CHRISTOPHER STREET,07043,MONTCLAIR,N,C,NA,C,NA
115 CLAREMONT AVENUE,07042,MONTCLAIR,N,C,NA,C,NA
115 COOPER AVENUE,07043,MONTCLAIR,N,C,NA,C,NA
115 ELM STREET 1ST,07042,MONTCLAIR,N,C,NA,C,NA
115 ELM STREET 2ND,07042,MONTCLAIR,N,C,NA,C,NA
115 EDGEMONT ROAD,07042,MONTCLAIR,N,C,NA,C,NA
115 ESSEX AVENUE,07042,MONTCLAIR,Y,C,NA,G,NA
115 FOREST STREET,07042,MONTCLAIR,N,C,NA,C,NA
115 GATES AVENUE,07042,MONTCLAIR,N,C,NA,C,NA
115 GORDONHURST AVENUE,07043,MONTCLAIR,N,C,NA,C,NA
115 GREENWOOD AVENUE,07042,MONTCLAIR,N,C,NA,C,NA
115 GROVE STREET(GROVE PLAZA),07043,MONTCLAIR,N,C,NA,C,NA
115 HARRISON AVENUE,07042,MONTCLAIR,N,C,NA,C,NA
115 HELLER WAY,07043,MONTCLAIR,N,C,NA,C,NA
115 HIGH STREET,07042,MONTCLAIR,N,C,NA,C,NA
115 INWOOD AVENUE,07043,MONTCLAIR,N,C,NA,C,NA
115 LLEWELLYN ROAD,07042,MONTCLAIR,N,C,NA,C,NA
115 LORRAINE AVENUE,07043,MONTCLAIR,N,C,NA,C,NA
115 LINCOLN STREET,07042,MONTCLAIR,N,C,NA,C,NA
115 MIDLAND AVENUE,07042,MONTCLAIR,N,C,NA,C,NA
115 MONTCLAIR AVENUE,07043,MONTCLAIR,N,C,NA,C,NA
115 MOUNT HEBRON ROAD,07043,MONTCLAIR,N,C,NA,C,NA
115 MAPLE AVENUE,07042,MONTCLAIR,N,C,NA,C,NA
115 N FULLERTON AVENUE,07042,MONTCLAIR,N,C,NA,C,NA
115 N FULLERTON AVENUE,07042,MONTCLAIR,Y,C,NA,UX,NA
115 ORANGE ROAD,07042,MONTCLAIR,N,C,NA,C,NA
115 PARK STREET,07043,MONTCLAIR,N,C,NA,C,NA
115 S FULLERTON AVENUE,07042,MONTCLAIR,N,C,NA,C,NA
115 SQUIRE HILL ROAD,07043,MONTCLAIR,N,C,NA,C,NA
115 STONEBRIDGE ROAD,07042,MONTCLAIR,N,C,NA,C,NA
115 SUMMIT AVENUE,07043,MONTCLAIR,N,C,NA,C,NA
115 UNDERCLIFF ROAD,07042,MONTCLAIR,N,C,NA,C,NA
115 WALNUT STREET,07042,MONTCLAIR,N,C,NA,C,NA
115 WATCHUNG AVENUE,07043,MONTCLAIR,N,C,NA,C,NA
115 WESTVIEW ROAD,07043,MONTCLAIR,N,C,NA,C,NA
115 WILLOWDALE AVENUE,07042,MONTCLAIR,N,C,NA,C,NA
115 WILDWOOD AVENUE,07043,MONTCLAIR,N,C,NA,C,NA
116 ALEXANDER AVENUE,07043,MONTCLAIR,N,C,NA,C,NA
116 BELLEVUE AVENUE,07043,MONTCLAIR,N,C,NA,C,NA
116 BEVERLY ROAD,07043,MONTCLAIR,N,C,NA,C,NA
116 BLOOMFIELD AVENUE,07042,MONTCLAIR,N,C,NA,C,NA
116 BUCKINGHAM ROAD,07043,MONTCLAIR,N,C,NA,C,NA
116 CENTRAL AVENUE,07042,MONTCLAIR,N,C,NA,C,NA
116 COOPER AVENUE,07043,MONTCLAIR,N,C,NA,C,NA
116 FOREST STREET,07042,MONTCLAIR,N,C,NA,C,NA
116 HELLER WAY,07043,MONTCLAIR,N,C,NA,C,NA
116 INWOOD AVENUE,07043,MONTCLAIR,N,C,NA,C,NA
116 LORRAINE AVENUE,07043,MONTCLAIR,N,C,NA,C,NA
116 MAPLE AVENUE 1ST LEFT,07042,MONTCLAIR,N,C,NA,C,NA
116 MIDLAND AVENUE,07042,MONTCLAIR,N,C,NA,C,NA
116 MAPLE AVENUE 1ST,07042,MONTCLAIR,Y,C,NA,UX,NA
116 MAPLE AVENUE 2ND,07042,MONTCLAIR,Y,C,NA,UX,NA
116 PARK STREET,07043,MONTCLAIR,N,C,NA,C,NA
116 S FULLERTON AVENUE,07042,MONTCLAIR,N,C,NA,C,NA
116 SQUIRE HILL ROAD,07043,MONTCLAIR,N,C,NA,C,NA
116 SUMMIT AVENUE,07043,MONTCLAIR,N,C,NA,C,NA
116 WILDWOOD AVENUE,07043,MONTCLAIR,N,C,NA,C,NA
116 WESTVIEW ROAD,07043,MONTCLAIR,N,C,NA,C,NA
116 YANTACAW BROOK ROAD,07043,MONTCLAIR,N,C,NA,C,NA
116B MAPLE AVENUE 2ND LEFT,07042,MONTCLAIR,N,C,NA,C,NA
117 ALEXANDER AVENUE,07043,MONTCLAIR,N,C,NA,C,NA
117 BELLEVUE AVENUE,07043,MONTCLAIR,N,C,NA,C,NA
117 BUCKINGHAM ROAD,07043,MONTCLAIR,N,C,NA,C,NA
117 CHESTNUT STREET,07042,MONTCLAIR,N,C,NA,C,NA
117 CHRISTOPHER STREET,07043,MONTCLAIR,N,C,NA,C,NA
117 CLAREWILL AVENUE,07043,MONTCLAIR,N,C,NA,C,NA
117 COOPER AVENUE,07043,MONTCLAIR,N,C,NA,C,NA
117 EDGEMONT ROAD,07042,MONTCLAIR,N,C,NA,C,NA
117 ESSEX AVENUE,07042,MONTCLAIR,N,C,NA,C,NA
117 GORDONHURST AVENUE,07043,MONTCLAIR,N,C,NA,C,NA
117 HADDON PLACE,07043,MONTCLAIR,N,C,NA,C,NA
117 HIGH STREET,07042,MONTCLAIR,N,C,NA,C,NA
117 HIGHLAND AVENUE,07043,MONTCLAIR,N,C,NA,C,NA
117 LINCOLN STREET,07042,MONTCLAIR,N,C,NA,C,NA
117 LLOYD ROAD,07042,MONTCLAIR,N,C,NA,C,NA
117 LLEWELLYN ROAD,07042,MONTCLAIR,N,C,NA,C,NA
117 MAPLE AVENUE,07042,MONTCLAIR,N,C,NA,C,NA
117 MIDLAND AVENUE,07042,MONTCLAIR,N,C,NA,C,NA
117 MONTCLAIR AVENUE,07043,MONTCLAIR,N,C,NA,C,NA
117 MOUNT HEBRON ROAD,07043,MONTCLAIR,N,C,NA,C,NA
117 PARK STREET,07043,MONTCLAIR,N,C,NA,C,NA
117 S FULLERTON AVENUE,07042,MONTCLAIR,N,C,NA,C,NA
117 SQUIRE HILL ROAD,07043,MONTCLAIR,N,C,NA,C,NA
117 SUMMIT AVENUE,07043,MONTCLAIR,N,C,NA,C,NA
117 UNDERCLIFF ROAD,07042,MONTCLAIR,N,C,NA,C,NA
117 WATCHUNG AVENUE,07043,MONTCLAIR,N,C,NA,C,NA
117 WILDWOOD AVENUE,07043,MONTCLAIR,N,C,NA,C,NA
117 WILLOWDALE AVENUE,07042,MONTCLAIR,N,C,NA,C,NA
117 WESTVIEW ROAD,07043,MONTCLAIR,Y,C,NA,UX,NA
117 YANTACAW BROOK ROAD,07043,MONTCLAIR,N,C,NA,C,NA
117-B GROVE STREET,07043,MONTCLAIR,N,C,NA,C,NA
118 BELLEVUE AVENUE,07043,MONTCLAIR,N,C,NA,C,NA
118 BEVERLY ROAD,07043,MONTCLAIR,N,C,NA,C,NA
118 BUCKINGHAM ROAD,07043,MONTCLAIR,N,C,NA,C,NA
118 COOPER AVENUE,07043,MONTCLAIR,N,C,NA,C,NA
118 CHESTNUT STREET,07042,MONTCLAIR,N,C,NA,C,NA
118 CLAREMONT AVENUE,07042,MONTCLAIR,N,C,NA,C,NA
118 EDGEMONT ROAD,07042,MONTCLAIR,N,C,NA,C,NA
118 ELM STREET,07042,MONTCLAIR,N,C,NA,C,NA
118 ESSEX AVENUE,07042,MONTCLAIR,N,C,NA,C,NA
118 GATES AVENUE,07042,MONTCLAIR,N,C,NA,C,NA
118 MIDLAND AVENUE,07042,MONTCLAIR,N,C,NA,C,NA
118 MONTCLAIR AVENUE,07043,MONTCLAIR,N,C,NA,C,NA
118 N FULLERTON AVENUE,07042,MONTCLAIR,N,C,NA,C,NA
118 N MOUNTAIN AVENUE,07042,MONTCLAIR,N,C,NA,C,NA
118 S FULLERTON AVENUE,07042,MONTCLAIR,N,C,NA,C,NA
118 S MOUNTAIN AVENUE,07042,MONTCLAIR,N,C,NA,C,NA
118 SQUIRE HILL ROAD,07043,MONTCLAIR,N,C,NA,C,NA
118 SUMMIT AVENUE,07043,MONTCLAIR,N,C,NA,C,NA
118 UNION STREET,07042,MONTCLAIR,N,C,NA,C,NA
118 WALNUT STREET,07042,MONTCLAIR,N,C,NA,C,NA
118 WILDWOOD AVENUE,07043,MONTCLAIR,N,C,NA,C,NA
118 WATCHUNG AVENUE,07043,MONTCLAIR,N,C,NA,C,NA
118 WESTVIEW ROAD,07043,MONTCLAIR,N,C,NA,C,NA
118 YANTACAW BROOK ROAD,07043,MONTCLAIR,N,C,NA,C,NA
118-A MAPLE AVENUE-1ST,07042,MONTCLAIR,N,C,NA,C,NA
118-B MAPLE AVENUE 2ND,07042,MONTCLAIR,N,C,NA,C,NA
118-C MAPLE AVENUE 2ND,07042,MONTCLAIR,N,C,NA,C,NA
118-D MAPLE AVENUE,07042,MONTCLAIR,N,C,NA,C,NA
119 ALEXANDER AVENUE,07043,MONTCLAIR,N,C,NA,C,NA
119 BUCKINGHAM ROAD,07043,MONTCLAIR,N,C,NA,C,NA
119 CHESTNUT STREET,07042,MONTCLAIR,N,C,NA,C,NA
119 COOPER AVENUE,07043,MONTCLAIR,N,C,NA,C,NA
119 CHRISTOPHER STREET,07043,MONTCLAIR,N,C,NA,C,NA
119 CLAREMONT AVENUE,07042,MONTCLAIR,N,C,NA,C,NA
119 EDGEMONT ROAD,07042,MONTCLAIR,N,C,NA,C,NA
119 ESSEX AVENUE,07042,MONTCLAIR,N,C,NA,C,NA
119 ELM STREET,07042,MONTCLAIR,N,C,NA,C,NA
119 FOREST STREET,07042,MONTCLAIR,N,C,NA,C,NA
119 GORDONHURST AVENUE,07043,MONTCLAIR,N,C,NA,C,NA
119 GROVE STREET,07043,MONTCLAIR,N,C,NA,C,NA
119 HADDON PLACE,07043,MONTCLAIR,N,C,NA,C,NA
119 HARRISON AVENUE,07042,MONTCLAIR,N,C,NA,C,NA
119 HIGH STREET,07042,MONTCLAIR,N,C,NA,C,NA
119 LLEWELLYN ROAD,07042,MONTCLAIR,N,C,NA,C,NA
119 LINCOLN STREET,07042,MONTCLAIR,N,C,NA,C,NA
119 MIDLAND AVENUE,07042,MONTCLAIR,N,C,NA,C,NA
119 MONTCLAIR AVENUE,07043,MONTCLAIR,N,C,NA,C,NA
119 PARK STREET,07043,MONTCLAIR,N,C,NA,C,NA
119 S FULLERTON AVENUE,07042,MONTCLAIR,N,C,NA,C,NA
119 S FULLERTON AVENUE 1ST,07042,MONTCLAIR,N,C,NA,C,NA
119 S MOUNTAIN AVENUE,07042,MONTCLAIR,N,C,NA,C,NA
119 SQUIRE HILL ROAD,07043,MONTCLAIR,N,C,NA,C,NA
119 STONEBRIDGE ROAD,07042,MONTCLAIR,N,C,NA,C,NA
119 SUMMIT AVENUE,07043,MONTCLAIR,N,C,NA,C,NA
119 UNION STREET,07042,MONTCLAIR,N,C,NA,C,NA
119 UPPER MOUNTAIN AVENUE,07042,MONTCLAIR,N,C,NA,C,NA
119 WALNUT STREET,07042,MONTCLAIR,N,C,NA,C,NA
119 WALNUT STREET #1,07042,MONTCLAIR,N,C,NA,C,NA
119 WALNUT STREET #10,07042,MONTCLAIR,N,C,NA,C,NA
119 WALNUT STREET #2,07042,MONTCLAIR,N,C,NA,C,NA
119 WALNUT STREET #3,07042,MONTCLAIR,N,C,NA,C,NA
119 WALNUT STREET #4,07042,MONTCLAIR,N,C,NA,C,NA
119 WALNUT STREET #5,07042,MONTCLAIR,N,C,NA,C,NA
119 WALNUT STREET #6,07042,MONTCLAIR,N,C,NA,C,NA
119 WALNUT STREET #7,07042,MONTCLAIR,N,C,NA,C,NA
119 WALNUT STREET #8,07042,MONTCLAIR,N,C,NA,C,NA
119 WALNUT STREET #9,07042,MONTCLAIR,N,C,NA,C,NA
119 WATCHUNG AVENUE,07043,MONTCLAIR,N,C,NA,C,NA
119 WESTVIEW ROAD,07043,MONTCLAIR,N,C,NA,C,NA
119 WILDWOOD AVENUE,07043,MONTCLAIR,N,C,NA,C,NA
119 WILLOWDALE AVENUE,07042,MONTCLAIR,N,C,NA,C,NA
119 YANTACAW BROOK ROAD,07043,MONTCLAIR,N,C,NA,C,NA
11A WASHINGTON STREET,07042,MONTCLAIR,N,C,NA,C,NA
11B WASHINGTON STREET,07042,MONTCLAIR,N,C,NA,C,NA
12 ALDEN ROAD,07042,MONTCLAIR,N,C,NA,C,NA
12 ALEXANDER AVENUE,07043,MONTCLAIR,N,C,NA,C,NA
12 ARGYLE ROAD,07043,MONTCLAIR,N,C,NA,C,NA
12 AUBREY ROAD,07043,MONTCLAIR,N,C,NA,C,NA
12 ALVIN PLACE,07043,MONTCLAIR,Y,C,NA,UX,NA
12 BALDWIN STREET,07042,MONTCLAIR,N,C,NA,C,NA
12 BALDWIN STREET 1ST,07042,MONTCLAIR,N,C,NA,C,NA
12 BELLAIRE DRIVE,07042,MONTCLAIR,N,C,NA,C,NA
12 BELLEGROVE DRIVE,07043,MONTCLAIR,N,C,NA,C,NA
12 BERKELEY PLACE,07042,MONTCLAIR,N,C,NA,C,NA
12 BRADFORD AVENUE,07043,MONTCLAIR,N,C,NA,C,NA
12 BRAEMORE ROAD,07043,MONTCLAIR,N,C,NA,C,NA
12 BROOKFIELD ROAD 1ST,07043,MONTCLAIR,N,C,NA,C,NA
12 BROOKFIELD ROAD 2ND,07043,MONTCLAIR,N,C,NA,C,NA
12 BROOKLAWN ROAD,07042,MONTCLAIR,N,C,NA,C,NA
12 BRUCE ROAD,07043,MONTCLAIR,N,C,NA,C,NA
12 BRUNSWICK ROAD,07042,MONTCLAIR,N,C,NA,C,NA
12 BURNSIDE STREET,07043,MONTCLAIR,N,C,NA,C,NA
12 CARLTON DRIVE,07043,MONTCLAIR,N,C,NA,C,NA
12 CAROLIN ROAD,07043,MONTCLAIR,N,C,NA,C,NA
12 CARRIAGE WAY,07042,MONTCLAIR,N,C,NA,C,NA
12 CEDAR AVENUE,07042,MONTCLAIR,N,C,NA,C,NA
12 CENTRAL AVENUE,07042,MONTCLAIR,N,C,NA,C,NA
12 CHESTER ROAD,07043,MONTCLAIR,N,C,NA,C,NA
12 CHURCH STREET,07042,MONTCLAIR,N,C,NA,C,NA
12 CLAIRIDGE COURT,07042,MONTCLAIR,N,C,NA,C,NA
12 COLLEGE AVENUE,07043,MONTCLAIR,N,C,NA,C,NA
12 CAREY COURT,07042,MONTCLAIR,N,C,NA,C,NA
12 CHARLES STREET,07042,MONTCLAIR,Y,C,NA,UX,NA
12 COLUMBUS AVENUE,07042,MONTCLAIR,N,C,NA,C,NA
12 CROSS STREET,07042,MONTCLAIR,N,C,NA,C,NA
12 DEY STREET,07042,MONTCLAIR,N,C,NA,C,NA
12 DURYEA ROAD,07043,MONTCLAIR,N,C,NA,C,NA
12 ELIZABETH ROAD,07043,MONTCLAIR,N,C,NA,C,NA
12 ELM STREET,07042,MONTCLAIR,N,C,NA,C,NA
12 ELSTON ROAD,07043,MONTCLAIR,Y,C,NA,UX,NA
12 ENFIELD AVENUE,07042,MONTCLAIR,N,C,NA,C,NA
12 FAIRMOUNT AVENUE,07043,MONTCLAIR,N,C,NA,C,NA
12 FAIRVIEW PLACE,07043,MONTCLAIR,N,C,NA,C,NA
12 FRINK STREET - UNIT #1,07042,MONTCLAIR,N,C,NA,C,NA
12 FRINK STREET - UNIT #2,07042,MONTCLAIR,N,C,NA,C,NA
12 FAIRFIELD STREET,07042,MONTCLAIR,N,C,NA,C,NA
12 FRANCIS PLACE,07042,MONTCLAIR,N,C,NA,C,NA
12 FRANKLIN PLACE,07042,MONTCLAIR,Y,C,NA,UX,NA
12 FRIENDSHIP PLACE,07042,MONTCLAIR,Y,C,NA,UX,NA
12 GARFIELD PLACE,07043,MONTCLAIR,N,C,NA,C,NA
12 GLENRIDGE PKWY,07042,MONTCLAIR,N,C,NA,C,NA
12 GLENSIDE TERRACE,07043,MONTCLAIR,N,C,NA,C,NA
12 GLENWOOD ROAD,07043,MONTCLAIR,N,C,NA,C,NA
12 GODFREY ROAD,07043,MONTCLAIR,N,C,NA,C,NA
12 GREENVIEW WAY,07043,MONTCLAIR,N,C,NA,C,NA
12 GRENADA PLACE,07042,MONTCLAIR,N,C,NA,C,NA
12 GROVE TERRACE,07042,MONTCLAIR,N,C,NA,C,NA
12 GARDEN STREET,07042,MONTCLAIR,Y,C,NA,UX,NA
12 GRAHAM TERRACE,07042,MONTCLAIR,N,C,NA,C,NA
12 GRAY STREET,07042,MONTCLAIR,N,C,NA,C,NA
12 HAMILTON TERRACE,07043,MONTCLAIR,N,C,NA,C,NA
12 HARRISON AVENUE,07042,MONTCLAIR,N,C,NA,C,NA
12 HIGHLAND AVENUE,07043,MONTCLAIR,N,C,NA,C,NA
12 HILLTOP PLACE,07042,MONTCLAIR,N,C,NA,C,NA
12 HITCHCOCK PLACE,07042,MONTCLAIR,N,C,NA,C,NA
12 HOLLAND TERRACE,07042,MONTCLAIR,N,C,NA,C,NA
12 HOMEWOOD WAY,07042,MONTCLAIR,N,C,NA,C,NA
12 HOLLYWOOD AVENUE,07042,MONTCLAIR,N,C,NA,C,NA
12 INWOOD TERRACE,07043,MONTCLAIR,N,C,NA,C,NA
12 IRVING STREET,07042,MONTCLAIR,N,C,NA,C,NA
12 JAMES STREET,07042,MONTCLAIR,N,C,NA,C,NA
12 KENNETH ROAD,07043,MONTCLAIR,N,C,NA,C,NA
12 KIPS RIDGE,07044,MONTCLAIR,N,C,NA,C,NA
12 LANE COURT,07043,MONTCLAIR,N,C,NA,C,NA
12 LANSING PLACE,07043,MONTCLAIR,N,C,NA,C,NA
12 LEXINGTON AVENUE,07042,MONTCLAIR,N,C,NA,C,NA
12 LINDEN AVENUE,07042,MONTCLAIR,N,C,NA,C,NA
12 LOCUST DRIVE,07042,MONTCLAIR,N,C,NA,C,NA
12 LLEWELLYN ROAD,07042,MONTCLAIR,Y,C,NA,L,NA
12 MAPLE AVENUE 2ND,07042,MONTCLAIR,N,C,NA,C,NA
12 MAPLE AVENUE-1ST,07042,MONTCLAIR,N,C,NA,C,NA
12 MARQUETTE ROAD,07043,MONTCLAIR,N,C,NA,C,NA
12 MARSTON PLACE,07042,MONTCLAIR,N,C,NA,C,NA
12 MELROSE PLACE,07042,MONTCLAIR,N,C,NA,C,NA
12 MILLER STREET 1ST,07042,MONTCLAIR,N,C,NA,C,NA
12 MILLER STREET-2ND,07042,MONTCLAIR,N,C,NA,C,NA
12 MISSION STREET,07042,MONTCLAIR,N,C,NA,C,NA
12 MONROE PLACE,07042,MONTCLAIR,N,C,NA,C,NA
12 MONTCLAIR AVENUE,07043,MONTCLAIR,N,C,NA,C,NA
12 MORNINGSIDE AVENUE,07043,MONTCLAIR,N,C,NA,C,NA
12 MOUNT VERNON ROAD,07043,MONTCLAIR,N,C,NA,C,NA
12 MOUNTAIN TERRACE,07043,MONTCLAIR,N,C,NA,C,NA
12 MOUNTAINVIEW PLACE,07042,MONTCLAIR,N,C,NA,C,NA
12 MARION ROAD,07043,MONTCLAIR,Y,C,NA,O,Brass
12 MENDL TERRACE,07042,MONTCLAIR,Y,C,NA,O,BRASS
12 N WILLOW STREET,07042,MONTCLAIR,N,C,NA,C,NA
12 NEW STREET,07042,MONTCLAIR,N,C,NA,C,NA
12 NISHUANE ROAD,07042,MONTCLAIR,N,C,NA,C,NA
12 NORMAN ROAD,07043,MONTCLAIR,N,C,NA,C,NA
12 NOTTING HILL WAY,07042,MONTCLAIR,N,C,NA,C,NA
12 NASSAU ROAD,07043,MONTCLAIR,Y,C,NA,O,BRASS
12 ORANGE ROAD,07042,MONTCLAIR,N,C,NA,C,NA
12 OXFORD STREET,07042,MONTCLAIR,N,C,NA,C,NA
12 PIERSON PLACE,07042,MONTCLAIR,N,C,NA,C,NA
12 PLEASANT AVENUE,07042,MONTCLAIR,N,C,NA,C,NA
12 PLYMOUTH STREET,07042,MONTCLAIR,N,C,NA,C,NA
12 POTTER COURT,07043,MONTCLAIR,N,C,NA,C,NA
12 PROSPECT AVENUE,07042,MONTCLAIR,N,C,NA,C,NA
12 PARK TERRACE,07043,MONTCLAIR,N,C,NA,C,NA
12 RIVERVIEW DRIVE W,07043,MONTCLAIR,N,C,NA,C,NA
12 ROOSEVELT PLACE,07042,MONTCLAIR,N,C,NA,C,NA
12 ROSEDALE AVENUE,07042,MONTCLAIR,N,C,NA,C,NA
12 S BROOKWOOD DRIVE,07042,MONTCLAIR,N,C,NA,C,NA
12 S FULLERTON AVENUE,07042,MONTCLAIR,Y,G,NA,UX,NA
12 S MOUNTAIN AVENUE,07042,MONTCLAIR,N,C,NA,C,NA
12 SEARS PLACE,07042,MONTCLAIR,N,C,NA,C,NA
12 SKYTOP TERRACE,07043,MONTCLAIR,N,C,NA,C,NA
12 SOUTHERN TERRACE,07042,MONTCLAIR,N,C,NA,C,NA
12 STANFORD PLACE,07042,MONTCLAIR,N,C,NA,C,NA
12 STONEHENGE ROAD,07043,MONTCLAIR,N,C,NA,C,NA
12 SENECA PLACE,07043,MONTCLAIR,Y,UX,NA,C,NA
12 TALBOT STREET,07042,MONTCLAIR,N,C,NA,C,NA
12 TENNIS PLACE,07042,MONTCLAIR,N,C,NA,C,NA
12 THE FAIRWAY,07043,MONTCLAIR,N,C,NA,C,NA
12 TICHENOR PLACE,07042,MONTCLAIR,N,C,NA,C,NA
12 TUERS PLACE,07043,MONTCLAIR,N,C,NA,C,NA
12 UPPER MOUNTAIN AVENUE,07042,MONTCLAIR,N,C,NA,C,NA
12 VALLEY PLACE,07043,MONTCLAIR,N,C,NA,C,NA
12 VAN BREEMEN COURT,07043,MONTCLAIR,N,C,NA,C,NA
12 VERA PLACE,07042,MONTCLAIR,N,C,NA,C,NA
12 VICTORIA TERRACE,07043,MONTCLAIR,N,C,NA,C,NA
12 VINCENT PLACE,07042,MONTCLAIR,N,C,NA,C,NA
12 WALNUT PARKWAY-1ST,07042,MONTCLAIR,N,C,NA,C,NA
12 WALNUT PARKWAY-2ND,07042,MONTCLAIR,N,C,NA,C,NA
12 WARD PLACE,07042,MONTCLAIR,N,C,NA,C,NA
12 WARFIELD STREET,07043,MONTCLAIR,N,C,NA,C,NA
12 WARREN PLACE,07042,MONTCLAIR,N,C,NA,C,NA
12 WELLESLEY ROAD,07043,MONTCLAIR,N,C,NA,C,NA
12 WILDE PLACE,07042,MONTCLAIR,N,C,NA,C,NA
12 WILFRED STREET,07042,MONTCLAIR,N,C,NA,C,NA
12 WILLOWDALE AVENUE,07042,MONTCLAIR,N,C,NA,C,NA
12 WILLOWDALE COURT,07042,MONTCLAIR,N,C,NA,C,NA
12 WINDEMERE ROAD,07043,MONTCLAIR,N,C,NA,C,NA
12 WINDSOR PLACE,07043,MONTCLAIR,N,C,NA,C,NA
12 WOODMONT ROAD,07043,MONTCLAIR,N,C,NA,C,NA
12 WARMAN STREET 1ST,07042,MONTCLAIR,Y,C,NA,UX,NA
12 WARMAN STREET 2ND,07042,MONTCLAIR,Y,C,NA,UX,NA
12 WASHINGTON STREET,07042,MONTCLAIR,Y,C,NA,L,NA
12 WILLIAM STREET 1ST,07042,MONTCLAIR,N,C,NA,C,NA
12 WILLOWMERE AVENUE,07042,MONTCLAIR,Y,C,NA,O,BRASS
12 YALE TERRACE,07042,MONTCLAIR,N,C,NA,C,NA
12-14 ELM STREET,07042,MONTCLAIR,N,C,NA,C,NA
12-18 MIDLAND AVENUE,07042,MONTCLAIR,N,C,NA,C,NA
120 BEVERLY ROAD,07043,MONTCLAIR,N,C,NA,C,NA
120 BUCKINGHAM ROAD,07043,MONTCLAIR,N,C,NA,C,NA
120 CHESTNUT STREET,07042,MONTCLAIR,N,C,NA,C,NA
120 CHRISTOPHER STREET,07043,MONTCLAIR,N,C,NA,C,NA
120 CLAREWILL AVENUE,07043,MONTCLAIR,N,C,NA,C,NA
120 CLINTON AVENUE,07042,MONTCLAIR,N,C,NA,C,NA
120 CLAREMONT AVENUE,07042,MONTCLAIR,N,C,NA,C,NA
120 COOPER AVENUE,07043,MONTCLAIR,N,C,NA,C,NA
120 EDGEMONT ROAD,07042,MONTCLAIR,N,C,NA,C,NA
120 ESSEX AVENUE,07042,MONTCLAIR,N,C,NA,C,NA
120 ELM STREET,07042,MONTCLAIR,N,C,NA,C,NA
120 GATES AVENUE,07042,MONTCLAIR,N,C,NA,C,NA
120 HIGHLAND AVENUE,07043,MONTCLAIR,N,C,NA,C,NA
120 HIGH STREET,07042,MONTCLAIR,N,C,NA,C,NA
120 INWOOD AVENUE,07043,MONTCLAIR,N,C,NA,C,NA
120 LLOYD ROAD,07042,MONTCLAIR,N,C,NA,C,NA
120 LORRAINE AVENUE,07043,MONTCLAIR,N,C,NA,C,NA
120 MIDLAND AVENUE,07042,MONTCLAIR,N,C,NA,C,NA
120 N MOUNTAIN AVENUE,07042,MONTCLAIR,N,C,NA,C,NA
120 S FULLERTON AVENUE,07042,MONTCLAIR,N,C,NA,C,NA
120 S MOUNTAIN AVENUE,07042,MONTCLAIR,N,C,NA,C,NA
120 SQUIRE HILL ROAD,07043,MONTCLAIR,N,C,NA,C,NA
120 SUMMIT AVENUE,07043,MONTCLAIR,N,C,NA,C,NA
120 STONEBRIDGE ROAD,07042,MONTCLAIR,Y,C,NA,UX,NA
120 UNDERCLIFF ROAD,07042,MONTCLAIR,N,C,NA,C,NA
120 VALLEY ROAD,07043,MONTCLAIR,N,C,NA,C,NA
120 WATCHUNG AVENUE,07043,MONTCLAIR,N,C,NA,C,NA
120 WESTVIEW ROAD,07043,MONTCLAIR,N,C,NA,C,NA
120 WILDWOOD AVENUE,07043,MONTCLAIR,N,C,NA,C,NA
120 WALNUT STREET,07042,MONTCLAIR,Y,C,NA,UX,NA
120 WILLOWDALE AVENUE,07042,MONTCLAIR,N,C,NA,C,NA
121 ALEXANDER AVENUE,07043,MONTCLAIR,N,C,NA,C,NA
121 BELLEVUE AVENUE,07043,MONTCLAIR,N,C,NA,C,NA
121 BEVERLY ROAD,07043,MONTCLAIR,N,C,NA,C,NA
121 BUCKINGHAM ROAD,07043,MONTCLAIR,N,C,NA,C,NA
121 CHESTNUT STREET,07042,MONTCLAIR,N,C,NA,C,NA
121 CHRISTOPHER STREET,07043,MONTCLAIR,N,C,NA,C,NA
121 CLAREWILL AVENUE,07043,MONTCLAIR,N,C,NA,C,NA
121 EDGEMONT ROAD,07042,MONTCLAIR,N,C,NA,C,NA
121 ESSEX AVENUE,07042,MONTCLAIR,N,C,NA,C,NA
121 GROVE STREET,07043,MONTCLAIR,N,C,NA,C,NA
121 HARRISON AVENUE,07042,MONTCLAIR,N,C,NA,C,NA
121 HIGH STREET,07042,MONTCLAIR,N,C,NA,C,NA
121 HADDON PLACE,07043,MONTCLAIR,N,C,NA,C,NA
121 INWOOD AVENUE,07043,MONTCLAIR,N,C,NA,C,NA
121 MIDLAND AVENUE,07042,MONTCLAIR,N,C,NA,C,NA
121 MONTCLAIR AVENUE,07043,MONTCLAIR,N,C,NA,O,Iron
121 NORWOOD AVENUE,07043,MONTCLAIR,N,C,NA,C,NA
121 PARK STREET,07043,MONTCLAIR,N,C,NA,C,NA
121 S FULLERTON AVENUE,07042,MONTCLAIR,N,C,NA,C,NA
121 S MOUNTAIN AVENUE,07042,MONTCLAIR,N,C,NA,C,NA
121 SQUIRE HILL ROAD,07043,MONTCLAIR,N,C,NA,C,NA
121 SUMMIT AVENUE,07043,MONTCLAIR,N,C,NA,C,NA
121 WATCHUNG AVENUE,07043,MONTCLAIR,N,C,NA,C,NA
121 WESTVIEW ROAD,07043,MONTCLAIR,N,C,NA,C,NA
121 WILDWOOD AVENUE,07043,MONTCLAIR,N,C,NA,C,NA
121-A GROVE STREET,07043,MONTCLAIR,N,C,NA,C,NA
121-B GROVE STREET,07043,MONTCLAIR,N,C,NA,C,NA
122 BEVERLY ROAD,07043,MONTCLAIR,N,C,NA,C,NA
122 BUCKINGHAM ROAD,07043,MONTCLAIR,N,C,NA,C,NA
122 CHRISTOPHER STREET,07043,MONTCLAIR,N,C,NA,C,NA
122 CLAREMONT AVENUE,07042,MONTCLAIR,N,C,NA,C,NA
122 CLAREWILL AVENUE,07043,MONTCLAIR,N,C,NA,C,NA
122 CLINTON AVENUE,07042,MONTCLAIR,N,C,NA,C,NA
122 ELM STREET,07042,MONTCLAIR,N,C,NA,C,NA
122 ESSEX AVENUE,07042,MONTCLAIR,N,C,NA,C,NA
122 GATES AVENUE,07042,MONTCLAIR,N,C,NA,C,NA
122 HELLER WAY,07043,MONTCLAIR,N,C,NA,C,NA
122 LINCOLN STREET,07042,MONTCLAIR,N,C,NA,C,NA
122 MIDLAND AVENUE,07042,MONTCLAIR,N,C,NA,C,NA
122 MONTCLAIR AVENUE,07043,MONTCLAIR,N,C,NA,C,NA
122 N FULLERTON AVENUE 1ST,07042,MONTCLAIR,Y,C,NA,L,NA
122 N FULLERTON AVENUE 2ND,07042,MONTCLAIR,Y,C,NA,L,NA
122 N MOUNTAIN AVENUE,07042,MONTCLAIR,N,C,NA,C,NA
122 S FULLERTON AVENUE,07042,MONTCLAIR,N,C,NA,C,NA
122 SQUIRE HILL ROAD,07043,MONTCLAIR,N,C,NA,C,NA
122 SUMMIT AVENUE,07043,MONTCLAIR,N,C,NA,C,NA
122 UPPER MOUNTAIN AVENUE,07042,MONTCLAIR,N,C,NA,C,NA
122 WATCHUNG AVENUE,07043,MONTCLAIR,N,C,NA,C,NA
122 WESTVIEW ROAD,07043,MONTCLAIR,N,C,NA,C,NA
122 WILDWOOD AVENUE,07043,MONTCLAIR,N,C,NA,C,NA
122 WILLOWDALE AVENUE,07042,MONTCLAIR,N,C,NA,C,NA
122 YANTACAW BROOK ROAD,07043,MONTCLAIR,N,C,NA,C,NA
123 ALEXANDER AVENUE,07043,MONTCLAIR,N,C,NA,C,NA
123 BEVERLY ROAD,07043,MONTCLAIR,N,C,NA,C,NA
123 BUCKINGHAM ROAD,07043,MONTCLAIR,N,C,NA,C,NA
123 CLAREMONT AVENUE,07042,MONTCLAIR,N,C,NA,C,NA
123 CLAREWILL AVENUE,07043,MONTCLAIR,N,C,NA,C,NA
123 ELM STREET,07042,MONTCLAIR,Y,C,NA,UX,NA
123 FOREST STREET,07042,MONTCLAIR,N,C,NA,C,NA
123 GORDONHURST AVENUE,07043,MONTCLAIR,N,C,NA,C,NA
123 GROVE STREET,07043,MONTCLAIR,N,C,NA,C,NA
123 HELLER WAY,07043,MONTCLAIR,N,C,NA,C,NA
123 HELLER WAY-LAWN SPRIN,07043,MONTCLAIR,N,C,NA,C,NA
123 HIGH STREET,07042,MONTCLAIR,N,C,NA,C,NA
123 INWOOD AVENUE,07043,MONTCLAIR,N,C,NA,C,NA
123 LINCOLN STREET,07042,MONTCLAIR,N,C,NA,C,NA
123 N FULLERTON AVENUE,07042,MONTCLAIR,N,C,NA,C,NA
123 N MOUNTAIN AVENUE 2ND,07042,MONTCLAIR,N,C,NA,C,NA
123 N MOUNTAIN AVENUE 1ST,07042,MONTCLAIR,Y,C,NA,UX,NA
123 SQUIRE HILL ROAD,07043,MONTCLAIR,N,C,NA,C,NA
123 STONEBRIDGE ROAD,07042,MONTCLAIR,N,C,NA,C,NA
123 SUMMIT AVENUE,07043,MONTCLAIR,N,C,NA,C,NA
123 WATCHUNG AVENUE,07043,MONTCLAIR,N,C,NA,C,NA
123 WESTVIEW ROAD,07043,MONTCLAIR,N,C,NA,C,NA
123 WILDWOOD AVENUE,07043,MONTCLAIR,N,C,NA,C,NA
123 WILLOWDALE AVENUE,07042,MONTCLAIR,N,C,NA,C,NA
123 YANTACAW BROOK ROAD,07043,MONTCLAIR,N,C,NA,C,NA
124 BELLEVUE AVENUE,07043,MONTCLAIR,N,C,NA,C,NA
124 BUCKINGHAM ROAD,07043,MONTCLAIR,N,C,NA,C,NA
124 CHRISTOPHER STREET,07043,MONTCLAIR,N,C,NA,C,NA
124 CLAREMONT AVENUE,07042,MONTCLAIR,N,C,NA,C,NA
124 CLINTON AVENUE,07042,MONTCLAIR,N,C,NA,C,NA
124 CHESTNUT STREET,07042,MONTCLAIR,N,C,NA,C,NA
124 COOPER AVENUE,07043,MONTCLAIR,N,C,NA,C,NA
124 EDGEMONT ROAD,07042,MONTCLAIR,N,C,NA,C,NA
124 ELM STREET,07042,MONTCLAIR,Y,C,NA,G,NA
124 GATES AVENUE,07042,MONTCLAIR,N,C,NA,C,NA
124 GORDONHURST AVENUE,07043,MONTCLAIR,N,C,NA,C,NA
124 HARRISON AVENUE,07042,MONTCLAIR,N,C,NA,C,NA
124 INWOOD AVENUE,07043,MONTCLAIR,Y,C,NA,G,NA
124 LLOYD ROAD,07042,MONTCLAIR,N,C,NA,C,NA
124 MIDLAND AVENUE,07042,MONTCLAIR,N,C,NA,C,NA
124 MONTCLAIR AVENUE,07043,MONTCLAIR,N,C,NA,C,NA
124 MAPLE AVENUE,07042,MONTCLAIR,Y,C,NA,UX,NA
124 N MOUNTAIN AVENUE,07042,MONTCLAIR,N,C,NA,C,NA
124 S MOUNTAIN AVENUE,07042,MONTCLAIR,N,C,NA,C,NA
124 STONEBRIDGE ROAD,07042,MONTCLAIR,N,C,NA,C,NA
124 SUMMIT AVENUE,07043,MONTCLAIR,N,C,NA,C,NA
124 VALLEY ROAD - APTK,07043,MONTCLAIR,N,C,NA,C,NA
124 VALLEY ROAD-APT B,07043,MONTCLAIR,N,C,NA,C,NA
124 VALLEY ROAD-APT J,07043,MONTCLAIR,N,C,NA,C,NA
124 VALLEY ROAD-APTC,07043,MONTCLAIR,N,C,NA,C,NA
124 VALLEY ROAD-APTF,07043,MONTCLAIR,N,C,NA,C,NA
124 VALLEY ROAD-APTG,07043,MONTCLAIR,N,C,NA,C,NA
124 VALLEY ROAD-APTH,07043,MONTCLAIR,N,C,NA,C,NA
124 VALLEY ROAD-APTI,07043,MONTCLAIR,N,C,NA,C,NA
124 VALLEY ROAD-APTL,07043,MONTCLAIR,N,C,NA,C,NA
124 VALLEY ROAD,07043,MONTCLAIR,N,C,NA,C,NA
124 WESTVIEW ROAD,07043,MONTCLAIR,N,C,NA,C,NA
124 WILDWOOD AVENUE,07043,MONTCLAIR,N,C,NA,C,NA
124 WATCHUNG AVENUE,07043,MONTCLAIR,N,C,NA,C,NA
125 ALEXANDER AVENUE 1ST,07043,MONTCLAIR,N,C,NA,C,NA
125 ALEXANDER AVENUE 2ND,07043,MONTCLAIR,N,C,NA,C,NA
125 BELLEVUE AVENUE,07043,MONTCLAIR,N,C,NA,C,NA
125 BLOOMFIELD AVENUE,07042,MONTCLAIR,N,C,NA,C,NA
125 CHESTNUT STREET,07042,MONTCLAIR,N,C,NA,C,NA
125 CHRISTOPHER STREET,07043,MONTCLAIR,N,C,NA,C,NA
125 COOPER AVENUE,07043,MONTCLAIR,Y,C,NA,UX,NA
125 EDGEMONT ROAD,07042,MONTCLAIR,N,C,NA,C,NA
125 ELM STREET,07042,MONTCLAIR,N,C,NA,C,NA
125 GATES AVENUE,07042,MONTCLAIR,N,C,NA,C,NA
125 GLENRIDGE AVENUE,07042,MONTCLAIR,N,C,NA,C,NA
125 GORDONHURST AVENUE,07043,MONTCLAIR,N,C,NA,C,NA
125 HIGH STREET,07042,MONTCLAIR,N,C,NA,C,NA
125 INWOOD AVENUE,07043,MONTCLAIR,N,C,NA,C,NA
125 LINCOLN STREET,07042,MONTCLAIR,N,C,NA,C,NA
125 LLOYD ROAD,07042,MONTCLAIR,N,C,NA,C,NA
125 LORRAINE AVENUE,07043,MONTCLAIR,N,C,NA,C,NA
125 MAPLE AVENUE,07042,MONTCLAIR,N,C,NA,C,NA
125 MIDLAND AVENUE,07042,MONTCLAIR,N,C,NA,C,NA
125 MONTCLAIR AVENUE,07043,MONTCLAIR,Y,C,NA,UX,NA
125 N FULLERTON AVENUE,07042,MONTCLAIR,N,C,NA,C,NA
125 NORWOOD AVENUE,07043,MONTCLAIR,N,C,NA,C,NA
125 SQUIRE HILL ROAD,07043,MONTCLAIR,N,C,NA,C,NA
125 SUMMIT AVENUE,07043,MONTCLAIR,N,C,NA,C,NA
125 UPPER MOUNTAIN AVENUE,07042,MONTCLAIR,N,C,NA,C,NA
125 VALLEY ROAD,07043,MONTCLAIR,N,C,NA,C,NA
125 VALLEY ROAD,07043,MONTCLAIR,N,C,NA,C,NA
125 WALNUT STREET 2ND,07042,MONTCLAIR,N,C,NA,C,NA
125 WALNUT STREET-1ST,07042,MONTCLAIR,N,C,NA,C,NA
125 WATCHUNG AVENUE,07043,MONTCLAIR,N,C,NA,C,NA
125 WATCHUNG AVENUE 1ST,07043,MONTCLAIR,N,C,NA,C,NA
125 WESTVIEW ROAD,07043,MONTCLAIR,N,C,NA,C,NA
125 WILLOWDALE AVENUE,07042,MONTCLAIR,N,C,NA,C,NA
125 WILDWOOD AVENUE,07043,MONTCLAIR,Y,C,NA,O,BRASS
126 BUCKINGHAM ROAD,07043,MONTCLAIR,N,C,NA,C,NA
126 BELLEVUE AVENUE,07043,MONTCLAIR,N,C,NA,C,NA
126 CHESTNUT STREET,07042,MONTCLAIR,N,C,NA,C,NA
126 CLAREWILL AVENUE,07043,MONTCLAIR,N,C,NA,C,NA
126 CLINTON AVENUE,07042,MONTCLAIR,N,C,NA,C,NA
126 COOPER AVENUE,07043,MONTCLAIR,N,C,NA,C,NA
126 CHRISTOPHER STREET,07043,MONTCLAIR,N,C,NA,C,NA
126 CLAREMONT AVENUE,07042,MONTCLAIR,Y,C,NA,G,NA
126 ESSEX AVENUE,07042,MONTCLAIR,N,C,NA,C,NA
126 GATES AVENUE,07042,MONTCLAIR,N,C,NA,C,NA
126 GORDONHURST AVENUE,07043,MONTCLAIR,N,C,NA,C,NA
126 HELLER WAY,07043,MONTCLAIR,N,C,NA,C,NA
126 HADDON PLACE,07043,MONTCLAIR,N,C,NA,C,NA
126 LLOYD ROAD,07042,MONTCLAIR,N,C,NA,C,NA
126 LORRAINE AVENUE,07043,MONTCLAIR,N,C,NA,C,NA
126 MONTCLAIR AVENUE,07043,MONTCLAIR,N,C,NA,C,NA
126 MOUNT HEBRON ROAD,07043,MONTCLAIR,N,C,NA,C,NA
126 MIDLAND AVENUE,07042,MONTCLAIR,Y,C,NA,UX,NA
126 SUMMIT AVENUE,07043,MONTCLAIR,N,C,NA,C,NA
126 UNDERCLIFF ROAD,07042,MONTCLAIR,N,C,NA,C,NA
126 VALLEY ROAD,07043,MONTCLAIR,N,C,NA,C,NA
126 WALNUT STREET,07042,MONTCLAIR,N,C,NA,C,NA
126 WESTVIEW ROAD,07043,MONTCLAIR,N,C,NA,C,NA
126 WILDWOOD AVENUE,07043,MONTCLAIR,N,C,NA,C,NA
126-A WILDWOOD AVENUE,07043,MONTCLAIR,N,C,NA,C,NA
127 BUCKINGHAM ROAD,07043,MONTCLAIR,N,C,NA,C,NA
127 CHRISTOPHER STREET,07043,MONTCLAIR,N,C,NA,C,NA
127 CLAREMONT AVENUE,07042,MONTCLAIR,N,C,NA,C,NA
127 EDGEMONT ROAD,07042,MONTCLAIR,N,C,NA,C,NA
127 ELM STREET,07042,MONTCLAIR,N,C,NA,C,NA
127 ESSEX AVENUE,07042,MONTCLAIR,Y,C,NA,G,NA
127 GROVE STREET,07043,MONTCLAIR,N,C,NA,C,NA
127 GORDONHURST AVENUE,07043,MONTCLAIR,N,C,NA,C,NA
127 HADDON PLACE,07043,MONTCLAIR,N,C,NA,C,NA
127 HELLER WAY,07043,MONTCLAIR,N,C,NA,C,NA
127 HIGH STREET,07042,MONTCLAIR,N,C,NA,C,NA
127 INWOOD AVENUE,07043,MONTCLAIR,N,C,NA,C,NA
127 LINCOLN STREET,07042,MONTCLAIR,N,C,NA,C,NA
127 LLEWELLYN ROAD,07042,MONTCLAIR,N,C,NA,C,NA
127 LLOYD ROAD,07042,MONTCLAIR,N,C,NA,C,NA
127 MIDLAND AVENUE,07042,MONTCLAIR,N,C,NA,C,NA
127 MOUNT HEBRON ROAD,07043,MONTCLAIR,N,C,NA,C,NA
127 N FULLERTON AVENUE,07042,MONTCLAIR,N,C,NA,C,NA
127 N MOUNTAIN AVENUE,07042,MONTCLAIR,N,C,NA,C,NA
127 PINE STREET,07042,MONTCLAIR,N,C,NA,O,cast iron
127 S MOUNTAIN AVENUE,07042,MONTCLAIR,N,C,NA,C,NA
127 SQUIRE HILL ROAD,07043,MONTCLAIR,N,C,NA,C,NA
127 SUMMIT AVENUE,07043,MONTCLAIR,N,C,NA,C,NA
127 UNDERCLIFF ROAD,07042,MONTCLAIR,N,C,NA,C,NA
127 VALLEY ROAD,07043,MONTCLAIR,N,C,NA,C,NA
127 WATCHUNG AVENUE 2ND,07043,MONTCLAIR,N,C,NA,C,NA
127 WESTVIEW ROAD,07043,MONTCLAIR,N,C,NA,C,NA
127 WATCHUNG AVENUE 1ST,07043,MONTCLAIR,Y,C,NA,L,NA
127 WATCHUNG AVENUE 2ND,07043,MONTCLAIR,Y,C,NA,L,NA
128 ALEXANDER AVENUE,07043,MONTCLAIR,N,C,NA,C,NA
128 BUCKINGHAM ROAD,07043,MONTCLAIR,N,C,NA,C,NA
128 CHESTNUT STREET,07042,MONTCLAIR,N,C,NA,C,NA
128 CLAREMONT AVENUE,07042,MONTCLAIR,N,C,NA,C,NA
128 COOPER AVENUE,07043,MONTCLAIR,N,C,NA,C,NA
128 CHRISTOPHER STREET,07043,MONTCLAIR,N,C,NA,C,NA
128 GORDONHURST AVENUE,07043,MONTCLAIR,N,C,NA,C,NA
128 HADDON PLACE,07043,MONTCLAIR,N,C,NA,C,NA
128 HIGH STREET,07042,MONTCLAIR,N,C,NA,C,NA
128 HIGHLAND AVENUE,07043,MONTCLAIR,N,C,NA,C,NA
128 INWOOD AVENUE,07043,MONTCLAIR,N,C,NA,C,NA
128 LINCOLN STREET,07042,MONTCLAIR,N,C,NA,C,NA
128 MAPLE AVENUE,07042,MONTCLAIR,N,C,NA,C,NA
128 N FULLERTON AVENUE,07042,MONTCLAIR,N,C,NA,C,NA
128 N MOUNTAIN AVENUE,07042,MONTCLAIR,N,C,NA,C,NA
128 NORWOOD AVENUE,07043,MONTCLAIR,N,C,NA,C,NA
128 S MOUNTAIN AVENUE,07042,MONTCLAIR,N,C,NA,C,NA
128 SQUIRE HILL ROAD,07043,MONTCLAIR,N,C,NA,C,NA
128 SUMMIT AVENUE,07043,MONTCLAIR,N,C,NA,C,NA
128 WALNUT STREET,07042,MONTCLAIR,N,C,NA,C,NA
128 WATCHUNG AVENUE,07043,MONTCLAIR,N,C,NA,C,NA
128 WESTVIEW ROAD,07043,MONTCLAIR,N,C,NA,C,NA
128 WILDWOOD AVENUE,07043,MONTCLAIR,N,C,NA,C,NA
129 ALEXANDER AVENUE,07043,MONTCLAIR,N,C,NA,C,NA
129 BELLEVUE AVENUE,07043,MONTCLAIR,N,C,NA,C,NA
129 CHESTNUT STREET,07042,MONTCLAIR,N,C,NA,C,NA
129 CLAREMONT AVENUE 2ND,07042,MONTCLAIR,N,C,NA,C,NA
129 CLAREMONT AVENUE- 1ST FL,07042,MONTCLAIR,N,C,NA,C,NA
129 COOPER AVENUE,07043,MONTCLAIR,N,C,NA,C,NA
129 CHRISTOPHER STREET,07043,MONTCLAIR,Y,C,NA,UX,NA
129 CLAREWILL AVENUE,07043,MONTCLAIR,N,C,NA,C,NA
129 ELM STREET,07042,MONTCLAIR,N,C,NA,C,NA
129 GORDONHURST AVENUE,07043,MONTCLAIR,N,C,NA,C,NA
129 GROVE STREET,07043,MONTCLAIR,N,C,NA,C,NA
129 HADDON PLACE,07043,MONTCLAIR,N,C,NA,C,NA
129 HIGH STREET,07042,MONTCLAIR,N,C,NA,C,NA
129 LINCOLN STREET,07042,MONTCLAIR,N,C,NA,C,NA
129 LLEWELLYN ROAD,07042,MONTCLAIR,N,C,NA,C,NA
129 MAPLE AVENUE APT.5,07042,MONTCLAIR,N,C,NA,C,NA
129 MAPLE AVENUE APT1,07042,MONTCLAIR,N,C,NA,C,NA
129 MAPLE AVENUE APT2,07042,MONTCLAIR,N,C,NA,C,NA
129 MAPLE AVENUE APT3,07042,MONTCLAIR,N,C,NA,C,NA
129 MAPLE AVENUE APT4,07042,MONTCLAIR,N,C,NA,C,NA
129 MAPLE AVENUE-APT6,07042,MONTCLAIR,N,C,NA,C,NA
129 MIDLAND AVENUE,07042,MONTCLAIR,N,C,NA,C,NA
129 MOUNT HEBRON ROAD,07043,MONTCLAIR,N,C,NA,C,NA
129 N FULLERTON AVENUE,07042,MONTCLAIR,N,C,NA,C,NA
129 NORWOOD AVENUE,07043,MONTCLAIR,N,C,NA,C,NA
129 ORANGE ROAD,07042,MONTCLAIR,N,C,NA,C,NA
129 SUMMIT AVENUE,07043,MONTCLAIR,N,C,NA,C,NA
129 UNION STREET,07042,MONTCLAIR,N,C,NA,C,NA
129 VALLEY ROAD,07043,MONTCLAIR,N,C,NA,C,NA
129 WALNUT STREET,07042,MONTCLAIR,N,C,NA,C,NA
129 WESTVIEW ROAD,07043,MONTCLAIR,N,C,NA,C,NA
129 WILDWOOD AVENUE,07043,MONTCLAIR,N,C,NA,C,NA
12A N WILLOW STREET,07042,MONTCLAIR,N,C,NA,C,NA
13 AMELIA STREET,07042,MONTCLAIR,N,C,NA,C,NA
13 BELLAIRE DRIVE,07042,MONTCLAIR,N,C,NA,C,NA
13 BRIAR HILL ROAD,07042,MONTCLAIR,N,C,NA,C,NA
13 CARLISLE ROAD,07043,MONTCLAIR,N,C,NA,C,NA
13 CHAMPLAIN TERRACE,07042,MONTCLAIR,N,C,NA,C,NA
13 CLOVERHILL PLACE,07042,MONTCLAIR,N,C,NA,C,NA
13 CENTRAL AVENUE 1ST,07042,MONTCLAIR,N,C,NA,C,NA
13 CENTRAL AVENUE 2ND,07042,MONTCLAIR,N,C,NA,C,NA
13 CHESTER ROAD,07043,MONTCLAIR,N,C,NA,C,NA
13 COLUMBUS AVENUE,07042,MONTCLAIR,Y,C,NA,G,NA
13 ELIZABETH ROAD,07043,MONTCLAIR,N,C,NA,C,NA
13 ELSTON ROAD,07043,MONTCLAIR,N,C,NA,C,NA
13 FAIRMOUNT AVENUE,07043,MONTCLAIR,N,C,NA,C,NA
13 FULTON STREET,07042,MONTCLAIR,N,C,NA,C,NA
13 GRAHAM TERRACE,07042,MONTCLAIR,N,C,NA,C,NA
13 GARDEN STREET,07042,MONTCLAIR,N,C,NA,C,NA
13 GARDINER PLACE,07042,MONTCLAIR,Y,C,NA,UX,NA
13 HILLTOP PLACE,07042,MONTCLAIR,N,C,NA,C,NA
13 HOLLYWOOD AVENUE,07042,MONTCLAIR,N,C,NA,C,NA
13 JAMES STREET,07042,MONTCLAIR,Y,C,NA,G,NA
13 KIPS RIDGE,07044,MONTCLAIR,N,C,NA,C,NA
13 KIPS RIDGE-SPRINKLER,07044,MONTCLAIR,N,C,NA,C,NA
13 LEXINGTON AVENUE,07042,MONTCLAIR,N,C,NA,C,NA
13 MARQUETTE ROAD,07043,MONTCLAIR,N,C,NA,C,NA
13 MARSTON PLACE,07042,MONTCLAIR,N,C,NA,C,NA
13 MIDLAND AVENUE,07042,MONTCLAIR,N,C,NA,C,NA
13 MONTAGUE PLACE,07042,MONTCLAIR,N,C,NA,C,NA
13 MONTCLAIR AVENUE,07043,MONTCLAIR,N,C,NA,C,NA
13 MOUNT VERNON ROAD,07043,MONTCLAIR,N,C,NA,C,NA
13 MOUNTAIN VIEW PLACE,07042,MONTCLAIR,N,C,NA,C,NA
13 MOUNTAINVIEW PLACE,07042,MONTCLAIR,N,C,NA,C,NA
13 NEW STREET,07042,MONTCLAIR,N,C,NA,C,NA
13 NORMAN ROAD,07043,MONTCLAIR,N,C,NA,C,NA
13 OXFORD STREET 1ST,07042,MONTCLAIR,N,C,NA,C,NA
13 OXFORD STREET 2ND,07042,MONTCLAIR,N,C,NA,C,NA
13 PARK TERRACE,07043,MONTCLAIR,N,C,NA,C,NA
13 PLEASANT AVENUE,07042,MONTCLAIR,N,C,NA,C,NA
13 POTTER COURT,07043,MONTCLAIR,N,C,NA,C,NA
13 PATTON PLACE,07043,MONTCLAIR,N,C,NA,C,NA
13 PROSPECT AVENUE,07042,MONTCLAIR,Y,C,NA,UX,NA
13 SKYTOP TERRACE,07043,MONTCLAIR,N,C,NA,C,NA
13 STANFORD PLACE,07042,MONTCLAIR,N,C,NA,C,NA
13 STEPHEN STREET,07042,MONTCLAIR,N,C,NA,C,NA
13 STONEHENGE ROAD,07043,MONTCLAIR,N,C,NA,C,NA
13 SYLVAN PLACE,07042,MONTCLAIR,N,C,NA,C,NA
13 TALBOT STREET,07042,MONTCLAIR,N,C,NA,C,NA
13 THE FAIRWAY,07043,MONTCLAIR,N,C,NA,C,NA
13 TRINITY PLACE,07042,MONTCLAIR,N,C,NA,C,NA
13 TRINITY PLACE,07042,MONTCLAIR,N,C,NA,C,NA
13 VINCENT PLACE,07042,MONTCLAIR,N,C,NA,C,NA
13 WARMAN STREET,07042,MONTCLAIR,N,C,NA,C,NA
13 WHEELER STREET,07042,MONTCLAIR,N,C,NA,C,NA
13 WILFRED STREET,07042,MONTCLAIR,N,C,NA,C,NA
13 WILLOWMERE AVENUE,07042,MONTCLAIR,N,C,NA,C,NA
13 WOODLAND AVENUE,07042,MONTCLAIR,N,C,NA,C,NA
13 WARD PLACE,07042,MONTCLAIR,Y,C,NA,L,NA
13 WELLESLEY ROAD,07043,MONTCLAIR,N,C,NA,C,NA
13 WILLARD PLACE,07042,MONTCLAIR,N,C,NA,C,NA
13-17 S FULLERTON AVENUE,07042,MONTCLAIR,N,C,NA,C,NA
130 ALEXANDER AVENUE,07043,MONTCLAIR,N,C,NA,C,NA
130 BELLEVUE AVENUE,07043,MONTCLAIR,N,C,NA,C,NA
130 BUCKINGHAM ROAD,07043,MONTCLAIR,N,C,NA,C,NA
130 CLAREMONT AVENUE,07042,MONTCLAIR,N,C,NA,C,NA
130 CENTRAL AVENUE,07042,MONTCLAIR,N,C,NA,C,NA
130 CLAREWILL AVENUE,07043,MONTCLAIR,N,C,NA,C,NA
130 EDGEMONT ROAD,07042,MONTCLAIR,N,C,NA,C,NA
130 ESSEX AVENUE,07042,MONTCLAIR,N,C,NA,C,NA
130 FOREST STREET,07042,MONTCLAIR,N,C,NA,C,NA
130 GORDONHURST AVENUE,07043,MONTCLAIR,N,C,NA,C,NA
130 GATES AVENUE,07042,MONTCLAIR,N,C,NA,C,NA
130 HELLER WAY,07043,MONTCLAIR,N,C,NA,C,NA
130 HIGH STREET,07042,MONTCLAIR,N,C,NA,C,NA
130 LLOYD ROAD,07042,MONTCLAIR,Y,C,NA,G,NA
130 MAPLE AVENUE 1ST,07042,MONTCLAIR,N,C,NA,C,NA
130 MAPLE AVENUE 2ND,07042,MONTCLAIR,N,C,NA,C,NA
130 MIDLAND AVENUE,07042,MONTCLAIR,Y,C,NA,L,NA
130 MONTCLAIR AVENUE,07043,MONTCLAIR,N,C,NA,C,NA
130 N FULLERTON AVENUE,07042,MONTCLAIR,N,C,NA,C,NA
130 N MOUNTAIN AVENUE,07042,MONTCLAIR,N,C,NA,C,NA
130 SQUIRE HILL ROAD,07043,MONTCLAIR,N,C,NA,C,NA
130 SUMMIT AVENUE,07043,MONTCLAIR,N,C,NA,C,NA
130 VALLEY ROAD,07043,MONTCLAIR,N,C,NA,C,NA
130 WALNUT STREET,07042,MONTCLAIR,N,C,NA,C,NA
130 WESTVIEW ROAD,07043,MONTCLAIR,N,C,NA,C,NA
130 WILDWOOD AVENUE,07043,MONTCLAIR,N,C,NA,C,NA
131 BUCKINGHAM ROAD,07043,MONTCLAIR,N,C,NA,C,NA
131 CHRISTOPHER STREET,07043,MONTCLAIR,N,C,NA,C,NA
131 CLAREMONT AVENUE,07042,MONTCLAIR,N,C,NA,C,NA
131 CLAREWILL AVENUE,07043,MONTCLAIR,N,C,NA,C,NA
131 GLENRIDGE AVENUE,07042,MONTCLAIR,N,C,NA,C,NA
131 GORDONHURST AVENUE,07043,MONTCLAIR,N,C,NA,C,NA
131 GROVE STREET,07043,MONTCLAIR,N,C,NA,C,NA
131 HADDON PLACE,07043,MONTCLAIR,N,C,NA,C,NA
131 HELLER WAY,07043,MONTCLAIR,N,C,NA,C,NA
131 HIGH STREET,07042,MONTCLAIR,N,C,NA,C,NA
131 HIGHLAND AVENUE,07043,MONTCLAIR,N,C,NA,C,NA
131 INWOOD AVENUE,07043,MONTCLAIR,N,C,NA,O,Iron
131 LLEWELLYN ROAD,07042,MONTCLAIR,N,C,NA,C,NA
131 LORRAINE AVENUE,07043,MONTCLAIR,N,C,NA,C,NA
131 MIDLAND AVENUE,07042,MONTCLAIR,N,C,NA,C,NA
131 MIDLAND AVENUE-1ST,07042,MONTCLAIR,N,C,NA,C,NA
131 N MOUNTAIN AVENUE,07042,MONTCLAIR,N,C,NA,C,NA
131 PINE STREET,07042,MONTCLAIR,N,C,NA,C,NA
131 SQUIRE HILL ROAD,07043,MONTCLAIR,N,C,NA,C,NA
131 SUMMIT AVENUE,07043,MONTCLAIR,N,C,NA,C,NA
131 UPPER MOUNTAIN AVENUE,07042,MONTCLAIR,N,C,NA,C,NA
131 VALLEY ROAD,07043,MONTCLAIR,N,C,NA,C,NA
131 WILDWOOD AVENUE,07043,MONTCLAIR,N,C,NA,C,NA
131 WATCHUNG AVENUE,07043,MONTCLAIR,N,C,NA,C,NA
132 ALEXANDER AVENUE,07043,MONTCLAIR,Y,C,NA,UX,NA
132 BELLEVUE AVENUE,07043,MONTCLAIR,N,C,NA,C,NA
132 BUCKINGHAM ROAD,07043,MONTCLAIR,N,C,NA,C,NA
132 CENTRAL AVENUE,07042,MONTCLAIR,N,C,NA,C,NA
132 CHRISTOPHER STREET,07043,MONTCLAIR,N,C,NA,C,NA
132 CLAREMONT AVENUE,07042,MONTCLAIR,Y,C,NA,UX,NA
132 FOREST STREET,07042,MONTCLAIR,Y,C,NA,UX,NA
132 GORDONHURST AVENUE,07043,MONTCLAIR,N,C,NA,C,NA
132 HADDON PLACE,07043,MONTCLAIR,N,C,NA,C,NA
132 HIGH STREET,07042,MONTCLAIR,N,C,NA,C,NA
132 INWOOD AVENUE,07043,MONTCLAIR,N,C,NA,C,NA
132 LINCOLN STREET,07042,MONTCLAIR,N,C,NA,C,NA
132 LORRAINE AVENUE,07043,MONTCLAIR,N,C,NA,C,NA
132 MONTCLAIR AVENUE,07043,MONTCLAIR,N,C,NA,C,NA
132 MIDLAND AVENUE,07042,MONTCLAIR,Y,C,NA,L,NA
132 N FULLERTON AVENUE,07042,MONTCLAIR,N,C,NA,C,NA
132 NORWOOD AVENUE,07043,MONTCLAIR,N,C,NA,C,NA
132 S MOUNTAIN AVENUE,07042,MONTCLAIR,N,C,NA,C,NA
132 SQUIRE HILL ROAD,07043,MONTCLAIR,N,C,NA,C,NA
132 SUMMIT AVENUE,07043,MONTCLAIR,Y,C,NA,G,NA
132 VALLEY ROAD,07043,MONTCLAIR,N,C,NA,C,NA
132 WALNUT STREET,07042,MONTCLAIR,N,C,NA,C,NA
132 WATCHUNG AVENUE,07043,MONTCLAIR,N,C,NA,C,NA
132 WATCHUNG AVENUE 2ND,07043,MONTCLAIR,N,C,NA,C,NA
132 WILDWOOD AVENUE,07043,MONTCLAIR,N,C,NA,C,NA
133 BELLEVUE AVENUE,07043,MONTCLAIR,N,C,NA,C,NA
133 BUCKINGHAM ROAD,07043,MONTCLAIR,N,C,NA,C,NA
133 CLAREMONT AVENUE-1ST,07042,MONTCLAIR,N,C,NA,C,NA
133 CLAREMONT AVENUE-2ND,07042,MONTCLAIR,N,C,NA,C,NA
133 COOPER AVENUE,07043,MONTCLAIR,N,C,NA,C,NA
133 CHESTNUT STREET,07042,MONTCLAIR,Y,C,NA,O,BRASS
133 CHRISTOPHER STREET,07043,MONTCLAIR,N,C,NA,C,NA
133 GROVE STREET,07043,MONTCLAIR,N,C,NA,C,NA
133 HIGH STREET,07042,MONTCLAIR,N,C,NA,C,NA
133 HADDON PLACE,07043,MONTCLAIR,Y,C,NA,UX,NA
133 MAPLE AVENUE,07042,MONTCLAIR,N,C,NA,C,NA
133 MIDLAND AVENUE 1ST,07042,MONTCLAIR,Y,C,NA,UX,NA
133 MIDLAND AVENUE 2ND,07042,MONTCLAIR,Y,C,NA,UX,NA
133 MONTCLAIR AVENUE,07043,MONTCLAIR,N,C,NA,C,NA
133 N FULLERTON AVENUE,07042,MONTCLAIR,N,C,NA,C,NA
133 N MOUNTAIN AVENUE,07042,MONTCLAIR,N,C,NA,C,NA
133 NORWOOD AVENUE,07043,MONTCLAIR,N,C,NA,C,NA
133 SUMMIT AVENUE,07043,MONTCLAIR,N,C,NA,C,NA
133 UNDERCLIFF ROAD,07042,MONTCLAIR,N,C,NA,C,NA
133 UNION STREET,07042,MONTCLAIR,N,C,NA,C,NA
133 WALNUT STREET,07042,MONTCLAIR,N,C,NA,C,NA
133 WATCHUNG AVENUE,07043,MONTCLAIR,N,C,NA,C,NA
133 WESTVIEW ROAD,07043,MONTCLAIR,N,C,NA,C,NA
133 WILDWOOD AVENUE,07043,MONTCLAIR,N,C,NA,C,NA
133 WILLOWDALE AVENUE-1ST,07042,MONTCLAIR,N,C,NA,C,NA
133 WILLOWDALE AVENUE-2ND,07042,MONTCLAIR,N,C,NA,C,NA
134 BUCKINGHAM ROAD,07043,MONTCLAIR,N,C,NA,C,NA
134 COOPER AVENUE,07043,MONTCLAIR,N,C,NA,C,NA
134 CHESTNUT STREET,07042,MONTCLAIR,N,C,NA,C,NA
134 CLAREMONT AVENUE 1ST,07042,MONTCLAIR,N,C,NA,C,NA
134 CLAREMONT AVENUE 2ND,07042,MONTCLAIR,N,C,NA,C,NA
134 CLAREWILL AVENUE,07043,MONTCLAIR,N,C,NA,C,NA
134 FOREST STREET,07042,MONTCLAIR,N,C,NA,C,NA
134 GROVE STREET,07043,MONTCLAIR,N,C,NA,C,NA
134 HELLER WAY,07043,MONTCLAIR,N,C,NA,C,NA
134 HIGH STREET,07042,MONTCLAIR,N,C,NA,C,NA
134 HIGHLAND AVENUE,07043,MONTCLAIR,Y,C,NA,O,Brass
134 MONTCLAIR AVENUE,07043,MONTCLAIR,N,C,NA,C,NA
134 SQUIRE HILL ROAD,07043,MONTCLAIR,N,C,NA,C,NA
134 SUMMIT AVENUE,07043,MONTCLAIR,N,C,NA,C,NA
134 VALLEY ROAD,07043,MONTCLAIR,N,C,NA,C,NA
134 WATCHUNG AVENUE,07043,MONTCLAIR,N,C,NA,C,NA
134 WESTVIEW ROAD,07043,MONTCLAIR,N,C,NA,C,NA
134 WILDWOOD AVENUE,07043,MONTCLAIR,N,C,NA,C,NA
135 BELLEVUE AVENUE,07043,MONTCLAIR,N,C,NA,C,NA
135 BUCKINGHAM ROAD,07043,MONTCLAIR,N,C,NA,C,NA
135 CLAREMONT AVENUE 1ST,07042,MONTCLAIR,N,C,NA,C,NA
135 CLAREMONT AVENUE 2ND,07042,MONTCLAIR,N,C,NA,C,NA
135 FOREST STREET,07042,MONTCLAIR,N,C,NA,C,NA
135 GROVE STREET,07043,MONTCLAIR,N,C,NA,C,NA
135 HADDON PLACE,07043,MONTCLAIR,N,C,NA,C,NA
135 HIGH STREET,07042,MONTCLAIR,N,C,NA,C,NA
135 INWOOD AVENUE,07043,MONTCLAIR,N,C,NA,C,NA
135 LINCOLN STREET,07042,MONTCLAIR,N,C,NA,C,NA
135 MIDLAND AVENUE 1ST,07042,MONTCLAIR,N,C,NA,C,NA
135 MIDLAND AVENUE 2ND,07042,MONTCLAIR,N,C,NA,C,NA
135 MONTCLAIR AVENUE,07043,MONTCLAIR,N,C,NA,C,NA
135 N MOUNTAIN AVENUE,07042,MONTCLAIR,N,C,NA,C,NA
135 NORWOOD AVENUE,07043,MONTCLAIR,N,C,NA,C,NA
135 SQUIRE HILL ROAD,07043,MONTCLAIR,N,C,NA,C,NA
135 SUMMIT AVENUE,07043,MONTCLAIR,N,C,NA,C,NA
135 WILDWOOD AVENUE,07043,MONTCLAIR,N,C,NA,C,NA
135 WATCHUNG AVENUE,07043,MONTCLAIR,N,C,NA,C,NA
135 WILLOWDALE AVENUE 1ST,07042,MONTCLAIR,N,C,NA,C,NA
135 WILLOWDALE AVENUE 2ND,07042,MONTCLAIR,N,C,NA,C,NA
136 ALEXANDER AVENUE,07043,MONTCLAIR,N,C,NA,C,NA
136 BELLEVUE AVENUE,07043,MONTCLAIR,N,C,NA,C,NA
136 CHESTNUT STREET,07042,MONTCLAIR,N,C,NA,C,NA
136 CHRISTOPHER STREET,07043,MONTCLAIR,N,C,NA,C,NA
136 CLAREMONT AVENUE,07042,MONTCLAIR,N,C,NA,C,NA
136 FOREST STREET,07042,MONTCLAIR,N,C,NA,C,NA
136 GROVE STREET,07043,MONTCLAIR,N,C,NA,C,NA
136 HIGH STREET,07042,MONTCLAIR,N,C,NA,C,NA
136 HADDON PLACE,07043,MONTCLAIR,N,C,NA,C,NA
136 INWOOD AVENUE,07043,MONTCLAIR,N,C,NA,C,NA
136 LINCOLN STREET,07042,MONTCLAIR,N,C,NA,C,NA
136 LORRAINE AVENUE,07043,MONTCLAIR,N,C,NA,C,NA
136 MONTCLAIR AVENUE,07043,MONTCLAIR,N,C,NA,C,NA
136 N MOUNTAIN AVENUE,07042,MONTCLAIR,N,C,NA,C,NA
136 SQUIRE HILL ROAD,07043,MONTCLAIR,N,C,NA,C,NA
136 SUMMIT AVENUE,07043,MONTCLAIR,N,C,NA,C,NA
136 UPPER MOUNTAIN AVENUE,07042,MONTCLAIR,N,C,NA,C,NA
136 VALLEY ROAD,07043,MONTCLAIR,N,C,NA,C,NA
136 WILDWOOD AVENUE,07043,MONTCLAIR,N,C,NA,C,NA
136 WATCHUNG AVENUE,07043,MONTCLAIR,N,C,NA,C,NA
137 BELLEVUE AVENUE,07043,MONTCLAIR,N,C,NA,C,NA
137 BUCKINGHAM ROAD,07043,MONTCLAIR,N,C,NA,C,NA
137 CENTRAL AVENUE,07042,MONTCLAIR,N,C,NA,C,NA
137 CLAREMONT AVENUE-1ST,07042,MONTCLAIR,N,C,NA,C,NA
137 CLAREMONT AVENUE-2ND,07042,MONTCLAIR,N,C,NA,C,NA
137 COOPER AVENUE,07043,MONTCLAIR,N,C,NA,C,NA
137 CLAREWILL AVENUE,07043,MONTCLAIR,N,C,NA,C,NA
137 FOREST STREET,07042,MONTCLAIR,N,C,NA,C,NA
137 GORDONHURST AVENUE,07043,MONTCLAIR,N,C,NA,C,NA
137 GROVE STREET,07043,MONTCLAIR,N,C,NA,C,NA
137 HADDON PLACE,07043,MONTCLAIR,N,C,NA,C,NA
137 HIGH STREET,07042,MONTCLAIR,N,C,NA,C,NA
137 LORRAINE AVENUE,07043,MONTCLAIR,N,C,NA,C,NA
137 LINCOLN STREET,07042,MONTCLAIR,N,C,NA,C,NA
137 MAPLE AVENUE,07042,MONTCLAIR,N,C,NA,C,NA
137 MONTCLAIR AVENUE,07043,MONTCLAIR,N,C,NA,C,NA
137 N FULLERTON AVENUE,07042,MONTCLAIR,N,C,NA,C,NA
137 N MOUNTAIN AVENUE,07042,MONTCLAIR,N,C,NA,C,NA
137 SQUIRE HILL ROAD,07043,MONTCLAIR,N,C,NA,C,NA
137 SUMMIT AVENUE,07043,MONTCLAIR,N,C,NA,C,NA
137 UPPER MOUNTAIN AVENUE,07042,MONTCLAIR,N,C,NA,C,NA
137 UNDERCLIFF ROAD,07042,MONTCLAIR,N,C,NA,C,NA
137 VALLEY ROAD,07043,MONTCLAIR,N,C,NA,C,NA
137 WALNUT STREET,07042,MONTCLAIR,N,C,NA,C,NA
137 WILLOWDALE AVENUE,07042,MONTCLAIR,N,C,NA,C,NA
137 WILLOWDALE AVENUE 1ST,07042,MONTCLAIR,N,C,NA,C,NA
137-A HIGH STREET,07042,MONTCLAIR,N,C,NA,C,NA
138 ALEXANDER AVENUE,07043,MONTCLAIR,N,C,NA,C,NA
138 BUCKINGHAM ROAD,07043,MONTCLAIR,N,C,NA,C,NA
138 CHESTNUT STREET,07042,MONTCLAIR,N,C,NA,C,NA
138 CLAREMONT AVENUE,07042,MONTCLAIR,N,C,NA,C,NA
138 COOPER AVENUE,07043,MONTCLAIR,N,C,NA,C,NA
138 GORDONHURST AVENUE,07043,MONTCLAIR,N,C,NA,C,NA
138 GROVE STREET,07043,MONTCLAIR,N,C,NA,C,NA
138 HADDON PLACE,07043,MONTCLAIR,Y,C,NA,UX,NA
138 HIGH STREET,07042,MONTCLAIR,N,C,NA,C,NA
138 LINCOLN STREET,07042,MONTCLAIR,N,C,NA,C,NA
138 LLOYD ROAD,07042,MONTCLAIR,N,C,NA,C,NA
138 MAPLE AVENUE 1ST,07042,MONTCLAIR,N,C,NA,C,NA
138 MAPLE AVENUE-2ND,07042,MONTCLAIR,N,C,NA,C,NA
138 MONTCLAIR AVENUE,07043,MONTCLAIR,N,C,NA,C,NA
138 N MOUNTAIN AVENUE,07042,MONTCLAIR,N,C,NA,C,NA
138 SQUIRE HILL ROAD,07043,MONTCLAIR,N,C,NA,C,NA
138 SUMMIT AVENUE,07043,MONTCLAIR,N,C,NA,C,NA
138 WALNUT STREET,07042,MONTCLAIR,N,C,NA,C,NA
138 WILDWOOD AVENUE,07043,MONTCLAIR,N,C,NA,C,NA
138-A HIGH STREET,07042,MONTCLAIR,N,C,NA,C,NA
139 BELLEVUE AVENUE,07043,MONTCLAIR,N,C,NA,C,NA
139 BUCKINGHAM ROAD,07043,MONTCLAIR,N,C,NA,C,NA
139 CHESTNUT STREET,07042,MONTCLAIR,N,C,NA,C,NA
139 CLAREMONT AVENUE,07042,MONTCLAIR,N,C,NA,C,NA
139 COOPER AVENUE,07043,MONTCLAIR,N,C,NA,C,NA
139 FOREST STREET,07042,MONTCLAIR,N,C,NA,C,NA
139 GATES AVENUE,07042,MONTCLAIR,N,C,NA,C,NA
139 GROVE STREET,07043,MONTCLAIR,N,C,NA,C,NA
139 HADDON PLACE,07043,MONTCLAIR,N,C,NA,C,NA
139 LINCOLN STREET,07042,MONTCLAIR,N,C,NA,C,NA
139 MONTCLAIR AVENUE,07043,MONTCLAIR,N,C,NA,C,NA
139 N FULLERTON AVENUE,07042,MONTCLAIR,N,C,NA,C,NA
139 SUMMIT AVENUE,07043,MONTCLAIR,N,C,NA,C,NA
139 UNION STREET,07042,MONTCLAIR,N,C,NA,C,NA
139 VALLEY ROAD,07043,MONTCLAIR,N,C,NA,C,NA
139 WILLOWDALE AVENUE,07042,MONTCLAIR,N,C,NA,C,NA
139-A HIGH STREET,07042,MONTCLAIR,N,C,NA,C,NA
139-B HIGH STREET,07042,MONTCLAIR,N,C,NA,C,NA
13A WASHINGTON STREET,07042,MONTCLAIR,N,C,NA,C,NA
13B WASHINGTON STREET,07042,MONTCLAIR,N,C,NA,C,NA
14 ALDEN ROAD,07042,MONTCLAIR,N,C,NA,C,NA
14 ALEXANDER AVENUE,07043,MONTCLAIR,N,C,NA,C,NA
14 ALVIN PLACE,07043,MONTCLAIR,N,C,NA,C,NA
14 AUBREY ROAD,07043,MONTCLAIR,N,C,NA,C,NA
14 AMELIA STREET,07042,MONTCLAIR,N,C,NA,C,NA
14 BALDWIN STREET,07042,MONTCLAIR,N,C,NA,C,NA
14 BELLEGROVE DRIVE,07043,MONTCLAIR,N,C,NA,C,NA
14 BERKELEY PLACE,07042,MONTCLAIR,N,C,NA,C,NA
14 BRAEMORE ROAD,07043,MONTCLAIR,N,C,NA,C,NA
14 BRAINARD STREET,07043,MONTCLAIR,N,C,NA,C,NA
14 BROOKFIELD ROAD 1ST,07043,MONTCLAIR,N,C,NA,C,NA
14 BROOKFIELD ROAD 2ND,07043,MONTCLAIR,N,C,NA,C,NA
14 BRUCE ROAD,07043,MONTCLAIR,N,C,NA,C,NA
14 BRUNSWICK ROAD,07042,MONTCLAIR,N,C,NA,C,NA
14 BURNSIDE STREET,07043,MONTCLAIR,N,C,NA,C,NA
14 BRADFORD WAY,07043,MONTCLAIR,Y,C,NA,UX,NA
14 CAREY COURT,07042,MONTCLAIR,N,C,NA,C,NA
14 CARLTON DRIVE,07043,MONTCLAIR,N,C,NA,C,NA
14 CARRIAGE WAY,07042,MONTCLAIR,N,C,NA,C,NA
14 CHARLES STREET,07042,MONTCLAIR,N,C,NA,C,NA
14 CHESTER ROAD,07043,MONTCLAIR,N,C,NA,C,NA
14 CLAREMONT AVENUE,07042,MONTCLAIR,N,C,NA,C,NA
14 CLINTON AVENUE,07042,MONTCLAIR,N,C,NA,C,NA
14 CLOVERHILL PLACE,07042,MONTCLAIR,N,C,NA,C,NA
14 CLUB ROAD,07043,MONTCLAIR,N,C,NA,C,NA
14 COLLEGE AVENUE,07043,MONTCLAIR,N,C,NA,C,NA
14 COLUMBUS AVENUE,07042,MONTCLAIR,N,C,NA,C,NA
14 COTTAGE PLACE,07042,MONTCLAIR,N,C,NA,C,NA
14 CROSS STREET,07042,MONTCLAIR,N,C,NA,C,NA
14 CAPRON LANE,07043,MONTCLAIR,N,C,NA,C,NA
14 CLAIRIDGE COURT,07042,MONTCLAIR,Y,C,NA,G,NA
14 CORNELL WAY,07043,MONTCLAIR,Y,C,NA,L,NA
14 DURYEA ROAD,07043,MONTCLAIR,N,C,NA,C,NA
14 EDGECLIFF ROAD,07043,MONTCLAIR,N,C,NA,C,NA
14 ELIZABETH ROAD,07043,MONTCLAIR,N,C,NA,C,NA
14 ELMWOOD AVENUE 1ST,07042,MONTCLAIR,N,C,NA,C,NA
14 ELMWOOD AVENUE 2ND,07042,MONTCLAIR,N,C,NA,C,NA
14 ELSTON ROAD,07043,MONTCLAIR,N,C,NA,C,NA
14 ENFIELD AVENUE,07042,MONTCLAIR,N,C,NA,C,NA
14 ERWIN PARK ROAD,07042,MONTCLAIR,N,C,NA,C,NA
14 FAIRFIELD STREET,07042,MONTCLAIR,N,C,NA,C,NA
14 FAIRMOUNT AVENUE,07043,MONTCLAIR,N,C,NA,C,NA
14 FAIRVIEW PLACE,07043,MONTCLAIR,N,C,NA,C,NA
14 FOREST STREET,07042,MONTCLAIR,N,C,NA,C,NA
14 FRANKLIN PLACE,07042,MONTCLAIR,N,C,NA,C,NA
14 FRIENDSHIP PLACE,07042,MONTCLAIR,N,C,NA,C,NA
14 FRINK STREET,07042,MONTCLAIR,N,C,NA,C,NA
14 FIDELITY PLACE,07042,MONTCLAIR,Y,C,NA,UX,NA
14 FRANCIS PLACE,07042,MONTCLAIR,N,C,NA,C,NA
14 GARDINER PLACE,07042,MONTCLAIR,N,C,NA,C,NA
14 GLENSIDE TERRACE,07043,MONTCLAIR,N,C,NA,C,NA
14 GODFREY ROAD,07043,MONTCLAIR,N,C,NA,C,NA
14 GRENADA PLACE,07042,MONTCLAIR,N,C,NA,C,NA
14 GROVE TERRACE,07042,MONTCLAIR,N,C,NA,C,NA
14 GLENRIDGE PARKWAY,07042,MONTCLAIR,N,C,NA,C,NA
14 GLENWOOD ROAD,07043,MONTCLAIR,Y,C,NA,L,NA
14 GRAHAM TERRACE,07042,MONTCLAIR,N,C,NA,C,NA
14 GRAY STREET,07042,MONTCLAIR,N,C,NA,C,NA
14 GREENVIEW WAY,07043,MONTCLAIR,Y,C,NA,G,NA
14 HAMILTON TERRACE,07043,MONTCLAIR,N,C,NA,C,NA
14 HARVARD STREET,07042,MONTCLAIR,N,C,NA,C,NA
14 HILLTOP PLACE,07042,MONTCLAIR,N,C,NA,C,NA
14 HITCHCOCK PLACE,07042,MONTCLAIR,N,C,NA,C,NA
14 HOLLAND TERRACE,07042,MONTCLAIR,N,C,NA,C,NA
14 HARRISON AVENUE,07042,MONTCLAIR,N,C,NA,C,NA
14 HELLER DRIVE,07043,MONTCLAIR,N,C,NA,C,NA
14 HOLLYWOOD AVENUE,07042,MONTCLAIR,Y,C,NA,O,BRASS
14 INGLESIDE ROAD,07043,MONTCLAIR,N,C,NA,C,NA
14 IRVING STREET,07042,MONTCLAIR,N,C,NA,C,NA
14 KENNETH ROAD,07043,MONTCLAIR,N,C,NA,C,NA
14 KIPS RIDGE,07044,MONTCLAIR,N,C,NA,C,NA
14 LINDEN AVENUE,07042,MONTCLAIR,N,C,NA,C,NA
14 LASALLE ROAD,07043,MONTCLAIR,N,C,NA,C,NA
14 MACOPIN AVENUE,07043,MONTCLAIR,N,C,NA,C,NA
14 MADISON AVENUE,07042,MONTCLAIR,N,C,NA,C,NA
14 MAPLE AVENUE,07042,MONTCLAIR,N,C,NA,C,NA
14 MORNINGSIDE AVENUE,07043,MONTCLAIR,N,C,NA,C,NA
14 MOUNTAIN TERRACE,07043,MONTCLAIR,N,C,NA,C,NA
14 MOUNTAINSIDE PARK TERRACE,07043,MONTCLAIR,N,C,NA,C,NA
14 MARION ROAD,07043,MONTCLAIR,Y,C,NA,L,NA
14 MELROSE PLACE,07042,MONTCLAIR,N,C,NA,C,NA
14 MENDL TERRACE,07042,MONTCLAIR,Y,C,NA,UX,NA
14 MILLER STREET,07042,MONTCLAIR,Y,C,NA,UX,NA
14 MISSION STREET,07042,MONTCLAIR,N,C,NA,C,NA
14 MONROE PLACE,07042,MONTCLAIR,N,C,NA,C,NA
14 MONROE PLACE 2ND,07042,MONTCLAIR,N,C,NA,C,NA
14 MONTAGUE PLACE,07042,MONTCLAIR,N,C,NA,C,NA
14 MULFORD LANE,07042,MONTCLAIR,N,C,NA,C,NA
14 MUNN STREET,07042,MONTCLAIR,N,C,NA,C,NA
14 N WILLOW STREET,07042,MONTCLAIR,N,C,NA,C,NA
14 NASSAU ROAD,07043,MONTCLAIR,N,C,NA,C,NA
14 NISHUANE ROAD,07042,MONTCLAIR,N,C,NA,C,NA
14 NORMAN ROAD,07043,MONTCLAIR,N,C,NA,C,NA
14 NOTTING HILL WAY,07042,MONTCLAIR,N,C,NA,C,NA
14 NEW STREET,07042,MONTCLAIR,N,C,NA,C,NA
14 NORMAL AVENUE,07043,MONTCLAIR,N,C,NA,C,NA
14 NORTHVIEW AVENUE,07043,MONTCLAIR,Y,C,NA,O,BRASS
14 OAKCROFT AVENUE,07043,MONTCLAIR,N,C,NA,C,NA
14 ORANGE ROAD,07042,MONTCLAIR,N,C,NA,C,NA
14 OXFORD STREET,07042,MONTCLAIR,N,C,NA,C,NA
14 PARK STREET,07043,MONTCLAIR,N,C,NA,C,NA
14 PIERSON PLACE,07042,MONTCLAIR,N,C,NA,C,NA
14 POTTER COURT,07043,MONTCLAIR,N,C,NA,C,NA
14 PRINCETON PLACE,07043,MONTCLAIR,N,C,NA,C,NA
14 PRESCOTT AVENUE,07042,MONTCLAIR,N,C,NA,C,NA
14 RIVERVIEW DRIVE W,07043,MONTCLAIR,N,C,NA,C,NA
14 SEARS PLACE,07042,MONTCLAIR,N,C,NA,C,NA
14 SEYMOUR STREET,07042,MONTCLAIR,N,C,NA,C,NA
14 SHERMAN STREET,07042,MONTCLAIR,N,C,NA,C,NA
14 SKYTOP TERRACE,07043,MONTCLAIR,N,C,NA,C,NA
14 SOUTHERN TERRACE,07042,MONTCLAIR,N,C,NA,C,NA
14 STEPHEN STREET,07042,MONTCLAIR,N,C,NA,C,NA
14 STONEHENGE ROAD,07043,MONTCLAIR,N,C,NA,C,NA
14 SUNSET PARK,07043,MONTCLAIR,N,C,NA,C,NA
14 STANFORD PLACE,07042,MONTCLAIR,N,C,NA,C,NA
14 TALBOT STREET 1ST,07042,MONTCLAIR,N,C,NA,C,NA
14 TALBOT STREET 2ND,07042,MONTCLAIR,N,C,NA,C,NA
14 TALBOT STREET 3RD,07042,MONTCLAIR,N,C,NA,C,NA
14 THE CRESCENT,07042,MONTCLAIR,N,C,NA,C,NA
14 THE FAIRWAY,07043,MONTCLAIR,N,C,NA,C,NA
14 UNION STREET,07042,MONTCLAIR,N,C,NA,C,NA
14 UPPER MOUNTAIN AVENUE,07042,MONTCLAIR,N,C,NA,C,NA
14 VICTORIA TERRACE,07043,MONTCLAIR,N,C,NA,C,NA
14 VINCENT PLACE,07042,MONTCLAIR,N,C,NA,C,NA
14 WALNUT PARKWAY 1ST,07042,MONTCLAIR,N,C,NA,C,NA
14 WALNUT PARKWAY 2ND,07042,MONTCLAIR,N,C,NA,C,NA
14 WARD PLACE,07042,MONTCLAIR,N,C,NA,C,NA
14 WARFIELD STREET,07043,MONTCLAIR,N,C,NA,C,NA
14 WHEELER STREET,07042,MONTCLAIR,N,C,NA,C,NA
14 WILDE PLACE,07042,MONTCLAIR,N,C,NA,C,NA
14 WILFRED STREET,07042,MONTCLAIR,N,C,NA,C,NA
14 WILLIAM STREET 1ST FL,07042,MONTCLAIR,N,C,NA,C,NA
14 WILLIAM STREET 2ND,07042,MONTCLAIR,N,C,NA,C,NA
14 WILLOWDALE AVENUE,07042,MONTCLAIR,N,C,NA,C,NA
14 WILLOWMERE AVENUE,07042,MONTCLAIR,N,C,NA,C,NA
14 WINDEMERE ROAD,07043,MONTCLAIR,N,C,NA,C,NA
14 WOODMONT ROAD,07043,MONTCLAIR,N,C,NA,C,NA
14 WALDEN PLACE,07042,MONTCLAIR,N,C,NA,C,NA
14 WARREN PLACE,07042,MONTCLAIR,N,C,NA,C,NA
14 WATERBURY ROAD,07043,MONTCLAIR,N,C,NA,C,NA
14 WILLARD PLACE,07042,MONTCLAIR,N,C,NA,C,NA
14 WINDSOR PLACE,07043,MONTCLAIR,Y,C,NA,G,NA
14-16 DEPOT SQ,07042,MONTCLAIR,N,C,NA,C,NA
140 BELLEVUE AVENUE,07043,MONTCLAIR,N,C,NA,C,NA
140 CHESTNUT STREET,07042,MONTCLAIR,N,C,NA,C,NA
140 CHRISTOPHER STREET,07043,MONTCLAIR,N,C,NA,C,NA
140 CLAREMONT AVENUE,07042,MONTCLAIR,N,C,NA,C,NA
140 CLAREWILL AVENUE,07043,MONTCLAIR,N,C,NA,C,NA
140 COOPER AVENUE,07043,MONTCLAIR,N,C,NA,C,NA
140 FOREST STREET,07042,MONTCLAIR,N,C,NA,C,NA
140 GORDONHURST AVENUE,07043,MONTCLAIR,N,C,NA,C,NA
140 GROVE STREET,07043,MONTCLAIR,N,C,NA,C,NA
140 HADDON PLACE,07043,MONTCLAIR,N,C,NA,C,NA
140 HIGH STREET,07042,MONTCLAIR,N,C,NA,C,NA
140 HIGHLAND AVENUE,07043,MONTCLAIR,N,C,NA,C,NA
140 INWOOD AVENUE,07043,MONTCLAIR,N,C,NA,C,NA
140 LORRAINE AVENUE,07043,MONTCLAIR,N,C,NA,C,NA
140 MAPLE AVENUE 1ST,07042,MONTCLAIR,N,C,NA,C,NA
140 MAPLE AVENUE 2ND,07042,MONTCLAIR,N,C,NA,C,NA
140 N MOUNTAIN AVENUE,07042,MONTCLAIR,N,C,NA,C,NA
140 S MOUNTAIN AVENUE,07042,MONTCLAIR,N,C,NA,C,NA
140 SQUIRE HILL ROAD,07043,MONTCLAIR,Y,G,NA,C,NA
140 SUMMIT AVENUE,07043,MONTCLAIR,N,C,NA,C,NA
140 UPPER MOUNTAIN AVENUE,07042,MONTCLAIR,N,C,NA,C,NA
140 UNION STREET,07042,MONTCLAIR,Y,C,NA,UX,NA
140 WALNUT STREET,07042,MONTCLAIR,N,C,NA,C,NA
140 WATCHUNG AVENUE,07043,MONTCLAIR,N,C,NA,C,NA
140-144 BLOOMFIELD AVENUE,07042,MONTCLAIR,Y,C,NA,L,NA
141 BELLEVUE AVENUE,07043,MONTCLAIR,N,C,NA,C,NA
141 CHESTNUT STREET,07042,MONTCLAIR,N,C,NA,C,NA
141 CLAREWILL AVENUE,07043,MONTCLAIR,N,C,NA,C,NA
141 COOPER AVENUE,07043,MONTCLAIR,N,C,NA,C,NA
141 CENTRAL AVENUE,07042,MONTCLAIR,N,C,NA,C,NA
141 FOREST STREET,07042,MONTCLAIR,N,C,NA,C,NA
141 GORDONHURST AVENUE,07043,MONTCLAIR,N,C,NA,C,NA
141 HADDON PLACE,07043,MONTCLAIR,N,C,NA,C,NA
141 HIGH STREET,07042,MONTCLAIR,N,C,NA,C,NA
141 LINCOLN STREET,07042,MONTCLAIR,N,C,NA,C,NA
141 LORRAINE AVENUE,07043,MONTCLAIR,N,C,NA,C,NA
141 MAPLE AVENUE,07042,MONTCLAIR,N,C,NA,C,NA
141 N FULLERTON AVENUE,07042,MONTCLAIR,N,C,NA,C,NA
141 N MOUNTAIN AVENUE,07042,MONTCLAIR,N,C,NA,C,NA
141 PARK STREET(ANNEX),07043,MONTCLAIR,N,C,NA,C,NA
141 S MOUNTAIN AVENUE,07042,MONTCLAIR,N,C,NA,C,NA
141 SUMMIT AVENUE,07043,MONTCLAIR,N,C,NA,C,NA
141 UPPER MOUNTAIN AVENUE,07042,MONTCLAIR,N,C,NA,C,NA
141 WALNUT STREET,07042,MONTCLAIR,N,C,NA,C,NA
141 WALNUT STREET 2ND,07042,MONTCLAIR,N,C,NA,C,NA
141 WALNUT STREET 3RD,07042,MONTCLAIR,N,C,NA,C,NA
141 WILLOWDALE AVENUE,07042,MONTCLAIR,N,C,NA,C,NA
142 ALEXANDER AVENUE,07043,MONTCLAIR,N,C,NA,C,NA
142 BELLEVUE AVENUE,07043,MONTCLAIR,N,C,NA,C,NA
142 BUCKINGHAM ROAD,07043,MONTCLAIR,N,C,NA,C,NA
142 CENTRAL AVENUE,07042,MONTCLAIR,N,C,NA,C,NA
142 CHESTNUT STREET,07042,MONTCLAIR,N,C,NA,C,NA
142 FOREST STREET,07042,MONTCLAIR,Y,C,NA,UX,NA
142 GORDONHURST AVENUE,07043,MONTCLAIR,N,C,NA,C,NA
142 GROVE STREET,07043,MONTCLAIR,Y,C,NA,O,Brass
142 HIGH STREET,07042,MONTCLAIR,N,C,NA,C,NA
142 HADDON PLACE,07043,MONTCLAIR,N,C,NA,C,NA
142 INWOOD AVENUE,07043,MONTCLAIR,N,C,NA,C,NA
142 LORRAINE AVENUE,07043,MONTCLAIR,N,C,NA,C,NA
142 LINCOLN STREET,07042,MONTCLAIR,Y,C,NA,UX,NA
142 MIDLAND AVENUE,07042,MONTCLAIR,N,C,NA,C,NA
142 MONTCLAIR AVENUE,07043,MONTCLAIR,N,C,NA,C,NA
142 MAPLE AVENUE 1ST,07042,MONTCLAIR,N,C,NA,C,NA
142 MAPLE AVENUE 2ND,07042,MONTCLAIR,N,C,NA,C,NA
142 N MOUNTAIN AVENUE,07042,MONTCLAIR,N,C,NA,C,NA
142 UNION STREET,07042,MONTCLAIR,N,C,NA,C,NA
142 WALNUT STREET,07042,MONTCLAIR,N,C,NA,C,NA
142 WATCHUNG AVENUE,07043,MONTCLAIR,N,C,NA,C,NA
142.5 WATCHUNG AVENUE,07043,MONTCLAIR,N,C,NA,C,NA
143 BELLEVUE AVENUE,07043,MONTCLAIR,N,C,NA,C,NA
143 CHESTNUT STREET 1ST,07042,MONTCLAIR,N,C,NA,C,NA
143 CHESTNUT STREET 2ND,07042,MONTCLAIR,N,C,NA,C,NA
143 CLAREMONT AVENUE 1ST,07042,MONTCLAIR,N,C,NA,C,NA
143 CLAREMONT AVENUE-2ND,07042,MONTCLAIR,N,C,NA,C,NA
143 COOPER AVENUE,07043,MONTCLAIR,N,C,NA,C,NA
143 EAGLE ROCK WAY,07042,MONTCLAIR,N,C,NA,C,NA
143 FOREST STREET,07042,MONTCLAIR,N,C,NA,C,NA
143 GATES AVENUE,07042,MONTCLAIR,N,C,NA,C,NA
143 HADDON PLACE,07043,MONTCLAIR,N,C,NA,C,NA
143 HIGH STREET,07042,MONTCLAIR,N,C,NA,C,NA
143 LINCOLN STREET,07042,MONTCLAIR,N,C,NA,C,NA
143 MONTCLAIR AVENUE,07043,MONTCLAIR,N,C,NA,C,NA
143 N FULLERTON AVENUE,07042,MONTCLAIR,N,C,NA,C,NA
143 N MOUNTAIN AVENUE,07042,MONTCLAIR,N,C,NA,C,NA
143 S MOUNTAIN AVENUE,07042,MONTCLAIR,N,C,NA,C,NA
143 VALLEY ROAD,07043,MONTCLAIR,N,C,NA,C,NA
143 WALNUT STREET,07042,MONTCLAIR,N,C,NA,C,NA
143 WATCHUNG AVENUE,07043,MONTCLAIR,N,C,NA,C,NA
143 WILLOWDALE AVENUE 1ST,07042,MONTCLAIR,N,C,NA,C,NA
143 WILLOWDALE AVENUE 2ND,07042,MONTCLAIR,N,C,NA,C,NA
144 ALEXANDER AVENUE,07043,MONTCLAIR,N,C,NA,C,NA
144 BUCKINGHAM ROAD,07043,MONTCLAIR,N,C,NA,C,NA
144 CENTRAL AVENUE,07042,MONTCLAIR,N,C,NA,C,NA
144 CHRISTOPHER STREET,07043,MONTCLAIR,N,C,NA,C,NA
144 COOPER AVENUE,07043,MONTCLAIR,N,C,NA,C,NA
144 FOREST STREET,07042,MONTCLAIR,Y,C,NA,L,NA
144 GATES AVENUE,07042,MONTCLAIR,N,C,NA,C,NA
144 GORDONHURST AVENUE,07043,MONTCLAIR,N,C,NA,C,NA
144 GROVE STREET,07043,MONTCLAIR,Y,C,NA,G,NA
144 HADDON PLACE,07043,MONTCLAIR,N,C,NA,C,NA
144 LINCOLN STREET,07042,MONTCLAIR,N,C,NA,C,NA
144 MIDLAND AVENUE,07042,MONTCLAIR,N,C,NA,C,NA
144 PARK STREET,07043,MONTCLAIR,N,C,NA,C,NA
144 S MOUNTAIN AVENUE,07042,MONTCLAIR,N,C,NA,C,NA
144 SUMMIT AVENUE,07043,MONTCLAIR,N,C,NA,C,NA
144 UNION STREET,07042,MONTCLAIR,N,C,NA,C,NA
144 WATCHUNG AVENUE,07043,MONTCLAIR,N,C,NA,C,NA
144 WILDWOOD AVENUE,07043,MONTCLAIR,N,C,NA,C,NA
145 BELLEVUE AVENUE,07043,MONTCLAIR,N,C,NA,C,NA
145 CHRISTOPHER STREET,07043,MONTCLAIR,N,C,NA,C,NA
145 CHESTNUT STREET,07042,MONTCLAIR,N,C,NA,C,NA
145 FOREST STREET,07042,MONTCLAIR,N,C,NA,C,NA
145 GLENRIDGE AVENUE,07042,MONTCLAIR,N,C,NA,C,NA
145 HIGH STREET,07042,MONTCLAIR,N,C,NA,C,NA
145 HIGHLAND AVENUE,07043,MONTCLAIR,N,C,NA,C,NA
145 INWOOD AVENUE,07043,MONTCLAIR,N,C,NA,C,NA
145 LINCOLN STREET,07042,MONTCLAIR,N,C,NA,C,NA
145 LLOYD ROAD,07042,MONTCLAIR,N,C,NA,C,NA
145 LORRAINE AVENUE,07043,MONTCLAIR,Y,C,NA,G,NA
145 MONTCLAIR AVENUE,07043,MONTCLAIR,N,C,NA,C,NA
145 N MOUNTAIN AVENUE,07042,MONTCLAIR,N,C,NA,C,NA
145 PARK STREET,07043,MONTCLAIR,N,C,NA,C,NA
145 UNION STREET,07042,MONTCLAIR,N,C,NA,C,NA
145 VALLEY ROAD,07043,MONTCLAIR,N,C,NA,C,NA
145 VALLEY ROAD 1ST,07043,MONTCLAIR,N,C,NA,C,NA
145 VALLEY ROAD 2ND,07043,MONTCLAIR,N,C,NA,C,NA
145 WATCHUNG AVENUE,07043,MONTCLAIR,N,C,NA,C,NA
145 WILLOWDALE AVENUE 1ST,07042,MONTCLAIR,N,C,NA,C,NA
145 WILLOWDALE AVENUE 2ND,07042,MONTCLAIR,N,C,NA,C,NA
145 WALNUT STREET,07042,MONTCLAIR,N,C,NA,C,NA
146 BLOOMFIELD AVENUE,07042,MONTCLAIR,N,C,NA,C,NA
146 FOREST STREET,07042,MONTCLAIR,N,C,NA,C,NA
146 HARRISON AVENUE,07042,MONTCLAIR,N,C,NA,C,NA
146 LLOYD ROAD,07042,MONTCLAIR,N,C,NA,C,NA
146 LINCOLN STREET,07042,MONTCLAIR,N,C,NA,C,NA
146 MIDLAND AVENUE,07042,MONTCLAIR,N,C,NA,C,NA
146 MONTCLAIR AVENUE,07043,MONTCLAIR,N,C,NA,C,NA
146 VALLEY ROAD-APT1,07043,MONTCLAIR,N,C,NA,C,NA
146 VALLEY ROAD-APT2,07043,MONTCLAIR,N,C,NA,C,NA
146 VALLEY ROAD-APT3,07043,MONTCLAIR,N,C,NA,C,NA
146 WALNUT STREET,07042,MONTCLAIR,N,C,NA,C,NA
147 CHRISTOPHER STREET,07043,MONTCLAIR,N,C,NA,C,NA
147 CLAREMONT AVENUE,07042,MONTCLAIR,N,C,NA,C,NA
147 CLAREMONT AVENUE 2ND,07042,MONTCLAIR,N,C,NA,C,NA
147 EAGLE ROCK WAY,07042,MONTCLAIR,N,C,NA,C,NA
147 FOREST STREET,07042,MONTCLAIR,Y,C,NA,UX,NA
147 GATES AVENUE,07042,MONTCLAIR,N,C,NA,C,NA
147 HIGH STREET,07042,MONTCLAIR,N,C,NA,C,NA
147 LINCOLN STREET,07042,MONTCLAIR,N,C,NA,C,NA
147 LORRAINE AVENUE,07043,MONTCLAIR,N,C,NA,C,NA
147 N FULLERTON AVENUE,07042,MONTCLAIR,Y,C,NA,UX,NA
147 N MOUNTAIN AVENUE,07042,MONTCLAIR,N,C,NA,C,NA
147 PARK STREET,07043,MONTCLAIR,N,C,NA,C,NA
147 S MOUNTAIN AVENUE,07042,MONTCLAIR,N,C,NA,C,NA
147 UPPER MOUNTAIN AVENUE,07042,MONTCLAIR,N,C,NA,C,NA
147 WALNUT STREET,07042,MONTCLAIR,N,C,NA,C,NA
147 WILLOWDALE AVENUE-1ST,07042,MONTCLAIR,N,C,NA,C,NA
147 WILLOWDALE AVENUE-2ND,07042,MONTCLAIR,N,C,NA,C,NA
147-155 BLOOMFIELD AVENUE,07042,MONTCLAIR,N,C,NA,C,NA
147-155 BLOOMFIELD AVENUE,07042,MONTCLAIR,N,C,NA,C,NA
147-C VALLEY ROAD,07043,MONTCLAIR,N,C,NA,C,NA
148 BLOOMFIELD AVENUE,07042,MONTCLAIR,N,C,NA,C,NA
148 CENTRAL AVENUE,07042,MONTCLAIR,N,C,NA,C,NA
148 CLAREMONT AVENUE,07042,MONTCLAIR,N,C,NA,C,NA
148 CHRISTOPHER STREET,07043,MONTCLAIR,N,C,NA,C,NA
148 EAGLE ROCK WAY,07042,MONTCLAIR,N,C,NA,C,NA
148 FOREST STREET,07042,MONTCLAIR,N,C,NA,C,NA
148 GATES AVENUE,07042,MONTCLAIR,N,C,NA,C,NA
148 GROVE STREET,07043,MONTCLAIR,N,C,NA,C,NA
148 HIGH STREET,07042,MONTCLAIR,N,C,NA,C,NA
148 HIGHLAND AVENUE,07043,MONTCLAIR,N,C,NA,C,NA
148 LINCOLN STREET,07042,MONTCLAIR,Y,C,NA,UX,NA
148 MONTCLAIR AVENUE,07043,MONTCLAIR,N,C,NA,C,NA
148 MAPLE AVENUE,07042,MONTCLAIR,N,C,NA,C,NA
148 PARK STREET,07043,MONTCLAIR,N,C,NA,O,POLY
148 S MOUNTAIN AVENUE,07042,MONTCLAIR,N,C,NA,C,NA
148 VALLEY ROAD,07043,MONTCLAIR,N,C,NA,C,NA
148 VALLEY ROAD - B,07043,MONTCLAIR,N,C,NA,C,NA
148 WATCHUNG AVENUE,07043,MONTCLAIR,N,C,NA,C,NA
148 WILLOWDALE AVENUE,07042,MONTCLAIR,Y,C,NA,UX,NA
149 CHESTNUT STREET,07042,MONTCLAIR,N,C,NA,C,NA
149 CLAREMONT AVENUE 1ST,07042,MONTCLAIR,N,C,NA,C,NA
149 CLAREMONT AVENUE 2ND,07042,MONTCLAIR,N,C,NA,C,NA
149 FOREST STREET 1ST,07042,MONTCLAIR,N,C,NA,C,NA
149 FOREST STREET 2ND,07042,MONTCLAIR,N,C,NA,C,NA
149 HIGH STREET,07042,MONTCLAIR,N,C,NA,C,NA
149 LINCOLN STREET,07042,MONTCLAIR,N,C,NA,C,NA
149 N MOUNTAIN AVENUE,07042,MONTCLAIR,Y,C,NA,G,NA
149 PARK STREET,07043,MONTCLAIR,N,C,NA,C,NA
149 UPPER MOUNTAIN AVENUE,07042,MONTCLAIR,N,C,NA,C,NA
149 VALLEY ROAD 1ST,07043,MONTCLAIR,N,C,NA,C,NA
149 WATCHUNG AVENUE,07043,MONTCLAIR,N,C,NA,C,NA
149 WILLOWDALE AVENUE,07042,MONTCLAIR,N,C,NA,C,NA
149 WALNUT STREET,07042,MONTCLAIR,N,C,NA,C,NA
149 WILLOWDALE AVENUE 1ST,07042,MONTCLAIR,Y,C,NA,UX,NA
15 ALEXANDER AVENUE,07043,MONTCLAIR,N,C,NA,C,NA
15 ALVIN PLACE,07043,MONTCLAIR,N,C,NA,C,NA
15 ARGYLE ROAD,07043,MONTCLAIR,N,C,NA,C,NA
15 ALDEN ROAD,07042,MONTCLAIR,Y,C,NA,L,NA
15 AMELIA STREET,07042,MONTCLAIR,N,C,NA,C,NA
15 BELLAIRE DRIVE,07042,MONTCLAIR,N,C,NA,C,NA
15 BELLEGROVE DRIVE,07043,MONTCLAIR,N,C,NA,C,NA
15 BRAINARD STREET,07043,MONTCLAIR,N,C,NA,C,NA
15 BROOKFIELD ROAD-1ST,07043,MONTCLAIR,N,C,NA,C,NA
15 BROOKFIELD ROAD-2ND,07043,MONTCLAIR,N,C,NA,C,NA
15 BRUCE ROAD,07043,MONTCLAIR,N,C,NA,C,NA
15 BRUNSWICK ROAD,07042,MONTCLAIR,N,C,NA,C,NA
15 BELLEVUE AVENUE,07043,MONTCLAIR,Y,C,NA,UX,NA
15 BURNSIDE STREET,07043,MONTCLAIR,N,C,NA,C,NA
15 CAREY COURT,07042,MONTCLAIR,N,C,NA,C,NA
15 CARLISLE ROAD,07043,MONTCLAIR,N,C,NA,C,NA
15 CARLTON DRIVE,07043,MONTCLAIR,N,C,NA,C,NA
15 CAROLIN ROAD,07043,MONTCLAIR,N,C,NA,C,NA
15 CARTERET STREET,07043,MONTCLAIR,N,C,NA,C,NA
15 CENTRAL AVENUE 1ST,07042,MONTCLAIR,N,C,NA,C,NA
15 CENTRAL AVENUE 2ND,07042,MONTCLAIR,N,C,NA,C,NA
15 CHAMPLAIN TERRACE,07042,MONTCLAIR,N,C,NA,C,NA
15 CHESTER ROAD,07043,MONTCLAIR,N,C,NA,C,NA
15 CLAIRIDGE COURT,07042,MONTCLAIR,N,C,NA,C,NA
15 CLUB ROAD,07043,MONTCLAIR,N,C,NA,C,NA
15 COLUMBUS AVENUE,07042,MONTCLAIR,N,C,NA,C,NA
15 CAPRON LANE,07043,MONTCLAIR,N,C,NA,C,NA
15 CHARLES STREET,07042,MONTCLAIR,N,C,NA,C,NA
15 CLOVERHILL PLACE,07042,MONTCLAIR,N,C,NA,C,NA
15 CORNELL WAY,07043,MONTCLAIR,N,C,NA,C,NA
15 DURYEA ROAD,07043,MONTCLAIR,N,C,NA,C,NA
15 ELMWOOD AVENUE,07042,MONTCLAIR,N,C,NA,C,NA
15 ERWIN PARK ROAD,07042,MONTCLAIR,N,C,NA,C,NA
15 EUCLID PLACE,07042,MONTCLAIR,N,C,NA,C,NA
15 ELSTON ROAD,07043,MONTCLAIR,N,C,NA,C,NA
15 FAIRVIEW PLACE,07043,MONTCLAIR,N,C,NA,C,NA
15 FOREST STREET,07042,MONTCLAIR,N,C,NA,C,NA
15 FRANCIS PLACE,07042,MONTCLAIR,N,C,NA,C,NA
15 FRANKLIN AVENUE,07042,MONTCLAIR,N,C,NA,C,NA
15 FRIENDSHIP PLACE,07042,MONTCLAIR,N,C,NA,C,NA
15 FAIRFIELD STREET,07042,MONTCLAIR,N,C,NA,C,NA
15 FAIRMOUNT AVENUE,07043,MONTCLAIR,N,C,NA,C,NA
15 FRANKLIN PLACE,07042,MONTCLAIR,N,C,NA,C,NA
15 GARDEN STREET,07042,MONTCLAIR,N,C,NA,C,NA
15 GLENRIDGE AVENUE,07042,MONTCLAIR,N,C,NA,C,NA
15 GLENSIDE TERRACE,07043,MONTCLAIR,N,C,NA,C,NA
15 GLENWOOD ROAD,07043,MONTCLAIR,N,C,NA,C,NA
15 GODFREY ROAD,07043,MONTCLAIR,N,C,NA,C,NA
15 GRAHAM TERRACE,07042,MONTCLAIR,N,C,NA,C,NA
15 GREENVIEW WAY,07043,MONTCLAIR,N,C,NA,C,NA
15 GRENADA PLACE,07042,MONTCLAIR,N,C,NA,C,NA
15 GARDINER PLACE,07042,MONTCLAIR,N,C,NA,C,NA
15 GARFIELD PLACE,07043,MONTCLAIR,N,C,NA,C,NA
15 GLENRIDGE PARKWAY,07042,MONTCLAIR,N,C,NA,C,NA
15 GRAY STREET,07042,MONTCLAIR,N,C,NA,C,NA
15 GROVE TERRACE,07042,MONTCLAIR,Y,C,NA,UX,NA
15 HARTLEY STREET,07042,MONTCLAIR,N,C,NA,C,NA
15 HAWTHORNE PLACE,07042,MONTCLAIR,N,C,NA,C,NA
15 HIGHLAND AVENUE,07043,MONTCLAIR,N,C,NA,C,NA
15 HILLTOP PLACE 1ST,07042,MONTCLAIR,N,C,NA,C,NA
15 HILLTOP PLACE 2ND,07042,MONTCLAIR,N,C,NA,C,NA
15 HITCHCOCK PLACE,07042,MONTCLAIR,N,C,NA,C,NA
15 HOLLYWOOD AVENUE,07042,MONTCLAIR,Y,C,NA,UX,NA
15 HOWE AVENUE,07042,MONTCLAIR,Y,C,NA,G,NA
15 IRVING STREET,07042,MONTCLAIR,N,C,NA,C,NA
15 JEROME PLACE,07043,MONTCLAIR,N,C,NA,C,NA
15 KIPS RIDGE,07044,MONTCLAIR,N,C,NA,C,NA
15 KENNETH ROAD,07043,MONTCLAIR,N,C,NA,C,NA
15 LEXINGTON AVENUE,07042,MONTCLAIR,N,C,NA,C,NA
15 LASALLE ROAD,07043,MONTCLAIR,N,C,NA,C,NA
15 LOCUST DRIVE,07042,MONTCLAIR,N,C,NA,C,NA
15 MACOPIN AVENUE,07043,MONTCLAIR,N,C,NA,C,NA
15 MARION ROAD,07043,MONTCLAIR,N,C,NA,C,NA
15 MARQUETTE ROAD,07043,MONTCLAIR,N,C,NA,C,NA
15 MARSTON PLACE,07042,MONTCLAIR,N,C,NA,C,NA
15 MENDL TERRACE,07042,MONTCLAIR,N,C,NA,C,NA
15 MIDLAND AVENUE,07042,MONTCLAIR,N,C,NA,C,NA
15 MONTAGUE PLACE,07042,MONTCLAIR,N,C,NA,C,NA
15 MORNINGSIDE AVENUE,07043,MONTCLAIR,N,C,NA,C,NA
15 MOUNT VERNON ROAD,07043,MONTCLAIR,N,C,NA,C,NA
15 MOUNTAINVIEW PLACE,07042,MONTCLAIR,N,C,NA,C,NA
15 MULFORD LANE,07042,MONTCLAIR,N,C,NA,C,NA
15 MADISON AVENUE,07042,MONTCLAIR,Y,C,NA,L,NA
15 MILLER STREET,07042,MONTCLAIR,Y,C,NA,UX,NA
15 MONROE PLACE,07042,MONTCLAIR,N,C,NA,C,NA
15 NORWOOD AVENUE,07043,MONTCLAIR,N,C,NA,C,NA
15 OXFORD STREET-1ST,07042,MONTCLAIR,N,C,NA,C,NA
15 OXFORD STREET-2ND,07042,MONTCLAIR,N,C,NA,C,NA
15 PARK TERRACE,07043,MONTCLAIR,N,C,NA,C,NA
15 PARKWAY,07043,MONTCLAIR,N,C,NA,C,NA
15 PATTON PLACE,07043,MONTCLAIR,N,C,NA,C,NA
15 POTTER COURT,07043,MONTCLAIR,N,C,NA,C,NA
15 PIERSON PLACE,07042,MONTCLAIR,N,C,NA,O,PVC
15 PLEASANT AVENUE,07042,MONTCLAIR,N,C,NA,C,NA
15 PRESCOTT AVENUE,07042,MONTCLAIR,N,C,NA,C,NA
15 PRINCETON PLACE,07043,MONTCLAIR,Y,C,NA,G,NA
15 PROSPECT AVENUE,07042,MONTCLAIR,N,C,NA,C,NA
15 PROSPECT TERRACE,07042,MONTCLAIR,N,C,NA,C,NA
15 RIVERVIEW DRIVE W,07043,MONTCLAIR,N,C,NA,C,NA
15 ROSEDALE AVENUE,07042,MONTCLAIR,N,C,NA,C,NA
15 RAMSAY ROAD,07042,MONTCLAIR,N,C,NA,C,NA
15 ROCKLEDGE ROAD,07042,MONTCLAIR,N,C,NA,C,NA
15 SAINT LUKES PLACE-UNIT 1,07042,MONTCLAIR,N,C,NA,C,NA
15 SAINT LUKES PLACE-UNIT 2,07042,MONTCLAIR,N,C,NA,C,NA
15 SEARS PLACE,07042,MONTCLAIR,N,C,NA,C,NA
15 SKYTOP TERRACE,07043,MONTCLAIR,N,C,NA,C,NA
15 SOUTHERN TERRACE,07042,MONTCLAIR,N,C,NA,C,NA
15 STANFORD PLACE,07042,MONTCLAIR,N,C,NA,C,NA
15 STEPHEN STREET,07042,MONTCLAIR,N,C,NA,C,NA
15 STONEBRIDGE ROAD,07042,MONTCLAIR,N,C,NA,C,NA
15 SUTHERLAND ROAD,07042,MONTCLAIR,N,C,NA,C,NA
15 STONEHENGE ROAD,07043,MONTCLAIR,N,C,NA,C,NA
15 SYLVAN PLACE,07042,MONTCLAIR,N,C,NA,C,NA
15 THE FAIRWAY,07043,MONTCLAIR,N,C,NA,C,NA
15 TUERS PLACE,07043,MONTCLAIR,N,C,NA,C,NA
15 TALBOT STREET,07042,MONTCLAIR,Y,C,NA,UX,NA
15 THE CRESCENT,07042,MONTCLAIR,Y,C,NA,UX,NA
15 TICHENOR PLACE,07042,MONTCLAIR,N,C,NA,C,NA
15 UNDERCLIFF DRIVE,07042,MONTCLAIR,N,C,NA,C,NA
15 UNDERCLIFF ROAD,07042,MONTCLAIR,N,C,NA,C,NA
15 UNION STREET,07042,MONTCLAIR,N,C,NA,C,NA
15 UPPER MOUNTAIN AVENUE,07042,MONTCLAIR,N,C,NA,C,NA
15 VALLEY PLACE,07043,MONTCLAIR,N,C,NA,C,NA
15 VAN BREEMEN COURT,07043,MONTCLAIR,N,C,NA,C,NA
15 VICTORIA TERRACE,07043,MONTCLAIR,N,C,NA,C,NA
15 VERA PLACE,07042,MONTCLAIR,N,C,NA,C,NA
15 WARD PLACE,07042,MONTCLAIR,N,C,NA,C,NA
15 WATERBURY ROAD,07043,MONTCLAIR,N,C,NA,C,NA
15 WAYSIDE PLACE,07042,MONTCLAIR,N,C,NA,C,NA
15 WELLESLEY ROAD,07043,MONTCLAIR,N,C,NA,C,NA
15 WENDOVER ROAD,07042,MONTCLAIR,N,C,NA,C,NA
15 WILLARD PLACE,07042,MONTCLAIR,N,C,NA,C,NA
15 WILLIAM STREET,07042,MONTCLAIR,N,C,NA,C,NA
15 WINDEMERE ROAD,07043,MONTCLAIR,N,C,NA,C,NA
15 WINDSOR PLACE,07043,MONTCLAIR,N,C,NA,C,NA
15 WOODMONT ROAD,07043,MONTCLAIR,N,C,NA,C,NA
15 WALNUT PARKWAY 1ST,07042,MONTCLAIR,Y,C,NA,L,NA
15 WALNUT PARKWAY 2ND,07042,MONTCLAIR,Y,C,NA,L,NA
15 WARFIELD STREET,07043,MONTCLAIR,Y,C,NA,G,NA
15 WARREN PLACE,07042,MONTCLAIR,N,C,NA,C,NA
15 WILFRED STREET,07042,MONTCLAIR,N,C,NA,C,NA
15 WILLOWMERE AVENUE,07042,MONTCLAIR,N,C,NA,C,NA
15-17 WOODLAND AVENUE,07042,MONTCLAIR,N,C,NA,C,NA
150 CLAREMONT AVENUE,07042,MONTCLAIR,N,C,NA,C,NA
150 GORDONHURST AVENUE,07043,MONTCLAIR,N,C,NA,C,NA
150 GROVE STREET,07043,MONTCLAIR,N,C,NA,C,NA
150 HIGHLAND AVENUE,07043,MONTCLAIR,N,C,NA,C,NA
150 LINCOLN STREET,07042,MONTCLAIR,Y,C,NA,G,NA
150 MONTCLAIR AVENUE,07043,MONTCLAIR,Y,C,NA,L,NA
150 N MOUNTAIN AVENUE,07042,MONTCLAIR,N,C,NA,C,NA
150 PINE STREET,07042,MONTCLAIR,N,C,NA,C,NA
150 S MOUNTAIN AVENUE,07042,MONTCLAIR,N,C,NA,C,NA
150 UPPER MOUNTAIN AVENUE,07042,MONTCLAIR,N,C,NA,C,NA
150 VALLEY ROAD,07043,MONTCLAIR,N,C,NA,C,NA
150 WILLOWDALE AVENUE,07042,MONTCLAIR,N,C,NA,C,NA
151 CHESTNUT STREET,07042,MONTCLAIR,N,C,NA,C,NA
151 CHRISTOPHER STREET,07043,MONTCLAIR,N,C,NA,C,NA
151 CLAREMONT AVENUE,07042,MONTCLAIR,N,C,NA,C,NA
151 CLAREMONT AVENUE-2ND,07042,MONTCLAIR,N,C,NA,C,NA
151 EAGLE ROCK WAY,07042,MONTCLAIR,N,C,NA,C,NA
151 FOREST STREET-BUILD #1,07042,MONTCLAIR,N,C,NA,C,NA
151 HIGH STREET,07042,MONTCLAIR,N,C,NA,C,NA
151 HIGHLAND AVENUE,07043,MONTCLAIR,N,C,NA,C,NA
151 INWOOD AVENUE,07043,MONTCLAIR,N,C,NA,C,NA
151 LORRAINE AVENUE,07043,MONTCLAIR,N,C,NA,C,NA
151 LINCOLN STREET,07042,MONTCLAIR,Y,C,NA,G,NA
151 MONTCLAIR AVENUE,07043,MONTCLAIR,N,C,NA,C,NA
151 N MOUNTAIN AVENUE,07042,MONTCLAIR,N,C,NA,C,NA
151 PINE STREET 1ST,07042,MONTCLAIR,N,C,NA,C,NA
151 PINE STREET 2ND,07042,MONTCLAIR,N,C,NA,C,NA
151 VALLEY ROAD 1ST,07043,MONTCLAIR,N,C,NA,C,NA
151 VALLEY ROAD-APT A,07043,MONTCLAIR,N,C,NA,C,NA
151 VALLEY ROAD-APT B,07043,MONTCLAIR,N,C,NA,C,NA
151 VALLEY ROAD-APT C,07043,MONTCLAIR,N,C,NA,C,NA
151 VALLEY ROAD-APTD,07043,MONTCLAIR,N,C,NA,C,NA
151-A FOREST STREET,07042,MONTCLAIR,N,C,NA,C,NA
152 CHRISTOPHER STREET,07043,MONTCLAIR,N,C,NA,C,NA
152 CLAREMONT AVENUE,07042,MONTCLAIR,N,C,NA,C,NA
152 CLAREWILL AVENUE,07043,MONTCLAIR,N,C,NA,C,NA
152 FOREST STREET,07042,MONTCLAIR,N,C,NA,C,NA
152 GATES AVENUE,07042,MONTCLAIR,N,C,NA,C,NA
152 GROVE STREET,07043,MONTCLAIR,N,C,NA,C,NA
152 HIGHLAND AVENUE,07043,MONTCLAIR,N,C,NA,C,NA
152 HIGH STREET,07042,MONTCLAIR,Y,C,NA,UX,NA
152 LINCOLN STREET,07042,MONTCLAIR,N,C,NA,C,NA
152 MONTCLAIR AVENUE,07043,MONTCLAIR,N,C,NA,C,NA
152 PARK STREET,07043,MONTCLAIR,N,C,NA,C,NA
152 S MOUNTAIN AVENUE,07042,MONTCLAIR,N,C,NA,C,NA
152 UNION STREET,07042,MONTCLAIR,Y,C,NA,G,NA
152 VALLEY ROAD 1ST,07043,MONTCLAIR,N,C,NA,C,NA
152 VALLEY ROAD 2ND,07043,MONTCLAIR,N,C,NA,C,NA
152 WALNUT STREET,07042,MONTCLAIR,N,C,NA,C,NA
152 WATCHUNG AVENUE,07043,MONTCLAIR,N,C,NA,C,NA
152 WILLOWDALE AVENUE,07042,MONTCLAIR,N,C,NA,C,NA
152.5 VALLEY ROAD,07043,MONTCLAIR,N,C,NA,C,NA
153 ALEXANDER AVENUE,07043,MONTCLAIR,N,C,NA,C,NA
153 BELLEVUE AVENUE,07043,MONTCLAIR,N,C,NA,C,NA
153 EAGLE ROCK WAY,07042,MONTCLAIR,N,C,NA,C,NA
153 GATES AVENUE,07042,MONTCLAIR,N,C,NA,C,NA
153 GROVE STREET,07043,MONTCLAIR,N,C,NA,C,NA
153 HIGHLAND AVENUE,07043,MONTCLAIR,N,C,NA,C,NA
153 LLOYD ROAD,07042,MONTCLAIR,N,C,NA,C,NA
153 MONTCLAIR AVENUE,07043,MONTCLAIR,N,C,NA,C,NA
153 N MOUNTAIN AVENUE,07042,MONTCLAIR,N,C,NA,C,NA
153 PARK STREET,07043,MONTCLAIR,N,C,NA,C,NA
153 PINE STREET,07042,MONTCLAIR,N,C,NA,C,NA
153 S MOUNTAIN AVENUE,07042,MONTCLAIR,N,C,NA,C,NA
153 UNION STREET,07042,MONTCLAIR,N,C,NA,C,NA
153 VALLEY ROAD,07043,MONTCLAIR,N,C,NA,C,NA
153 WALNUT STREET,07042,MONTCLAIR,N,C,NA,C,NA
153 WATCHUNG AVENUE,07043,MONTCLAIR,N,C,NA,C,NA
153 WILLOWDALE AVENUE 1ST,07042,MONTCLAIR,N,C,NA,C,NA
153 WILLOWDALE AVENUE 2ND,07042,MONTCLAIR,N,C,NA,C,NA
154 BLOOMFIELD AVENUE 1ST,07042,MONTCLAIR,N,C,NA,C,NA
154 BLOOMFIELD AVENUE 2ND,07042,MONTCLAIR,N,C,NA,C,NA
154 CHRISTOPHER STREET,07043,MONTCLAIR,N,C,NA,C,NA
154 CLAREMONT AVENUE 1ST,07042,MONTCLAIR,Y,C,NA,UX,NA
154 CLAREMONT AVENUE 2ND,07042,MONTCLAIR,Y,C,NA,UX,NA
154 EAGLE ROCK WAY,07042,MONTCLAIR,N,C,NA,C,NA
154 GROVE STREET,07043,MONTCLAIR,N,C,NA,C,NA
154 HIGHLAND AVENUE,07043,MONTCLAIR,N,C,NA,C,NA
154 INWOOD AVENUE,07043,MONTCLAIR,N,C,NA,C,NA
154 LINCOLN STREET,07042,MONTCLAIR,N,C,NA,C,NA
154 MONTCLAIR AVENUE,07043,MONTCLAIR,N,C,NA,C,NA
154 N MOUNTAIN AVENUE,07042,MONTCLAIR,N,C,NA,C,NA
154 ORANGE ROAD,07042,MONTCLAIR,N,C,NA,C,NA
154 UNION STREET,07042,MONTCLAIR,N,C,NA,C,NA
154 UPPER MOUNTAIN AVENUE,07042,MONTCLAIR,N,C,NA,C,NA
154 VALLEY ROAD,07043,MONTCLAIR,N,C,NA,C,NA
154 WALNUT STREET,07042,MONTCLAIR,N,C,NA,C,NA
154 WATCHUNG AVENUE,07043,MONTCLAIR,N,C,NA,C,NA
155 ALEXANDER AVENUE,07043,MONTCLAIR,N,C,NA,C,NA
155 BELLEVUE AVENUE,07043,MONTCLAIR,N,C,NA,C,NA
155 CHESTNUT STREET,07042,MONTCLAIR,N,C,NA,C,NA
155 CHRISTOPHER STREET,07043,MONTCLAIR,N,C,NA,C,NA
155 EAGLE ROCK WAY,07042,MONTCLAIR,N,C,NA,C,NA
155 HIGHLAND AVENUE,07043,MONTCLAIR,N,C,NA,C,NA
155 INWOOD AVENUE,07043,MONTCLAIR,N,C,NA,C,NA
155 MONTCLAIR AVENUE,07043,MONTCLAIR,N,C,NA,C,NA
155 N MOUNTAIN AVENUE,07042,MONTCLAIR,N,C,NA,C,NA
155 PINE STREET 1ST,07042,MONTCLAIR,N,C,NA,C,NA
155 PINE STREET 2ND,07042,MONTCLAIR,N,C,NA,C,NA
155 VALLEY ROAD,07043,MONTCLAIR,N,C,NA,C,NA
155 WILDWOOD AVENUE,07043,MONTCLAIR,N,C,NA,C,NA
155 WILLOWDALE AVENUE,07042,MONTCLAIR,Y,C,NA,UX,NA
156 BLOOMFIELD AVENUE 1ST,07042,MONTCLAIR,N,C,NA,C,NA
156 BLOOMFIELD AVENUE 2ND,07042,MONTCLAIR,N,C,NA,C,NA
156 CLAREMONT AVENUE,07042,MONTCLAIR,N,C,NA,C,NA
156 CLAREMONT AVENUE 2ND,07042,MONTCLAIR,N,C,NA,C,NA
156 CHRISTOPHER STREET,07043,MONTCLAIR,N,C,NA,C,NA
156 GROVE STREET,07043,MONTCLAIR,N,C,NA,C,NA
156 HIGH STREET,07042,MONTCLAIR,N,C,NA,C,NA
156 HIGHLAND AVENUE,07043,MONTCLAIR,N,C,NA,C,NA
156 LINCOLN STREET,07042,MONTCLAIR,N,C,NA,C,NA
156 ORANGE ROAD,07042,MONTCLAIR,N,C,NA,C,NA
156 VALLEY ROAD,07043,MONTCLAIR,N,C,NA,C,NA
156 WALNUT STREET,07042,MONTCLAIR,Y,C,NA,UX,NA
157 ALEXANDER AVENUE,07043,MONTCLAIR,N,C,NA,C,NA
157 CHESTNUT STREET 1ST,07042,MONTCLAIR,N,C,NA,C,NA
157 CHESTNUT STREET-2ND,07042,MONTCLAIR,N,C,NA,C,NA
157 CHRISTOPHER STREET,07043,MONTCLAIR,N,C,NA,C,NA
157 CLAREMONT AVENUE,07042,MONTCLAIR,N,C,NA,C,NA
157 HIGHLAND AVENUE,07043,MONTCLAIR,N,C,NA,C,NA
157 LINCOLN STREET,07042,MONTCLAIR,N,C,NA,C,NA
157 N MOUNTAIN AVENUE,07042,MONTCLAIR,N,C,NA,C,NA
157 ORANGE ROAD,07042,MONTCLAIR,N,C,NA,C,NA
157 S MOUNTAIN AVENUE,07042,MONTCLAIR,N,C,NA,C,NA
157 SUMMIT AVENUE,07043,MONTCLAIR,Y,C,NA,UX,NA
157 VALLEY ROAD,07043,MONTCLAIR,N,C,NA,C,NA
157 WALNUT STREET 1ST,07042,MONTCLAIR,N,C,NA,C,NA
157 WALNUT STREET 2ND,07042,MONTCLAIR,N,C,NA,C,NA
157 WALNUT STREET 3RD FL,07042,MONTCLAIR,N,C,NA,C,NA
157 WATCHUNG AVENUE,07043,MONTCLAIR,N,C,NA,C,NA
158 BLOOMFIELD AVENUE 1ST,07042,MONTCLAIR,N,C,NA,C,NA
158 BLOOMFIELD AVENUE 2ND,07042,MONTCLAIR,N,C,NA,C,NA
158 CLAREMONT AVENUE 1ST,07042,MONTCLAIR,N,C,NA,C,NA
158 CLAREMONT AVENUE-2ND,07042,MONTCLAIR,N,C,NA,C,NA
158 GATES AVENUE,07042,MONTCLAIR,N,C,NA,C,NA
158 INWOOD AVENUE,07043,MONTCLAIR,N,C,NA,C,NA
158 LORRAINE AVENUE,07043,MONTCLAIR,N,C,NA,C,NA
158 LINCOLN STREET,07042,MONTCLAIR,N,C,NA,C,NA
158 MONTCLAIR AVENUE,07043,MONTCLAIR,N,C,NA,C,NA
158 ORANGE ROAD,07042,MONTCLAIR,N,C,NA,C,NA
158 S MOUNTAIN AVENUE,07042,MONTCLAIR,N,C,NA,C,NA
158 VALLEY ROAD,07043,MONTCLAIR,N,C,NA,C,NA
158 WALNUT STREET,07042,MONTCLAIR,N,C,NA,C,NA
159 BELLEVUE AVENUE,07043,MONTCLAIR,N,C,NA,C,NA
159 CHRISTOPHER STREET,07043,MONTCLAIR,N,C,NA,C,NA
159 CLAREMONT AVENUE,07042,MONTCLAIR,N,C,NA,C,NA
159 CHESTNUT STREET,07042,MONTCLAIR,N,C,NA,C,NA
159 EAGLE ROCK WAY,07042,MONTCLAIR,N,C,NA,C,NA
159 FOREST STREET,07042,MONTCLAIR,N,C,NA,C,NA
159 GATES AVENUE,07042,MONTCLAIR,N,C,NA,O,POLY
159 GLENRIDGE AVENUE,07042,MONTCLAIR,N,C,NA,C,NA
159 GORDONHURST AVENUE,07043,MONTCLAIR,N,C,NA,C,NA
159 HIGHLAND AVENUE,07043,MONTCLAIR,N,C,NA,C,NA
159 INWOOD AVENUE,07043,MONTCLAIR,N,C,NA,C,NA
159 LINCOLN STREET,07042,MONTCLAIR,N,C,NA,C,NA
159 MIDLAND AVENUE,07042,MONTCLAIR,N,C,NA,C,NA
159 N MOUNTAIN AVENUE,07042,MONTCLAIR,N,C,NA,C,NA
159 PARK STREET,07043,MONTCLAIR,N,C,NA,C,NA
159 PARK STREET REAR,07043,MONTCLAIR,N,C,NA,C,NA
159 PINE STREET,07042,MONTCLAIR,N,C,NA,C,NA
159 SUMMIT AVENUE,07043,MONTCLAIR,N,C,NA,C,NA
159 UPPER MOUNTAIN AVENUE,07042,MONTCLAIR,N,C,NA,C,NA
159 VALLEY ROAD,07043,MONTCLAIR,N,C,NA,C,NA
159 WALNUT STREET,07042,MONTCLAIR,N,C,NA,C,NA
159 WATCHUNG AVENUE,07043,MONTCLAIR,N,C,NA,C,NA
16 ALEXANDER AVENUE,07043,MONTCLAIR,N,C,NA,C,NA
16 ALDEN ROAD,07042,MONTCLAIR,Y,C,NA,G,NA
16 AMELIA STREET,07042,MONTCLAIR,N,C,NA,C,NA
16 AUBREY ROAD,07043,MONTCLAIR,N,C,NA,C,NA
16 BELLAIRE DRIVE,07042,MONTCLAIR,N,C,NA,C,NA
16 BELLEGROVE DRIVE,07043,MONTCLAIR,N,C,NA,C,NA
16 BERKELEY PLACE,07042,MONTCLAIR,N,C,NA,C,NA
16 BRADFORD AVENUE,07043,MONTCLAIR,N,C,NA,C,NA
16 BRAEMORE ROAD,07043,MONTCLAIR,N,C,NA,C,NA
16 BROOKFIELD ROAD 1ST,07043,MONTCLAIR,N,C,NA,C,NA
16 BROOKFIELD ROAD 2ND,07043,MONTCLAIR,N,C,NA,C,NA
16 BRUCE ROAD,07043,MONTCLAIR,N,C,NA,C,NA
16 CAREY COURT,07042,MONTCLAIR,N,C,NA,C,NA
16 CARLTON DRIVE,07043,MONTCLAIR,N,C,NA,C,NA
16 CAROLIN ROAD,07043,MONTCLAIR,N,C,NA,C,NA
16 CARTERET STREET,07043,MONTCLAIR,N,C,NA,C,NA
16 CEDAR AVENUE,07042,MONTCLAIR,N,C,NA,C,NA
16 CENTRAL AVENUE,07042,MONTCLAIR,N,C,NA,C,NA
16 CHARLES STREET,07042,MONTCLAIR,N,C,NA,C,NA
16 CHESTER ROAD,07043,MONTCLAIR,N,C,NA,C,NA
16 CHURCH STREET,07042,MONTCLAIR,N,C,NA,C,NA
16 CLAIRIDGE COURT,07042,MONTCLAIR,N,C,NA,C,NA
16 CLAREMONT AVENUE,07042,MONTCLAIR,N,C,NA,C,NA
16 COLUMBUS AVENUE,07042,MONTCLAIR,N,C,NA,C,NA
16 COTTAGE PLACE,07042,MONTCLAIR,N,C,NA,C,NA
16 CROSS STREET,07042,MONTCLAIR,N,C,NA,C,NA
16 CLOVERHILL PLACE,07042,MONTCLAIR,Y,C,NA,O,BRASS
16 DODD STREET,07042,MONTCLAIR,N,C,NA,C,NA
16 DURYEA ROAD,07043,MONTCLAIR,N,C,NA,C,NA
16 EDGECLIFF ROAD,07043,MONTCLAIR,N,C,NA,C,NA
16 EDGEWOOD ROAD,07042,MONTCLAIR,N,C,NA,C,NA
16 ERWIN PARK ROAD,07042,MONTCLAIR,N,C,NA,C,NA
16 EUCLID PLACE,07042,MONTCLAIR,N,C,NA,C,NA
16 ENFIELD AVENUE,07042,MONTCLAIR,N,C,NA,C,NA
16 FAIRMOUNT AVENUE,07043,MONTCLAIR,N,C,NA,C,NA
16 FAIRVIEW PLACE,07043,MONTCLAIR,N,C,NA,C,NA
16 FRIENDSHIP PLACE,07042,MONTCLAIR,N,C,NA,C,NA
16 FULTON STREET,07042,MONTCLAIR,N,C,NA,C,NA
16 FIDELITY PLACE,07042,MONTCLAIR,Y,C,NA,G,NA
16 FOREST STREET,07042,MONTCLAIR,Y,C,NA,G,NA
16 FRANKLIN PLACE,07042,MONTCLAIR,N,C,NA,C,NA
16 GARDINER PLACE,07042,MONTCLAIR,N,C,NA,C,NA
16 GLENRIDGE PARKWAY,07042,MONTCLAIR,N,C,NA,C,NA
16 GLENSIDE TERRACE,07043,MONTCLAIR,N,C,NA,C,NA
16 GLENWOOD ROAD,07043,MONTCLAIR,N,C,NA,C,NA
16 GRAHAM TERRACE,07042,MONTCLAIR,N,C,NA,C,NA
16 GREENVIEW WAY,07043,MONTCLAIR,N,C,NA,C,NA
16 GRENADA PLACE,07042,MONTCLAIR,N,C,NA,C,NA
16 GROVE TERRACE,07042,MONTCLAIR,N,C,NA,C,NA
16 GODFREY ROAD,07043,MONTCLAIR,Y,C,NA,UX,NA
16 HELLER DRIVE,07043,MONTCLAIR,N,C,NA,C,NA
16 HILLTOP PLACE,07042,MONTCLAIR,N,C,NA,C,NA
16 HITCHCOCK PLACE,07042,MONTCLAIR,N,C,NA,C,NA
16 HOLLAND TERRACE,07042,MONTCLAIR,N,C,NA,C,NA
16 HOWE AVENUE,07042,MONTCLAIR,N,C,NA,C,NA
16 HOBURG PLACE,07042,MONTCLAIR,N,C,NA,O,PVC
16 INNESS PLACE,07042,MONTCLAIR,N,C,NA,C,NA
16 JEROME PLACE,07043,MONTCLAIR,N,C,NA,C,NA
16 KIPS RIDGE,07044,MONTCLAIR,N,C,NA,C,NA
16 KIPS RIDGE-SPRINKLER,07044,MONTCLAIR,N,C,NA,C,NA
16 LABEL STREET,07042,MONTCLAIR,N,C,NA,C,NA
16 LACKAWANA PLACEZ,07042,MONTCLAIR,N,C,NA,C,NA
16 LANE COURT,07043,MONTCLAIR,N,C,NA,C,NA
16 LASALLE ROAD,07043,MONTCLAIR,N,C,NA,C,NA
16 LEXINGTON AVENUE 2R,07042,MONTCLAIR,N,C,NA,C,NA
16 LEXINGTON AVENUE-2L,07042,MONTCLAIR,N,C,NA,C,NA
16 LEXINGTON AVENUE1L,07042,MONTCLAIR,N,C,NA,C,NA
16 LINDEN AVENUE,07042,MONTCLAIR,N,C,NA,C,NA
16 LLEWELLYN ROAD,07042,MONTCLAIR,N,C,NA,C,NA
16 LOCUST DRIVE,07042,MONTCLAIR,N,C,NA,C,NA
16 LAUREL PLACE,07043,MONTCLAIR,N,C,NA,C,NA
16 MADISON AVENUE,07042,MONTCLAIR,N,C,NA,C,NA
16 MARION ROAD,07043,MONTCLAIR,N,C,NA,C,NA
16 MILLER STREET,07042,MONTCLAIR,N,C,NA,C,NA
16 MONTCLAIR AVENUE,07043,MONTCLAIR,N,C,NA,C,NA
16 MONTCLAIR AVENUE #2,07043,MONTCLAIR,N,C,NA,C,NA
16 MONTCLAIR AVENUE #3,07043,MONTCLAIR,N,C,NA,C,NA
16 MOUNT VERNON ROAD,07043,MONTCLAIR,N,C,NA,C,NA
16 MOUNTAINSIDE PARK TERRACE,07043,MONTCLAIR,N,C,NA,C,NA
16 MUNN STREET,07042,MONTCLAIR,N,C,NA,C,NA
16 MAPLE AVENUE 1ST,07042,MONTCLAIR,N,C,NA,C,NA
16 MAPLE AVENUE 2ND,07042,MONTCLAIR,Y,C,NA,UX,NA
16 MISSION STREET,07042,MONTCLAIR,Y,C,NA,G,NA
16 N MOUNTAIN AVENUE,07042,MONTCLAIR,N,C,NA,C,NA
16 N WILLOW STREET,07042,MONTCLAIR,N,C,NA,C,NA
16 N WILLOW STREET 2ND,07042,MONTCLAIR,Y,C,NA,UX,NA
16 NEW STREET,07042,MONTCLAIR,N,C,NA,C,NA
16 NORMAN ROAD,07043,MONTCLAIR,N,C,NA,C,NA
16 NOTTING HILL WAY,07042,MONTCLAIR,N,C,NA,C,NA
16 NISHUANE ROAD,07042,MONTCLAIR,Y,G,NA,C,NA
16 NORTHVIEW AVENUE,07043,MONTCLAIR,N,C,NA,C,NA
16 OAK PLACE,07042,MONTCLAIR,N,C,NA,C,NA
16 OAK PLACE 1ST,07042,MONTCLAIR,N,C,NA,C,NA
16 ORANGE ROAD,07042,MONTCLAIR,Y,C,NA,L,NA
16 OXFORD STREET 1ST,07042,MONTCLAIR,Y,C,NA,G,NA
16 OXFORD STREET 2ND,07042,MONTCLAIR,Y,C,NA,G,NA
16 PARK TERRACE,07043,MONTCLAIR,N,C,NA,C,NA
16 PARKSIDE,07043,MONTCLAIR,N,C,NA,C,NA
16 PIERSON PLACE,07042,MONTCLAIR,N,C,NA,C,NA
16 PLYMOUTH STREET,07042,MONTCLAIR,N,C,NA,C,NA
16 PORTLAND PLACE,07042,MONTCLAIR,N,C,NA,C,NA
16 POTTER COURT,07043,MONTCLAIR,N,C,NA,C,NA
16 PRESCOTT AVENUE,07042,MONTCLAIR,N,C,NA,C,NA
16 PROSPECT AVENUE,07042,MONTCLAIR,N,C,NA,C,NA
16 PLEASANT AVENUE,07042,MONTCLAIR,Y,C,NA,UX,NA
16 ROCKLEDGE ROAD,07042,MONTCLAIR,N,C,NA,C,NA
16 ROOSEVELT PLACE,07042,MONTCLAIR,N,C,NA,C,NA
16 ROSEDALE AVENUE,07042,MONTCLAIR,Y,C,NA,L,NA
16 SAINT LUKES PLACE,07042,MONTCLAIR,N,C,NA,C,NA
16 SEARS PLACE,07042,MONTCLAIR,N,C,NA,C,NA
16 SKYTOP TERRACE,07043,MONTCLAIR,N,C,NA,C,NA
16 SOUTHERN TERRACE,07042,MONTCLAIR,N,C,NA,C,NA
16 STANFORD PLACE,07042,MONTCLAIR,N,C,NA,C,NA
16 STEPHEN STREET,07042,MONTCLAIR,N,C,NA,C,NA
16 STONEHENGE ROAD,07043,MONTCLAIR,N,C,NA,C,NA
16 SUNSET PARK,07043,MONTCLAIR,N,C,NA,C,NA
16 TICHENOR PLACE,07042,MONTCLAIR,N,C,NA,C,NA
16 TRINITY PLACE 1ST,07042,MONTCLAIR,N,C,NA,C,NA
16 TRINITY PLACE 2ND,07042,MONTCLAIR,N,C,NA,C,NA
16 TRINITY PLACE 3RD,07042,MONTCLAIR,N,C,NA,C,NA
16 TUERS PLACE,07043,MONTCLAIR,N,C,NA,C,NA
16 TALBOT STREET,07042,MONTCLAIR,N,C,NA,C,NA
16 THE FAIRWAY,07043,MONTCLAIR,N,C,NA,C,NA
16 UNION STREET,07042,MONTCLAIR,N,C,NA,C,NA
16 UPPER MOUNTAIN AVENUE,07042,MONTCLAIR,N,C,NA,C,NA
16 VAN BREEMEN COURT,07043,MONTCLAIR,N,C,NA,C,NA
16 VICTORIA TERRACE,07043,MONTCLAIR,N,C,NA,C,NA
16 WALNUT PARKWAY 1ST,07042,MONTCLAIR,N,C,NA,C,NA
16 WALNUT PARKWAY 2ND,07042,MONTCLAIR,N,C,NA,C,NA
16 WARD PLACE,07042,MONTCLAIR,N,C,NA,C,NA
16 WARFIELD STREET,07043,MONTCLAIR,N,C,NA,C,NA
16 WARMAN STREET,07042,MONTCLAIR,N,C,NA,C,NA
16 WATERBURY ROAD,07043,MONTCLAIR,N,C,NA,C,NA
16 WAYSIDE PLACE,07042,MONTCLAIR,N,C,NA,C,NA
16 WESTREET BROOKWOOD DRIVE,07042,MONTCLAIR,N,C,NA,C,NA
16 WILDE PLACE,07042,MONTCLAIR,N,C,NA,C,NA
16 WILFRED STREET,07042,MONTCLAIR,N,C,NA,C,NA
16 WILLARD PLACE,07042,MONTCLAIR,N,C,NA,C,NA
16 WILLOWDALE AVENUE,07042,MONTCLAIR,N,C,NA,C,NA
16 WINDEMERE ROAD,07043,MONTCLAIR,N,C,NA,C,NA
16 WINDSOR PLACE,07043,MONTCLAIR,N,C,NA,C,NA
16 WARREN PLACE,07042,MONTCLAIR,N,C,NA,C,NA
16 WELLESLEY ROAD,07043,MONTCLAIR,Y,C,NA,G,NA
16 WEST BROOKWOOD DRIVE,07042,MONTCLAIR,Y,C,NA,UX,NA
16 WHEELER STREET,07042,MONTCLAIR,N,C,NA,C,NA
16 WILLOWMERE AVENUE,07042,MONTCLAIR,N,C,NA,C,NA
16 YALE TERRACE,07042,MONTCLAIR,N,C,NA,C,NA
16-18 SEYMOUR STREET,07042,MONTCLAIR,N,C,NA,C,NA
160 ALEXANDER AVENUE,07043,MONTCLAIR,N,C,NA,C,NA
160 BELLEVUE AVENUE,07043,MONTCLAIR,N,C,NA,C,NA
160 BLOOMFIELD AVENUE,07042,MONTCLAIR,N,C,NA,C,NA
160 CHESTNUT STREET,07042,MONTCLAIR,N,C,NA,C,NA
160 COOPER AVENUE,07043,MONTCLAIR,N,C,NA,C,NA
160 EAGLE ROCK WAY,07042,MONTCLAIR,N,C,NA,C,NA
160 GROVE STREET,07043,MONTCLAIR,N,C,NA,C,NA
160 GORDONHURST AVENUE,07043,MONTCLAIR,N,C,NA,C,NA
160 LINCOLN STREET,07042,MONTCLAIR,N,C,NA,C,NA
160 LLOYD ROAD,07042,MONTCLAIR,N,C,NA,C,NA
160 LORRAINE AVENUE,07043,MONTCLAIR,N,C,NA,C,NA
160 MIDLAND AVENUE,07042,MONTCLAIR,N,C,NA,C,NA
160 N MOUNTAIN AVENUE,07042,MONTCLAIR,N,C,NA,C,NA
160 ORANGE ROAD,07042,MONTCLAIR,N,C,NA,C,NA
160 PARK STREET,07043,MONTCLAIR,N,C,NA,C,NA
160 SUMMIT AVENUE,07043,MONTCLAIR,N,C,NA,C,NA
160 VALLEY ROAD,07043,MONTCLAIR,N,C,NA,C,NA
160 WALNUT STREET,07042,MONTCLAIR,N,C,NA,C,NA
160 WATCHUNG AVENUE,07043,MONTCLAIR,N,C,NA,C,NA
161 BELLEVUE AVENUE 1ST,07043,MONTCLAIR,N,C,NA,C,NA
161 BELLEVUE AVENUE 2ND,07043,MONTCLAIR,N,C,NA,C,NA
161 CLAREMONT AVENUE,07042,MONTCLAIR,N,C,NA,C,NA
161 GORDONHURST AVENUE,07043,MONTCLAIR,N,C,NA,C,NA
161 HIGHLAND AVENUE,07043,MONTCLAIR,N,C,NA,C,NA
161 LLOYD ROAD,07042,MONTCLAIR,N,C,NA,C,NA
161 LINCOLN STREET,07042,MONTCLAIR,N,C,NA,C,NA
161 MIDLAND AVENUE,07042,MONTCLAIR,N,C,NA,C,NA
161 MONTCLAIR AVENUE,07043,MONTCLAIR,N,C,NA,C,NA
161 N MOUNTAIN AVENUE,07042,MONTCLAIR,N,C,NA,C,NA
161 ORANGE ROAD,07042,MONTCLAIR,N,C,NA,C,NA
161 PARK STREET,07043,MONTCLAIR,N,C,NA,C,NA
161 SUMMIT AVENUE,07043,MONTCLAIR,N,C,NA,C,NA
161 VALLEY ROAD,07043,MONTCLAIR,N,C,NA,C,NA
161 VALLEY ROAD 2ND,07043,MONTCLAIR,N,C,NA,C,NA
161 WALNUT STREET,07042,MONTCLAIR,N,C,NA,C,NA
161 WILLOWDALE AVENUE,07042,MONTCLAIR,N,C,NA,C,NA
161 WILDWOOD AVENUE,07043,MONTCLAIR,N,C,NA,C,NA
162 ALEXANDER AVENUE,07043,MONTCLAIR,N,C,NA,C,NA
162 INWOOD AVENUE,07043,MONTCLAIR,N,C,NA,C,NA
162 LINCOLN STREET,07042,MONTCLAIR,N,C,NA,C,NA
162 ORANGE ROAD,07042,MONTCLAIR,Y,C,NA,G,NA
162 PARK STREET,07043,MONTCLAIR,N,C,NA,C,NA
162 SUMMIT AVENUE,07043,MONTCLAIR,N,C,NA,C,NA
162 UNION STREET,07042,MONTCLAIR,N,C,NA,C,NA
162 UPPER MOUNTAIN AVENUE,07042,MONTCLAIR,N,C,NA,C,NA
162 VALLEY ROAD,07043,MONTCLAIR,N,C,NA,C,NA
162 WALNUT STREET,07042,MONTCLAIR,N,C,NA,C,NA
163 ALEXANDER AVENUE,07043,MONTCLAIR,N,C,NA,C,NA
163 CLAREMONT AVENUE,07042,MONTCLAIR,N,C,NA,C,NA
163 COOPER AVENUE,07043,MONTCLAIR,N,C,NA,C,NA
163 HARRISON AVENUE,07042,MONTCLAIR,N,C,NA,C,NA
163 MIDLAND AVENUE,07042,MONTCLAIR,N,C,NA,C,NA
163 MONTCLAIR AVENUE,07043,MONTCLAIR,N,C,NA,C,NA
163 PARK STREET,07043,MONTCLAIR,N,C,NA,C,NA
163 PINE STREET,07042,MONTCLAIR,N,C,NA,C,NA
163 UNION STREET,07042,MONTCLAIR,N,C,NA,C,NA
163 VALLEY ROAD,07043,MONTCLAIR,N,C,NA,C,NA
163 WILLOWDALE AVENUE,07042,MONTCLAIR,N,C,NA,C,NA
164 ALEXANDER AVENUE,07043,MONTCLAIR,N,C,NA,C,NA
164 BLOOMFIELD AVENUE,07042,MONTCLAIR,N,C,NA,C,NA
164 CHESTNUT STREET,07042,MONTCLAIR,N,C,NA,C,NA
164 EAGLE ROCK WAY,07042,MONTCLAIR,N,C,NA,C,NA
164 GROVE STREET,07043,MONTCLAIR,N,C,NA,C,NA
164 GORDONHURST AVENUE,07043,MONTCLAIR,N,C,NA,C,NA
164 LINCOLN STREET,07042,MONTCLAIR,N,C,NA,C,NA
164 MIDLAND AVENUE,07042,MONTCLAIR,N,C,NA,C,NA
164 ORANGE ROAD,07042,MONTCLAIR,Y,C,NA,O,BRASS
164 PARK STREET,07043,MONTCLAIR,N,C,NA,C,NA
164 S MOUNTAIN AVENUE,07042,MONTCLAIR,Y,C,NA,L,NA
164 VALLEY ROAD,07043,MONTCLAIR,N,C,NA,C,NA
164 WATCHUNG AVENUE,07043,MONTCLAIR,N,C,NA,C,NA
164 WILDWOOD AVENUE,07043,MONTCLAIR,N,C,NA,C,NA
165 COOPER AVENUE,07043,MONTCLAIR,N,C,NA,C,NA
165 CLAREMONT AVENUE,07042,MONTCLAIR,N,C,NA,C,NA
165 GATES AVENUE,07042,MONTCLAIR,N,C,NA,C,NA
165 GORDONHURST AVENUE,07043,MONTCLAIR,N,C,NA,C,NA
165 HARRISON AVENUE,07042,MONTCLAIR,N,C,NA,C,NA
165 HIGHLAND AVENUE,07043,MONTCLAIR,N,C,NA,C,NA
165 LINCOLN STREET 1ST,07042,MONTCLAIR,N,C,NA,C,NA
165 LLOYD ROAD,07042,MONTCLAIR,N,C,NA,C,NA
165 MIDLAND AVENUE,07042,MONTCLAIR,N,C,NA,C,NA
165 MONTCLAIR AVENUE,07043,MONTCLAIR,N,C,NA,C,NA
165 PINE STREET 1ST,07042,MONTCLAIR,N,C,NA,C,NA
165 PINE STREET 2ND,07042,MONTCLAIR,N,C,NA,C,NA
165 SUMMIT AVENUE,07043,MONTCLAIR,N,C,NA,C,NA
165 VALLEY ROAD,07043,MONTCLAIR,N,C,NA,C,NA
165 WATCHUNG AVENUE,07043,MONTCLAIR,N,C,NA,C,NA
165 WILLOWDALE AVENUE,07042,MONTCLAIR,N,C,NA,C,NA
165 WILDWOOD AVENUE,07043,MONTCLAIR,N,C,NA,C,NA
166 ALEXANDER AVENUE,07043,MONTCLAIR,N,C,NA,C,NA
166 CHRISTOPHER STREET,07043,MONTCLAIR,N,C,NA,C,NA
166 GORDONHURST AVENUE,07043,MONTCLAIR,N,C,NA,C,NA
166 HIGHLAND AVENUE,07043,MONTCLAIR,Y,C,NA,UX,NA
166 LINCOLN STREET,07042,MONTCLAIR,N,C,NA,C,NA
166 MONTCLAIR AVENUE,07043,MONTCLAIR,N,C,NA,C,NA
166 MIDLAND AVENUE,07042,MONTCLAIR,N,C,NA,C,NA
166 N MOUNTAIN AVENUE,07042,MONTCLAIR,N,C,NA,C,NA
166 ORANGE ROAD,07042,MONTCLAIR,N,C,NA,C,NA
166 SUMMIT AVENUE,07043,MONTCLAIR,N,C,NA,C,NA
166 UPPER MOUNTAIN AVENUE,07042,MONTCLAIR,N,C,NA,C,NA
166 VALLEY ROAD,07043,MONTCLAIR,N,C,NA,C,NA
167 ALEXANDER AVENUE,07043,MONTCLAIR,N,C,NA,C,NA
167 CLAREMONT AVENUE,07042,MONTCLAIR,N,C,NA,C,NA
167 COOPER AVENUE,07043,MONTCLAIR,N,C,NA,C,NA
167 EAGLE ROCK WAY,07042,MONTCLAIR,N,C,NA,C,NA
167 GORDONHURST AVENUE,07043,MONTCLAIR,N,C,NA,C,NA
167 HARRISON AVENUE,07042,MONTCLAIR,N,C,NA,C,NA
167 HIGHLAND AVENUE,07043,MONTCLAIR,N,C,NA,C,NA
167 MONTCLAIR AVENUE,07043,MONTCLAIR,N,C,NA,C,NA
167 ORANGE ROAD,07042,MONTCLAIR,N,C,NA,C,NA
167 PARK STREET,07043,MONTCLAIR,N,C,NA,C,NA
167 PINE STREET 1ST,07042,MONTCLAIR,Y,C,NA,G,NA
167 PINE STREET 2ND,07042,MONTCLAIR,Y,C,NA,UX,NA
167 S MOUNTAIN AVENUE,07042,MONTCLAIR,N,C,NA,C,NA
167 SUMMIT AVENUE,07043,MONTCLAIR,N,C,NA,C,NA
167 UPPER MOUNTAIN AVENUE,07042,MONTCLAIR,N,C,NA,C,NA
167 VALLEY ROAD,07043,MONTCLAIR,N,C,NA,C,NA
167 WATCHUNG AVENUE,07043,MONTCLAIR,N,C,NA,C,NA
167A HARRISON AVENUE 1ST,07042,MONTCLAIR,N,C,NA,C,NA
167A HARRISON AVENUE 2ND,07042,MONTCLAIR,N,C,NA,C,NA
167B HARRISON AVENUE 1ST,07042,MONTCLAIR,N,C,NA,C,NA
167B HARRISON AVENUE 2ND,07042,MONTCLAIR,N,C,NA,C,NA
168 ALEXANDER AVENUE,07043,MONTCLAIR,N,C,NA,C,NA
168 CHRISTOPHER STREET,07043,MONTCLAIR,N,C,NA,C,NA
168 GATES AVENUE,07042,MONTCLAIR,N,C,NA,C,NA
168 GROVE STREET,07043,MONTCLAIR,N,C,NA,C,NA
168 GORDONHURST AVENUE,07043,MONTCLAIR,N,C,NA,C,NA
168 HARRISON AVENUE,07042,MONTCLAIR,N,C,NA,C,NA
168 MIDLAND AVENUE,07042,MONTCLAIR,N,C,NA,C,NA
168 MONTCLAIR AVENUE,07043,MONTCLAIR,N,C,NA,C,NA
168 PARK STREET,07043,MONTCLAIR,N,C,NA,C,NA
168 SUMMIT AVENUE,07043,MONTCLAIR,N,C,NA,C,NA
168 UNION STREET,07042,MONTCLAIR,N,C,NA,C,NA
168 WATCHUNG AVENUE,07043,MONTCLAIR,N,C,NA,C,NA
168 WILDWOOD AVENUE,07043,MONTCLAIR,N,C,NA,C,NA
169 COOPER AVENUE,07043,MONTCLAIR,N,C,NA,C,NA
169 CHRISTOPHER STREET,07043,MONTCLAIR,N,C,NA,C,NA
169 GORDONHURST AVENUE,07043,MONTCLAIR,N,C,NA,C,NA
169 HARRISON AVENUE,07042,MONTCLAIR,N,C,NA,C,NA
169 LORRAINE AVENUE,07043,MONTCLAIR,N,C,NA,C,NA
169 MIDLAND AVENUE,07042,MONTCLAIR,N,C,NA,C,NA
169 MONTCLAIR AVENUE,07043,MONTCLAIR,Y,C,NA,O,Brass
169 ORANGE ROAD,07042,MONTCLAIR,N,C,NA,C,NA
169 PINE STREET,07042,MONTCLAIR,Y,C,NA,O,BRASS
169 SUMMIT AVENUE,07043,MONTCLAIR,N,C,NA,C,NA
169 UNION STREET,07042,MONTCLAIR,N,C,NA,C,NA
169 UPPER MOUNTAIN AVENUE,07042,MONTCLAIR,Y,C,NA,G,NA
169 VALLEY ROAD,07043,MONTCLAIR,N,C,NA,C,NA
169 WILDWOOD AVENUE,07043,MONTCLAIR,N,C,NA,C,NA
17 AUBREY ROAD,07043,MONTCLAIR,N,C,NA,C,NA
17 ARGYLE ROAD,07043,MONTCLAIR,N,C,NA,C,NA
17 BERKELEY PLACE,07042,MONTCLAIR,N,C,NA,C,NA
17 BURNSIDE STREET,07043,MONTCLAIR,N,C,NA,C,NA
17 BELLEGROVE DRIVE,07043,MONTCLAIR,N,C,NA,C,NA
17 BROOKFIELD ROAD 1ST,07043,MONTCLAIR,N,C,NA,C,NA
17 BROOKFIELD ROAD 2ND,07043,MONTCLAIR,N,C,NA,C,NA
17 CAREY COURT,07042,MONTCLAIR,N,C,NA,C,NA
17 CARLISLE ROAD,07043,MONTCLAIR,N,C,NA,C,NA
17 CARLTON DRIVE,07043,MONTCLAIR,N,C,NA,C,NA
17 CARTERET STREET,07043,MONTCLAIR,N,C,NA,C,NA
17 CHAMPLAIN TERRACE,07042,MONTCLAIR,N,C,NA,C,NA
17 CHESTER ROAD,07043,MONTCLAIR,N,C,NA,C,NA
17 CLAIRIDGE COURT,07042,MONTCLAIR,N,C,NA,C,NA
17 CLOVERHILL PLACE,07042,MONTCLAIR,N,C,NA,C,NA
17 COLUMBUS AVENUE,07042,MONTCLAIR,N,C,NA,C,NA
17 CROSS STREET,07042,MONTCLAIR,N,C,NA,C,NA
17 CAROLIN ROAD,07043,MONTCLAIR,N,C,NA,C,NA
17 CENTRAL AVENUE 1ST,07042,MONTCLAIR,N,C,NA,C,NA
17 CENTRAL AVENUE 2ND,07042,MONTCLAIR,N,C,NA,C,NA
17 CHARLES STREET,07042,MONTCLAIR,Y,C,NA,UX,NA
17 DURYEA ROAD,07043,MONTCLAIR,N,C,NA,C,NA
17 ELSTON ROAD,07043,MONTCLAIR,N,C,NA,C,NA
17 ERWIN PARK ROAD,07042,MONTCLAIR,N,C,NA,C,NA
17 ESSEX AVENUE,07042,MONTCLAIR,N,C,NA,C,NA
17 EUCLID PLACE,07042,MONTCLAIR,N,C,NA,C,NA
17 FAIRMOUNT AVENUE,07043,MONTCLAIR,N,C,NA,C,NA
17 FRANKLIN AVENUE,07042,MONTCLAIR,N,C,NA,C,NA
17 FULTON STREET,07042,MONTCLAIR,N,C,NA,C,NA
17 FAIRFIELD STREET,07042,MONTCLAIR,Y,C,NA,G,NA
17 FRANCIS PLACE,07042,MONTCLAIR,N,C,NA,C,NA
17 FRANKLIN PLACE,07042,MONTCLAIR,N,C,NA,C,NA
17 GARDINER PLACE,07042,MONTCLAIR,N,C,NA,C,NA
17 GATES AVENUE,07042,MONTCLAIR,N,C,NA,C,NA
17 GLENRIDGE PARKWAY,07042,MONTCLAIR,N,C,NA,C,NA
17 GLENSIDE TERRACE,07043,MONTCLAIR,N,C,NA,C,NA
17 GLENWOOD ROAD,07043,MONTCLAIR,N,C,NA,C,NA
17 GODFREY ROAD,07043,MONTCLAIR,N,C,NA,C,NA
17 GRAHAM TERRACE,07042,MONTCLAIR,N,C,NA,C,NA
17 GREENVIEW WAY,07043,MONTCLAIR,N,C,NA,C,NA
17 GRAY STREET,07042,MONTCLAIR,N,C,NA,C,NA
17 GRENADA PLACE,07042,MONTCLAIR,N,C,NA,C,NA
17 HAWTHORNE PLACE,07042,MONTCLAIR,N,C,NA,C,NA
17 HIGH STREET,07042,MONTCLAIR,N,C,NA,C,NA
17 HITCHCOCK PLACE,07042,MONTCLAIR,N,C,NA,C,NA
17 HOLLYWOOD AVENUE,07042,MONTCLAIR,N,C,NA,C,NA
17 HOWE AVENUE,07042,MONTCLAIR,N,C,NA,C,NA
17 HELLER DRIVE,07043,MONTCLAIR,N,C,NA,C,NA
17 HILLTOP PLACE,07042,MONTCLAIR,Y,C,NA,G,NA
17 JEROME PLACE,07043,MONTCLAIR,N,C,NA,C,NA
17 KENNETH ROAD,07043,MONTCLAIR,N,C,NA,C,NA
17 LEXINGTON AVENUE,07042,MONTCLAIR,N,C,NA,C,NA
17 LINDEN AVENUE,07042,MONTCLAIR,N,C,NA,C,NA
17 LASALLE ROAD,07043,MONTCLAIR,N,C,NA,C,NA
17 LAUREL PLACE,07043,MONTCLAIR,N,C,NA,C,NA
17 MADISON AVENUE,07042,MONTCLAIR,N,C,NA,C,NA
17 MARQUETTE ROAD,07043,MONTCLAIR,N,C,NA,C,NA
17 MELROSE PLACE,07042,MONTCLAIR,N,C,NA,C,NA
17 MENDL TERRACE,07042,MONTCLAIR,N,C,NA,C,NA
17 MIDLAND AVENUE,07042,MONTCLAIR,N,C,NA,C,NA
17 MILLER STREET,07042,MONTCLAIR,N,C,NA,C,NA
17 MISSION STREET,07042,MONTCLAIR,N,C,NA,C,NA
17 MISSION STREET 2ND,07042,MONTCLAIR,N,C,NA,C,NA
17 MONTCLAIR AVENUE,07043,MONTCLAIR,N,C,NA,C,NA
17 MOUNT VERNON ROAD,07043,MONTCLAIR,N,C,NA,C,NA
17 MOUNTAINVIEW PLACE,07042,MONTCLAIR,N,C,NA,C,NA
17 MARION ROAD,07043,MONTCLAIR,N,C,NA,C,NA
17 MARSTON PLACE,07042,MONTCLAIR,N,C,NA,C,NA
17 MONTAGUE PLACE,07042,MONTCLAIR,N,C,NA,C,NA
17 MORNINGSIDE AVENUE,07043,MONTCLAIR,N,C,NA,C,NA
17 N MOUNTAIN AVENUE,07042,MONTCLAIR,N,C,NA,C,NA
17 NASSAU ROAD,07043,MONTCLAIR,N,C,NA,C,NA
17 NISHUANE ROAD,07042,MONTCLAIR,N,C,NA,C,NA
17 NORMAN ROAD,07043,MONTCLAIR,N,C,NA,C,NA
17 NEW STREET,07042,MONTCLAIR,N,C,NA,C,NA
17 OXFORD STREET 2ND,07042,MONTCLAIR,N,C,NA,C,NA
17 OXFORD STREET-1ST,07042,MONTCLAIR,N,C,NA,C,NA
17 PARK TERRACE,07043,MONTCLAIR,N,C,NA,C,NA
17 PLEASANT WAY,07042,MONTCLAIR,N,C,NA,C,NA
17 PLYMOUTH STREET,07042,MONTCLAIR,N,C,NA,C,NA
17 PRESCOTT AVENUE,07042,MONTCLAIR,N,C,NA,C,NA
17 PROSPECT TERRACE,07042,MONTCLAIR,N,C,NA,C,NA
17 PARKWAY,07043,MONTCLAIR,Y,C,NA,L,NA
17 PLEASANT AVENUE,07042,MONTCLAIR,N,C,NA,C,NA
17 SAINT LUKES PLACE,07042,MONTCLAIR,N,C,NA,C,NA
17 SHERMAN STREET,07042,MONTCLAIR,N,C,NA,C,NA
17 STEPHEN STREET,07042,MONTCLAIR,N,C,NA,C,NA
17 SUNSET PARK,07043,MONTCLAIR,N,C,NA,C,NA
17 STANFORD PLACE,07042,MONTCLAIR,N,C,NA,C,NA
17 STONEHENGE ROAD,07043,MONTCLAIR,N,C,NA,C,NA
17 SYLVAN PLACE,07042,MONTCLAIR,N,C,NA,C,NA
17 TALBOT STREET,07042,MONTCLAIR,N,C,NA,C,NA
17 THE FAIRWAY,07043,MONTCLAIR,N,C,NA,C,NA
17 UPPER MOUNTAIN AVENUE 1ST,07042,MONTCLAIR,Y,C,NA,G,NA
17 UPPER MOUNTAIN AVENUE 2ND,07042,MONTCLAIR,Y,C,NA,G,NA
17 VALLEY ROAD,07043,MONTCLAIR,N,C,NA,C,NA
17 VERA PLACE,07042,MONTCLAIR,N,C,NA,C,NA
17 VICTORIA TERRACE,07043,MONTCLAIR,N,C,NA,C,NA
17 WALNUT PARKWAY-1ST,07042,MONTCLAIR,N,C,NA,C,NA
17 WALNUT PARKWAY-2ND,07042,MONTCLAIR,N,C,NA,C,NA
17 WARFIELD STREET,07043,MONTCLAIR,N,C,NA,C,NA
17 WARREN PLACE,07042,MONTCLAIR,N,C,NA,C,NA
17 WATCHUNG PLAZA,07042,MONTCLAIR,N,C,NA,C,NA
17 WILFRED STREET,07042,MONTCLAIR,N,C,NA,C,NA
17 WILLOWMERE AVENUE,07042,MONTCLAIR,N,C,NA,C,NA
17 WARD PLACE,07042,MONTCLAIR,N,C,NA,C,NA
17 WARMAN STREET 1ST,07042,MONTCLAIR,Y,C,NA,UX,NA
17 WARMAN STREET 2ND,07042,MONTCLAIR,Y,C,NA,UX,NA
17 WASHINGTON STREET,07042,MONTCLAIR,N,C,NA,C,NA
17 WATERBURY ROAD,07043,MONTCLAIR,N,C,NA,C,NA
17 WAYSIDE PLACE,07042,MONTCLAIR,Y,C,NA,G,NA
17 WILLIAM STREET,07042,MONTCLAIR,Y,C,NA,O,BRASS
17 WINDSOR PLACE,07043,MONTCLAIR,N,C,NA,C,NA
17 YALE TERRACE,07042,MONTCLAIR,N,C,NA,C,NA
17-19 MUNN STREET,07042,MONTCLAIR,N,C,NA,C,NA
17-19 MONROE PLACE,07042,MONTCLAIR,Y,C,NA,UX,NA
170 BLOOMFIELD AVENUE,07042,MONTCLAIR,Y,C,NA,UX,NA
170 CHRISTOPHER STREET,07043,MONTCLAIR,N,C,NA,C,NA
170 COOPER AVENUE,07043,MONTCLAIR,N,C,NA,C,NA
170 GATES AVENUE,07042,MONTCLAIR,N,C,NA,C,NA
170 GORDONHURST AVENUE,07043,MONTCLAIR,N,C,NA,C,NA
170 GROVE STREET,07043,MONTCLAIR,N,C,NA,C,NA
170 HIGHLAND AVENUE,07043,MONTCLAIR,N,C,NA,C,NA
170 INWOOD AVENUE,07043,MONTCLAIR,N,C,NA,C,NA
170 LINCOLN STREET,07042,MONTCLAIR,N,C,NA,C,NA
170 N MOUNTAIN AVENUE,07042,MONTCLAIR,N,C,NA,C,NA
170 ORANGE ROAD,07042,MONTCLAIR,Y,UX,NA,C,NA
170 PINE STREET - UNIT A,07042,MONTCLAIR,N,C,NA,C,NA
170 PINE STREET - UNIT B,07042,MONTCLAIR,N,C,NA,C,NA
170 PINE STREET - UNIT C,07042,MONTCLAIR,N,C,NA,C,NA
170 PINE STREET - UNIT D,07042,MONTCLAIR,N,C,NA,C,NA
170 SUMMIT AVENUE,07043,MONTCLAIR,N,C,NA,C,NA
170 VALLEY ROAD,07043,MONTCLAIR,N,C,NA,C,NA
170 WILDWOOD AVENUE,07043,MONTCLAIR,N,C,NA,C,NA
171 CHRISTOPHER STREET,07043,MONTCLAIR,N,C,NA,C,NA
171 FERNWOOD AVENUE,07043,MONTCLAIR,N,C,NA,C,NA
171 HARRISON AVENUE,07042,MONTCLAIR,N,C,NA,C,NA
171 LINCOLN STREET 1ST,07042,MONTCLAIR,N,C,NA,C,NA
171 LINCOLN STREET 2ND,07042,MONTCLAIR,N,C,NA,C,NA
171 MONTCLAIR AVENUE,07043,MONTCLAIR,N,C,NA,C,NA
171 ORANGE ROAD,07042,MONTCLAIR,N,C,NA,C,NA
171 SUMMIT AVENUE,07043,MONTCLAIR,N,C,NA,C,NA
171 VALLEY ROAD,07043,MONTCLAIR,N,C,NA,C,NA
171 WILDWOOD AVENUE,07043,MONTCLAIR,N,C,NA,C,NA
172 CHRISTOPHER STREET,07043,MONTCLAIR,N,C,NA,C,NA
172 GATES AVENUE,07042,MONTCLAIR,N,C,NA,C,NA
172 GORDONHURST AVENUE,07043,MONTCLAIR,N,C,NA,C,NA
172 LINCOLN STREET,07042,MONTCLAIR,N,C,NA,C,NA
172 MONTCLAIR AVENUE,07043,MONTCLAIR,N,C,NA,C,NA
172 ORANGE ROAD,07042,MONTCLAIR,N,C,NA,C,NA
172 PARK STREET,07043,MONTCLAIR,N,C,NA,C,NA
172 SUMMIT AVENUE,07043,MONTCLAIR,N,C,NA,C,NA
172 VALLEY ROAD,07043,MONTCLAIR,Y,C,NA,G,NA
172 WATCHUNG AVENUE,07043,MONTCLAIR,N,C,NA,C,NA
173 ALEXANDER AVENUE,07043,MONTCLAIR,N,C,NA,C,NA
173 GLENRIDGE AVENUE,07042,MONTCLAIR,N,C,NA,C,NA
173 GORDONHURST AVENUE,07043,MONTCLAIR,N,C,NA,C,NA
173 GATES AVENUE,07042,MONTCLAIR,N,C,NA,C,NA
173 HARRISON AVENUE,07042,MONTCLAIR,N,C,NA,C,NA
173 MIDLAND AVENUE,07042,MONTCLAIR,N,C,NA,C,NA
173 MONTCLAIR AVENUE,07043,MONTCLAIR,N,C,NA,C,NA
173 N MOUNTAIN AVENUE,07042,MONTCLAIR,N,C,NA,C,NA
173 ORANGE ROAD,07042,MONTCLAIR,N,C,NA,C,NA
173 SUMMIT AVENUE,07043,MONTCLAIR,N,C,NA,C,NA
173 VALLEY ROAD,07043,MONTCLAIR,N,C,NA,C,NA
173 WATCHUNG AVENUE,07043,MONTCLAIR,N,C,NA,C,NA
173 WILLOWDALE AVENUE,07042,MONTCLAIR,Y,C,NA,UX,NA
174 CHRISTOPHER STREET,07043,MONTCLAIR,N,C,NA,C,NA
174 GROVE STREET,07043,MONTCLAIR,N,C,NA,C,NA
174 HARRISON AVENUE,07042,MONTCLAIR,N,C,NA,C,NA
174 HIGHLAND AVENUE,07043,MONTCLAIR,N,C,NA,C,NA
174 INWOOD AVENUE,07043,MONTCLAIR,N,C,NA,C,NA
174 MIDLAND AVENUE,07042,MONTCLAIR,N,C,NA,C,NA
174 MONTCLAIR AVENUE,07043,MONTCLAIR,N,C,NA,C,NA
174 N MOUNTAIN AVENUE,07042,MONTCLAIR,N,C,NA,C,NA
174 PARK STREET,07043,MONTCLAIR,N,C,NA,C,NA
174 PINE STREET 1ST,07042,MONTCLAIR,N,C,NA,C,NA
174 PINE STREET 2ND,07042,MONTCLAIR,N,C,NA,C,NA
174 S MOUNTAIN AVENUE,07042,MONTCLAIR,N,C,NA,C,NA
174 UPPER MOUNTAIN AVENUE,07042,MONTCLAIR,N,C,NA,C,NA
174 VALLEY ROAD,07043,MONTCLAIR,N,C,NA,C,NA
174 WATCHUNG AVENUE,07043,MONTCLAIR,N,C,NA,C,NA
174 WILDWOOD AVENUE,07043,MONTCLAIR,N,C,NA,C,NA
174 WALNUT STREET,07042,MONTCLAIR,N,C,NA,C,NA
174 WALNUT STREET 1ST,07042,MONTCLAIR,N,C,NA,C,NA
174 WALNUT STREET 2ND,07042,MONTCLAIR,N,C,NA,C,NA
175 COOPER AVENUE,07043,MONTCLAIR,N,C,NA,C,NA
175 EAGLE ROCK WAY,07042,MONTCLAIR,N,C,NA,C,NA
175 FOREST STREET,07042,MONTCLAIR,N,C,NA,C,NA
175 FERNWOOD AVENUE,07043,MONTCLAIR,N,C,NA,C,NA
175 GLENRIDGE AVENUE,07042,MONTCLAIR,N,C,NA,C,NA
175 HIGHLAND AVENUE,07043,MONTCLAIR,N,C,NA,C,NA
175 HARRISON AVENUE,07042,MONTCLAIR,N,C,NA,C,NA
175 MIDLAND AVENUE,07042,MONTCLAIR,N,C,NA,C,NA
175 ORANGE ROAD,07042,MONTCLAIR,N,C,NA,C,NA
175 S MOUNTAIN AVENUE,07042,MONTCLAIR,Y,C,NA,UX,NA
175 SUMMIT AVENUE,07043,MONTCLAIR,N,C,NA,C,NA
175 WILDWOOD AVENUE,07043,MONTCLAIR,N,C,NA,C,NA
176 BELLEVUE AVENUE,07043,MONTCLAIR,N,C,NA,C,NA
176 CHRISTOPHER STREET,07043,MONTCLAIR,N,C,NA,C,NA
176 COOPER AVENUE,07043,MONTCLAIR,N,C,NA,C,NA
176 EAGLE ROCK WAY,07042,MONTCLAIR,N,C,NA,C,NA
176 FOREST STREET,07042,MONTCLAIR,N,C,NA,C,NA
176 GORDONHURST AVENUE,07043,MONTCLAIR,N,C,NA,C,NA
176 MIDLAND AVENUE,07042,MONTCLAIR,N,C,NA,C,NA
176 PARK STREET,07043,MONTCLAIR,N,C,NA,C,NA
176 S MOUNTAIN AVENUE,07042,MONTCLAIR,Y,C,NA,L,NA
176 SUMMIT AVENUE,07043,MONTCLAIR,N,C,NA,C,NA
176 VALLEY ROAD,07043,MONTCLAIR,N,C,NA,C,NA
176 WALNUT STREET,07042,MONTCLAIR,N,C,NA,C,NA
176 WATCHUNG AVENUE,07043,MONTCLAIR,N,C,NA,C,NA
176 WILDWOOD AVENUE,07043,MONTCLAIR,N,C,NA,C,NA
177 CHRISTOPHER STREET,07043,MONTCLAIR,N,C,NA,C,NA
177 CLAREMONT AVENUE,07042,MONTCLAIR,N,C,NA,C,NA
177 FOREST STREET,07042,MONTCLAIR,Y,C,NA,UX,NA
177 GATES AVENUE,07042,MONTCLAIR,N,C,NA,C,NA
177 LORRAINE AVENUE,07043,MONTCLAIR,N,C,NA,C,NA
177 MIDLAND AVENUE,07042,MONTCLAIR,N,C,NA,C,NA
177 MONTCLAIR AVENUE,07043,MONTCLAIR,N,C,NA,C,NA
177 ORANGE ROAD,07042,MONTCLAIR,N,C,NA,C,NA
177 PARK STREET 1ST,07043,MONTCLAIR,N,C,NA,C,NA
177 PARK STREET 2ND,07043,MONTCLAIR,N,C,NA,C,NA
177 UNION STREET,07042,MONTCLAIR,N,C,NA,C,NA
177 WILLOWDALE AVENUE,07042,MONTCLAIR,N,C,NA,C,NA
178 ALEXANDER AVENUE,07043,MONTCLAIR,N,C,NA,C,NA
178 CLAREMONT AVENUE,07042,MONTCLAIR,N,C,NA,C,NA
178 FOREST STREET,07042,MONTCLAIR,N,C,NA,C,NA
178 HIGHLAND AVENUE,07043,MONTCLAIR,N,C,NA,C,NA
178 MONTCLAIR AVENUE,07043,MONTCLAIR,N,C,NA,C,NA
178 N MOUNTAIN AVENUE,07042,MONTCLAIR,N,C,NA,C,NA
178 SUMMIT AVENUE,07043,MONTCLAIR,N,C,NA,C,NA
178 VALLEY ROAD 1ST,07043,MONTCLAIR,N,C,NA,C,NA
178 VALLEY ROAD 2ND,07043,MONTCLAIR,N,C,NA,C,NA
179 ALEXANDER AVENUE,07043,MONTCLAIR,N,C,NA,C,NA
179 CLAREMONT AVENUE,07042,MONTCLAIR,N,C,NA,C,NA
179 COOPER AVENUE,07043,MONTCLAIR,N,C,NA,C,NA
179 FOREST STREET,07042,MONTCLAIR,N,C,NA,C,NA
179 GLENRIDGE AVENUE,07042,MONTCLAIR,N,C,NA,C,NA
179 HARRISON AVENUE,07042,MONTCLAIR,N,C,NA,C,NA
179 MIDLAND AVENUE,07042,MONTCLAIR,N,C,NA,C,NA
179 ORANGE ROAD,07042,MONTCLAIR,N,C,NA,C,NA
179 SUMMIT AVENUE,07043,MONTCLAIR,N,C,NA,C,NA
179 VALLEY ROAD,07043,MONTCLAIR,N,C,NA,C,NA
179 WALNUT STREET,07042,MONTCLAIR,N,C,NA,C,NA
179 WATCHUNG AVENUE,07043,MONTCLAIR,N,C,NA,C,NA
179 WILLOWDALE AVENUE,07042,MONTCLAIR,Y,C,NA,UX,NA
18 AUBREY ROAD,07043,MONTCLAIR,N,C,NA,C,NA
18 ALEXANDER AVENUE,07043,MONTCLAIR,Y,C,NA,G,NA
18 BALDWIN STREET,07042,MONTCLAIR,N,C,NA,C,NA
18 BELL STREET,07042,MONTCLAIR,N,C,NA,C,NA
18 BELLAIRE DRIVE,07042,MONTCLAIR,N,C,NA,C,NA
18 BELLEGROVE DRIVE,07043,MONTCLAIR,N,C,NA,C,NA
18 BRAEMORE ROAD,07043,MONTCLAIR,N,C,NA,C,NA
18 BRUCE ROAD,07043,MONTCLAIR,N,C,NA,C,NA
18 BRUNSWICK ROAD,07042,MONTCLAIR,N,C,NA,C,NA
18 BURNSIDE STREET,07043,MONTCLAIR,N,C,NA,C,NA
18 CAROLIN ROAD,07043,MONTCLAIR,N,C,NA,C,NA
18 CARTERET STREET,07043,MONTCLAIR,N,C,NA,C,NA
18 CEDAR AVENUE,07042,MONTCLAIR,N,C,NA,C,NA
18 CHARLES STREET,07042,MONTCLAIR,N,C,NA,C,NA
18 CLAIRIDGE COURT,07042,MONTCLAIR,N,C,NA,C,NA
18 CLAREMONT AVENUE,07042,MONTCLAIR,N,C,NA,C,NA
18 CLINTON AVENUE,07042,MONTCLAIR,N,C,NA,C,NA
18 CLOVERHILL PLACE,07042,MONTCLAIR,N,C,NA,C,NA
18 CLUB ROAD,07043,MONTCLAIR,N,C,NA,C,NA
18 COLLEGE AVENUE,07043,MONTCLAIR,N,C,NA,C,NA
18 COTTAGE PLACE,07042,MONTCLAIR,N,C,NA,C,NA
18 COTTAGE PLACE/GRAMMAR SCH,07042,MONTCLAIR,N,C,NA,C,NA
18 CROSS STREET,07042,MONTCLAIR,N,C,NA,C,NA
18 CAPRON LANE,07043,MONTCLAIR,N,C,NA,C,NA
18 CENTRAL AVENUE,07042,MONTCLAIR,N,C,NA,C,NA
18 CHESTER ROAD,07043,MONTCLAIR,N,C,NA,C,NA
18 COLUMBUS AVENUE,07042,MONTCLAIR,Y,C,NA,UX,NA
18 DODD STREET,07042,MONTCLAIR,N,C,NA,C,NA
18 DURYEA ROAD,07043,MONTCLAIR,N,C,NA,C,NA
18 EDGECLIFF ROAD,07043,MONTCLAIR,N,C,NA,C,NA
18 ELIZABETH ROAD,07043,MONTCLAIR,N,C,NA,C,NA
18 ELSTON ROAD,07043,MONTCLAIR,N,C,NA,C,NA
18 ENFIELD AVENUE,07042,MONTCLAIR,N,C,NA,C,NA
18 ELMWOOD AVENUE,07042,MONTCLAIR,N,C,NA,C,NA
18 FAIRFIELD STREET,07042,MONTCLAIR,N,C,NA,C,NA
18 FAIRMOUNT AVENUE,07043,MONTCLAIR,N,C,NA,C,NA
18 FIDELITY PLACE,07042,MONTCLAIR,N,C,NA,C,NA
18 FULTON STREET 1ST RIGHT,07042,MONTCLAIR,N,C,NA,C,NA
18 FULTON STREET 2ND,07042,MONTCLAIR,N,C,NA,C,NA
18 FRANKLIN PLACE,07042,MONTCLAIR,Y,C,NA,UX,NA
18 FULTON STREET 1ST,07042,MONTCLAIR,Y,C,NA,UX,NA
18 FULTON STREET 2ND,07042,MONTCLAIR,Y,C,NA,UX,NA
18 GLENRIDGE PARKWAY,07042,MONTCLAIR,N,C,NA,C,NA
18 GLENSIDE TERRACE,07043,MONTCLAIR,N,C,NA,C,NA
18 GRAHAM TERRACE,07042,MONTCLAIR,N,C,NA,C,NA
18 GREENVIEW WAY,07043,MONTCLAIR,N,C,NA,C,NA
18 GARDINER PLACE,07042,MONTCLAIR,N,C,NA,C,NA
18 GATES AVENUE,07042,MONTCLAIR,N,C,NA,C,NA
18 GRENADA PLACE,07042,MONTCLAIR,N,C,NA,C,NA
18 HITCHCOCK PLACE,07042,MONTCLAIR,N,C,NA,C,NA
18 HOLLAND TERRACE,07042,MONTCLAIR,N,C,NA,C,NA
18 HELLER DRIVE,07043,MONTCLAIR,Y,C,NA,O,BRASS
18 INNESS PLACE,07042,MONTCLAIR,N,C,NA,C,NA
18 JEROME PLACE,07043,MONTCLAIR,N,C,NA,C,NA
18 LABEL STREET,07042,MONTCLAIR,N,C,NA,C,NA
18 LACKAWANNA PLAZA,07042,MONTCLAIR,N,C,NA,C,NA
18 LANE COURT,07043,MONTCLAIR,N,C,NA,C,NA
18 LEXINGTON AVENUE,07042,MONTCLAIR,N,C,NA,C,NA
18 LLEWELLYN ROAD,07042,MONTCLAIR,N,C,NA,C,NA
18 LASALLE ROAD,07043,MONTCLAIR,N,C,NA,C,NA
18 LINDEN AVENUE,07042,MONTCLAIR,N,C,NA,C,NA
18 MARQUETTE ROAD,07043,MONTCLAIR,N,C,NA,C,NA
18 MISSION STREET,07042,MONTCLAIR,N,C,NA,C,NA
18 MONROE PLACE 1ST,07042,MONTCLAIR,N,C,NA,C,NA
18 MONROE PLACE 2ND,07042,MONTCLAIR,N,C,NA,C,NA
18 MONTAGUE PLACE,07042,MONTCLAIR,N,C,NA,C,NA
18 MOUNT VERNON ROAD,07043,MONTCLAIR,N,C,NA,C,NA
18 MULFORD LANE,07042,MONTCLAIR,N,C,NA,C,NA
18 MADISON AVENUE,07042,MONTCLAIR,Y,C,NA,L,NA
18 MAPLE AVENUE 1ST,07042,MONTCLAIR,N,C,NA,C,NA
18 MAPLE AVENUE 2ND,07042,MONTCLAIR,N,C,NA,C,NA
18 MARION ROAD,07043,MONTCLAIR,N,C,NA,C,NA
18 MELROSE PLACE,07042,MONTCLAIR,N,C,NA,C,NA
18 MENDL TERRACE,07042,MONTCLAIR,N,C,NA,C,NA
18 NISHUANE ROAD,07042,MONTCLAIR,N,C,NA,C,NA
18 NORMAL AVENUE,07043,MONTCLAIR,N,C,NA,C,NA
18 NORMAN ROAD,07043,MONTCLAIR,N,C,NA,C,NA
18 NOTTING HILL WAY,07042,MONTCLAIR,N,C,NA,C,NA
18 NEW STREET,07042,MONTCLAIR,N,C,NA,C,NA
18 NORTHVIEW AVENUE,07043,MONTCLAIR,N,C,NA,C,NA
18 OAK PLACE 1ST,07042,MONTCLAIR,N,C,NA,C,NA
18 OAK PLACE 2ND,07042,MONTCLAIR,N,C,NA,C,NA
18 ORANGE ROAD,07042,MONTCLAIR,N,C,NA,C,NA
18 OXFORD STREET 1ST,07042,MONTCLAIR,N,C,NA,C,NA
18 OXFORD STREET 2ND,07042,MONTCLAIR,N,C,NA,C,NA
18 PARK TERRACE,07043,MONTCLAIR,N,C,NA,C,NA
18 PARKHURST PLACE,07042,MONTCLAIR,N,C,NA,C,NA
18 PLYMOUTH STREET,07042,MONTCLAIR,N,C,NA,C,NA
18 POTTER COURT,07043,MONTCLAIR,N,C,NA,C,NA
18 PRESCOTT AVENUE,07042,MONTCLAIR,N,C,NA,C,NA
18 PRINCETON PLACE,07043,MONTCLAIR,N,C,NA,C,NA
18 PARK STREET,07043,MONTCLAIR,N,C,NA,C,NA
18 PIERSON PLACE,07042,MONTCLAIR,N,C,NA,C,NA
18 SKYTOP TERRACE,07043,MONTCLAIR,N,C,NA,C,NA
18 STANFORD PLACE,07042,MONTCLAIR,N,C,NA,C,NA
18 STEPHEN STREET,07042,MONTCLAIR,N,C,NA,C,NA
18 STONEHENGE ROAD,07043,MONTCLAIR,N,C,NA,C,NA
18 SUNSET PARK,07043,MONTCLAIR,N,C,NA,C,NA
18 SUTHERLAND ROAD,07042,MONTCLAIR,N,C,NA,C,NA
18 SAINT LUKES PLACE,07042,MONTCLAIR,Y,C,NA,UX,NA
18 THE FAIRWAY,07043,MONTCLAIR,N,C,NA,C,NA
18 TRINITY PLACE 1ST,07042,MONTCLAIR,N,C,NA,C,NA
18 TRINITY PLACE 3RD,07042,MONTCLAIR,N,C,NA,C,NA
18 TRINITY PLACE-2ND,07042,MONTCLAIR,N,C,NA,C,NA
18 TUERS PLACE,07043,MONTCLAIR,N,C,NA,C,NA
18 TALBOT STREET,07042,MONTCLAIR,N,C,NA,C,NA
18 THE CRESCENT,07042,MONTCLAIR,N,C,NA,C,NA
18 VAN BREEMEN COURT,07043,MONTCLAIR,N,C,NA,C,NA
18 VERA PLACE,07042,MONTCLAIR,N,C,NA,C,NA
18 VIRGINIA AVENUE,07042,MONTCLAIR,N,C,NA,C,NA
18 WALNUT PARKWAY 1ST,07042,MONTCLAIR,N,C,NA,C,NA
18 WALNUT PARKWAY 2ND,07042,MONTCLAIR,N,C,NA,C,NA
18 WARD PLACE,07042,MONTCLAIR,N,C,NA,C,NA
18 WASHINGTON STREET,07042,MONTCLAIR,N,C,NA,C,NA
18 WATERBURY ROAD,07043,MONTCLAIR,N,C,NA,C,NA
18 WELLESLEY ROAD,07043,MONTCLAIR,N,C,NA,C,NA
18 WHEELER STREET,07042,MONTCLAIR,N,C,NA,C,NA
18 WILFRED STREET,07042,MONTCLAIR,N,C,NA,C,NA
18 WILLARD PLACE,07042,MONTCLAIR,N,C,NA,C,NA
18 WILLIAM STREET,07042,MONTCLAIR,N,C,NA,C,NA
18 WILLOWMERE AVENUE,07042,MONTCLAIR,N,C,NA,C,NA
18 WINDEMERE ROAD,07043,MONTCLAIR,N,C,NA,C,NA
18 WINDSOR PLACE,07043,MONTCLAIR,N,C,NA,C,NA
18 WARFIELD STREET,07043,MONTCLAIR,N,C,NA,C,NA
18 WARREN PLACE,07042,MONTCLAIR,Y,C,NA,G,NA
180 BELLEVUE AVENUE,07043,MONTCLAIR,N,C,NA,C,NA
180 BLOOMFIELD AVENUE,07042,MONTCLAIR,N,C,NA,C,NA
180 BLOOMFIELD AVENUE 2ND FL,07042,MONTCLAIR,N,C,NA,C,NA
180 BLOOMFIELD AVENUE,07042,MONTCLAIR,Y,C,NA,G,NA
180 BLOOMFIELD AVENUE 2ND,07042,MONTCLAIR,Y,C,NA,G,NA
180 CHRISTOPHER STREET,07043,MONTCLAIR,Y,C,NA,O,Brass
180 FOREST STREET,07042,MONTCLAIR,N,C,NA,C,NA
180 GLENRIDGE AVENUE,07042,MONTCLAIR,N,C,NA,C,NA
180 GORDONHURST AVENUE,07043,MONTCLAIR,N,C,NA,C,NA
180 GROVE STREET,07043,MONTCLAIR,N,C,NA,C,NA
180 HARRISON AVENUE,07042,MONTCLAIR,Y,C,NA,UX,NA
180 INWOOD AVENUE,07043,MONTCLAIR,N,C,NA,C,NA
180 MIDLAND AVENUE,07042,MONTCLAIR,N,C,NA,C,NA
180 N MOUNTAIN AVENUE,07042,MONTCLAIR,N,C,NA,C,NA
180 ORANGE ROAD,07042,MONTCLAIR,N,C,NA,C,NA
180 PARK STREET,07043,MONTCLAIR,N,C,NA,C,NA
180 S MOUNTAIN AVENUE,07042,MONTCLAIR,N,C,NA,C,NA
180 SUMMIT AVENUE,07043,MONTCLAIR,N,C,NA,C,NA
180 UNION STREET,07042,MONTCLAIR,N,C,NA,C,NA
180 VALLEY ROAD,07043,MONTCLAIR,N,C,NA,C,NA
180 WALNUT STREET,07042,MONTCLAIR,N,C,NA,C,NA
180 WILDWOOD AVENUE,07043,MONTCLAIR,N,C,NA,C,NA
180B BLOOMFIELD AVENUE,07042,MONTCLAIR,N,C,NA,C,NA
181 ALEXANDER AVENUE,07043,MONTCLAIR,N,C,NA,C,NA
181 CHRISTOPHER STREET,07043,MONTCLAIR,N,C,NA,C,NA
181 COOPER AVENUE,07043,MONTCLAIR,N,C,NA,C,NA
181 CLAREMONT AVENUE,07042,MONTCLAIR,Y,C,NA,UX,NA
181 FERNWOOD AVENUE,07043,MONTCLAIR,N,C,NA,C,NA
181 FOREST STREET,07042,MONTCLAIR,N,C,NA,C,NA
181 HIGHLAND AVENUE,07043,MONTCLAIR,N,C,NA,C,NA
181 HARRISON AVENUE,07042,MONTCLAIR,N,C,NA,C,NA
181 MONTCLAIR AVENUE,07043,MONTCLAIR,N,C,NA,C,NA
181 SUMMIT AVENUE,07043,MONTCLAIR,N,C,NA,C,NA
181 UNION STREET,07042,MONTCLAIR,N,C,NA,C,NA
181 UPPER MOUNTAIN AVENUE,07042,MONTCLAIR,N,C,NA,C,NA
181 VALLEY ROAD,07043,MONTCLAIR,N,C,NA,C,NA
181 WILDWOOD AVENUE,07043,MONTCLAIR,N,C,NA,C,NA
181 WILLOWDALE AVENUE,07042,MONTCLAIR,Y,C,NA,UX,NA
181-A VALLEY ROAD,07043,MONTCLAIR,N,C,NA,C,NA
182 ALEXANDER AVENUE,07043,MONTCLAIR,N,C,NA,C,NA
182 BELLEVUE AVENUE,07043,MONTCLAIR,N,C,NA,C,NA
182 CHRISTOPHER STREET,07043,MONTCLAIR,N,C,NA,C,NA
182 CLAREMONT AVENUE,07042,MONTCLAIR,N,C,NA,C,NA
182 COOPER AVENUE,07043,MONTCLAIR,N,C,NA,C,NA
182 GLENRIDGE AVENUE,07042,MONTCLAIR,N,C,NA,C,NA
182 HARRISON AVENUE,07042,MONTCLAIR,N,C,NA,C,NA
182 HIGHLAND AVENUE,07043,MONTCLAIR,N,C,NA,C,NA
182 INWOOD AVENUE,07043,MONTCLAIR,N,C,NA,C,NA
182 SUMMIT AVENUE,07043,MONTCLAIR,N,C,NA,C,NA
182 VALLEY ROAD,07043,MONTCLAIR,N,C,NA,C,NA
182 WILDWOOD AVENUE,07043,MONTCLAIR,N,C,NA,C,NA
183 ALEXANDER AVENUE,07043,MONTCLAIR,N,C,NA,C,NA
183 CLAREMONT AVENUE,07042,MONTCLAIR,N,C,NA,C,NA
183 COOPER AVENUE,07043,MONTCLAIR,N,C,NA,C,NA
183 FOREST STREET,07042,MONTCLAIR,N,C,NA,C,NA
183 GROVE STREET,07043,MONTCLAIR,N,C,NA,C,NA
183 HARRISON AVENUE,07042,MONTCLAIR,N,C,NA,C,NA
183 MIDLAND AVENUE,07042,MONTCLAIR,N,C,NA,C,NA
183 MONTCLAIR AVENUE,07043,MONTCLAIR,N,C,NA,C,NA
183 PARK STREET,07043,MONTCLAIR,N,C,NA,C,NA
183 S MOUNTAIN AVENUE,07042,MONTCLAIR,N,C,NA,C,NA
183 SUMMIT AVENUE,07043,MONTCLAIR,N,C,NA,C,NA
183 VALLEY ROAD,07043,MONTCLAIR,N,C,NA,C,NA
183 WILDWOOD AVENUE,07043,MONTCLAIR,N,C,NA,C,NA
183 WILLOWDALE AVENUE,07042,MONTCLAIR,N,C,NA,C,NA
184 BELLEVUE AVENUE #B-MIDDL,07043,MONTCLAIR,N,C,NA,C,NA
184 BELLEVUE AVENUE-#A REAR,07043,MONTCLAIR,N,C,NA,C,NA
184 BELLEVUE AVENUE-#D,07043,MONTCLAIR,N,C,NA,C,NA
184 CHRISTOPHER STREET,07043,MONTCLAIR,N,C,NA,C,NA
184 FERNWOOD AVENUE,07043,MONTCLAIR,N,C,NA,C,NA
184 HARRISON AVENUE,07042,MONTCLAIR,N,C,NA,C,NA
184 INWOOD AVENUE,07043,MONTCLAIR,N,C,NA,C,NA
184 PARK STREET,07043,MONTCLAIR,N,C,NA,C,NA
184 SUMMIT AVENUE,07043,MONTCLAIR,N,C,NA,C,NA
184 UPPER MOUNTAIN AVENUE,07042,MONTCLAIR,N,C,NA,C,NA
184A FOREST STREET,07042,MONTCLAIR,N,C,NA,C,NA
184B FOREST STREET,07042,MONTCLAIR,N,C,NA,C,NA
185 BELLEVUE AVENUE,07043,MONTCLAIR,Y,C,NA,UX,NA
185 CLAREMONT AVENUE,07042,MONTCLAIR,N,C,NA,C,NA
185 CHRISTOPHER STREET,07043,MONTCLAIR,Y,C,NA,L,NA
185 FERNWOOD AVENUE,07043,MONTCLAIR,N,C,NA,C,NA
185 FOREST STREET,07042,MONTCLAIR,N,C,NA,C,NA
185 GATES AVENUE,07042,MONTCLAIR,N,C,NA,C,NA
185 GROVE STREET,07043,MONTCLAIR,N,C,NA,C,NA
185 HARRISON AVENUE,07042,MONTCLAIR,N,C,NA,C,NA
185 HIGHLAND AVENUE,07043,MONTCLAIR,N,C,NA,C,NA
185 MONTCLAIR AVENUE,07043,MONTCLAIR,N,C,NA,C,NA
185 PARK STREET,07043,MONTCLAIR,N,C,NA,C,NA
185 S MOUNTAIN AVENUE,07042,MONTCLAIR,N,C,NA,C,NA
185 SUMMIT AVENUE,07043,MONTCLAIR,N,C,NA,C,NA
185 UPPER MOUNTAIN AVENUE,07042,MONTCLAIR,N,C,NA,C,NA
185 VALLEY ROAD,07043,MONTCLAIR,N,C,NA,C,NA
185 WILDWOOD AVENUE,07043,MONTCLAIR,N,C,NA,C,NA
185 WILLOWDALE AVENUE,07042,MONTCLAIR,N,C,NA,C,NA
186 ALEXANDER AVENUE,07043,MONTCLAIR,N,C,NA,C,NA
186 COOPER AVENUE,07043,MONTCLAIR,N,C,NA,C,NA
186 CHRISTOPHER STREET,07043,MONTCLAIR,N,C,NA,C,NA
186 FERNWOOD AVENUE,07043,MONTCLAIR,N,C,NA,C,NA
186 FOREST STREET,07042,MONTCLAIR,N,C,NA,C,NA
186 GROVE STREET,07043,MONTCLAIR,N,C,NA,C,NA
186 HIGHLAND AVENUE,07043,MONTCLAIR,N,C,NA,C,NA
186 HARRISON AVENUE 1ST,07042,MONTCLAIR,Y,C,NA,UX,NA
186 HARRISON AVENUE 2ND,07042,MONTCLAIR,Y,C,NA,UX,NA
187 BELLEVUE AVENUE,07043,MONTCLAIR,N,C,NA,C,NA
187 COOPER AVENUE,07043,MONTCLAIR,N,C,NA,C,NA
187 FOREST STREET,07042,MONTCLAIR,N,C,NA,C,NA
187 GATES AVENUE,07042,MONTCLAIR,N,C,NA,C,NA
187 GROVE STREET,07043,MONTCLAIR,N,C,NA,C,NA
187 HARRISON AVENUE,07042,MONTCLAIR,Y,C,NA,UX,NA
187 INWOOD AVENUE,07043,MONTCLAIR,N,C,NA,C,NA
187 LORRAINE AVENUE,07043,MONTCLAIR,N,C,NA,C,NA
187 MONTCLAIR AVENUE,07043,MONTCLAIR,N,C,NA,C,NA
187 WILLOWDALE AVENUE,07042,MONTCLAIR,N,C,NA,C,NA
188 BELLEVUE AVENUE,07043,MONTCLAIR,N,C,NA,C,NA
188 CLAREMONT AVENUE,07042,MONTCLAIR,N,C,NA,C,NA
188 FOREST STREET,07042,MONTCLAIR,N,C,NA,C,NA
188 GATES AVENUE,07042,MONTCLAIR,N,C,NA,C,NA
188 GROVE STREET,07043,MONTCLAIR,N,C,NA,C,NA
188 HARRISON AVENUE,07042,MONTCLAIR,Y,C,NA,UX,NA
188 N MOUNTAIN AVENUE,07042,MONTCLAIR,N,C,NA,C,NA
188 PARK STREET,07043,MONTCLAIR,N,C,NA,C,NA
188 SUMMIT AVENUE,07043,MONTCLAIR,N,C,NA,C,NA
188 UNION STREET,07042,MONTCLAIR,N,C,NA,C,NA
188 WATCHUNG AVENUE,07043,MONTCLAIR,N,C,NA,C,NA
189 ALEXANDER AVENUE,07043,MONTCLAIR,N,C,NA,C,NA
189 FOREST STREET,07042,MONTCLAIR,N,C,NA,C,NA
189 GROVE STREET,07043,MONTCLAIR,N,C,NA,C,NA
189 HARRISON AVENUE,07042,MONTCLAIR,N,C,NA,C,NA
189 HIGHLAND AVENUE,07043,MONTCLAIR,N,C,NA,C,NA
189 INWOOD AVENUE,07043,MONTCLAIR,N,C,NA,C,NA
189 MONTCLAIR AVENUE,07043,MONTCLAIR,N,C,NA,C,NA
189 PARK STREET,07043,MONTCLAIR,Y,C,NA,L,NA
189 S MOUNTAIN AVENUE,07042,MONTCLAIR,N,C,NA,C,NA
189 UNION STREET,07042,MONTCLAIR,N,C,NA,C,NA
189 UPPER MOUNTAIN AVENUE,07042,MONTCLAIR,N,C,NA,C,NA
19 ALDEN ROAD,07042,MONTCLAIR,N,C,NA,C,NA
19 ALEXANDER AVENUE,07043,MONTCLAIR,N,C,NA,C,NA
19 ARGYLE ROAD,07043,MONTCLAIR,N,C,NA,C,NA
19 BELLAIRE DRIVE,07042,MONTCLAIR,N,C,NA,C,NA
19 BELLEGROVE DRIVE,07043,MONTCLAIR,N,C,NA,C,NA
19 BELVIDERE PLACE,07042,MONTCLAIR,N,C,NA,C,NA
19 BERKELEY PLACE,07042,MONTCLAIR,N,C,NA,C,NA
19 BRAEMORE ROAD,07043,MONTCLAIR,N,C,NA,C,NA
19 BRAINARD STREET,07043,MONTCLAIR,N,C,NA,C,NA
19 BROOKFIELD ROAD,07043,MONTCLAIR,N,C,NA,C,NA
19 BURNSIDE STREET,07043,MONTCLAIR,N,C,NA,C,NA
19 BRUCE ROAD,07043,MONTCLAIR,N,C,NA,C,NA
19 BRUNSWICK ROAD,07042,MONTCLAIR,N,C,NA,C,NA
19 CAPRON LANE,07043,MONTCLAIR,N,C,NA,C,NA
19 CARLTON DRIVE,07043,MONTCLAIR,N,C,NA,C,NA
19 CARTERET STREET,07043,MONTCLAIR,N,C,NA,C,NA
19 CENTRAL AVENUE 1ST FL,07042,MONTCLAIR,N,C,NA,C,NA
19 CENTRAL AVENUE 2ND,07042,MONTCLAIR,N,C,NA,C,NA
19 CHARLES STREET,07042,MONTCLAIR,N,C,NA,C,NA
19 CHESTER ROAD,07043,MONTCLAIR,N,C,NA,C,NA
19 CLAIRIDGE COURT,07042,MONTCLAIR,N,C,NA,C,NA
19 CLAREMONT AVENUE,07042,MONTCLAIR,N,C,NA,C,NA
19 CLOVERHILL PLACE,07042,MONTCLAIR,N,C,NA,C,NA
19 CLUB ROAD,07043,MONTCLAIR,N,C,NA,C,NA
19 COLLEGE AVENUE,07043,MONTCLAIR,N,C,NA,C,NA
19 COLUMBUS AVENUE,07042,MONTCLAIR,N,C,NA,C,NA
19 CORNELL WAY,07043,MONTCLAIR,N,C,NA,C,NA
19 CROSS STREET,07042,MONTCLAIR,N,C,NA,C,NA
19 CAROLIN ROAD,07043,MONTCLAIR,N,C,NA,C,NA
19 CHAMPLAIN TERRACE,07042,MONTCLAIR,N,C,NA,C,NA
19 DODD STREET,07042,MONTCLAIR,N,C,NA,C,NA
19 EDGEWOOD ROAD,07042,MONTCLAIR,N,C,NA,C,NA
19 ELSTON ROAD,07043,MONTCLAIR,N,C,NA,C,NA
19 ERWIN PARK ROAD,07042,MONTCLAIR,N,C,NA,C,NA
19 ELM STREET,07042,MONTCLAIR,N,C,NA,O,Iron
19 ELMWOOD AVENUE,07042,MONTCLAIR,Y,C,NA,G,NA
19 ENFIELD AVENUE,07042,MONTCLAIR,N,C,NA,C,NA
19 ESSEX AVENUE,07042,MONTCLAIR,N,C,NA,C,NA
19 EUCLID PLACE,07042,MONTCLAIR,N,C,NA,C,NA
19 FAIRVIEW PLACE,07043,MONTCLAIR,N,C,NA,C,NA
19 FOREST STREET,07042,MONTCLAIR,N,C,NA,C,NA
19 FRANKLIN AVENUE,07042,MONTCLAIR,N,C,NA,C,NA
19 FAIRFIELD STREET,07042,MONTCLAIR,N,C,NA,C,NA
19 FAIRMOUNT AVENUE,07043,MONTCLAIR,N,C,NA,C,NA
19 FRANKLIN PLACE,07042,MONTCLAIR,N,C,NA,C,NA
19 GLENRIDGE PARKWAY,07042,MONTCLAIR,N,C,NA,C,NA
19 GLENSIDE TERRACE,07043,MONTCLAIR,N,C,NA,C,NA
19 GLENWOOD ROAD,07043,MONTCLAIR,N,C,NA,C,NA
19 GRAHAM TERRACE,07042,MONTCLAIR,N,C,NA,C,NA
19 GRAY STREET,07042,MONTCLAIR,N,C,NA,C,NA
19 GATES AVENUE,07042,MONTCLAIR,Y,C,NA,UX,NA
19 GREENVIEW WAY,07043,MONTCLAIR,N,C,NA,C,NA
19 HIGHLAND AVENUE,07043,MONTCLAIR,N,C,NA,C,NA
19 HILLTOP PLACE,07042,MONTCLAIR,N,C,NA,C,NA
19 HITCHCOCK PLACE,07042,MONTCLAIR,N,C,NA,C,NA
19 HOWE AVENUE,07042,MONTCLAIR,N,C,NA,C,NA
19 LOCUST DRIVE,07042,MONTCLAIR,N,C,NA,C,NA
19 LASALLE ROAD,07043,MONTCLAIR,N,C,NA,C,NA
19 LEXINGTON AVENUE,07042,MONTCLAIR,N,C,NA,C,NA
19 LINDEN AVENUE,07042,MONTCLAIR,N,C,NA,C,NA
19 MARQUETTE ROAD,07043,MONTCLAIR,N,C,NA,C,NA
19 MELROSE PLACE,07042,MONTCLAIR,N,C,NA,C,NA
19 MENDL TERRACE,07042,MONTCLAIR,N,C,NA,C,NA
19 MILLER STREET,07042,MONTCLAIR,N,C,NA,C,NA
19 MORNINGSIDE AVENUE,07043,MONTCLAIR,N,C,NA,C,NA
19 MOUNT VERNON ROAD,07043,MONTCLAIR,N,C,NA,C,NA
19 MOUNTAINSIDE PARK TERRACE,07043,MONTCLAIR,N,C,NA,C,NA
19 MOUNTAINVIEW PLACE,07042,MONTCLAIR,N,C,NA,C,NA
19 MULFORD LANE,07042,MONTCLAIR,N,C,NA,C,NA
19 MACOPIN AVENUE,07043,MONTCLAIR,N,C,NA,C,NA
19 MARSTON PLACE,07042,MONTCLAIR,N,C,NA,C,NA
19 N FULLERTON AVENUE,07042,MONTCLAIR,N,C,NA,C,NA
19 N MOUNTAIN AVENUE,07042,MONTCLAIR,N,C,NA,C,NA
19 N WILLOW STREET,07042,MONTCLAIR,N,C,NA,C,NA
19 NASSAU ROAD,07043,MONTCLAIR,N,C,NA,C,NA
19 NORMAN ROAD,07043,MONTCLAIR,N,C,NA,C,NA
19 NORTHVIEW AVENUE,07043,MONTCLAIR,N,C,NA,C,NA
19 NORWOOD AVENUE,07043,MONTCLAIR,N,C,NA,C,NA
19 OXFORD STREET,07042,MONTCLAIR,N,C,NA,C,NA
19 PARK TERRACE,07043,MONTCLAIR,N,C,NA,C,NA
19 PATTON PLACE,07043,MONTCLAIR,N,C,NA,C,NA
19 PLEASANT WAY,07042,MONTCLAIR,N,C,NA,C,NA
19 PORTLAND PLACE,07042,MONTCLAIR,N,C,NA,C,NA
19 PRESCOTT AVENUE,07042,MONTCLAIR,N,C,NA,C,NA
19 PRINCETON PLACE,07043,MONTCLAIR,N,C,NA,C,NA
19 PARKWAY,07043,MONTCLAIR,Y,C,NA,G,NA
19 ROSEDALE AVENUE,07042,MONTCLAIR,N,C,NA,C,NA
19 ROSWELL TERRACE,07042,MONTCLAIR,N,C,NA,C,NA
19 SAINT LUKES PLACE 1ST,07042,MONTCLAIR,N,C,NA,C,NA
19 SAINT LUKES PLACE 2ND,07042,MONTCLAIR,N,C,NA,C,NA
19 STANFORD PLACE,07042,MONTCLAIR,N,C,NA,C,NA
19 STEPHEN STREET,07042,MONTCLAIR,N,C,NA,C,NA
19 STONEHENGE ROAD,07043,MONTCLAIR,N,C,NA,C,NA
19 SUNSET PARK,07043,MONTCLAIR,N,C,NA,C,NA
19 SYLVAN PLACE 2ND,07042,MONTCLAIR,N,C,NA,C,NA
19 SYLVAN PLACE-1ST,07042,MONTCLAIR,N,C,NA,C,NA
19 THE CRESCENT,07042,MONTCLAIR,N,C,NA,C,NA
19 THE FAIRWAY,07043,MONTCLAIR,N,C,NA,C,NA
19 UNDERCLIFF DRIVE,07042,MONTCLAIR,N,C,NA,C,NA
19 VAN BREEMEN COURT,07043,MONTCLAIR,N,C,NA,C,NA
19 VERA PLACE,07042,MONTCLAIR,N,C,NA,C,NA
19 VIRGINIA AVENUE,07042,MONTCLAIR,N,C,NA,C,NA
19 VALLEY ROAD,07043,MONTCLAIR,Y,UX,NA,UX,NA
19 WARREN PLACE,07042,MONTCLAIR,N,C,NA,C,NA
19 WATCHUNG PLAZA,07042,MONTCLAIR,N,C,NA,C,NA
19 WATERBURY ROAD,07043,MONTCLAIR,N,C,NA,C,NA
19 WELLESLEY ROAD,07043,MONTCLAIR,N,C,NA,C,NA
19 WHEELER STREET,07042,MONTCLAIR,N,C,NA,C,NA
19 WILFRED STREET,07042,MONTCLAIR,N,C,NA,C,NA
19 WILLOWMERE AVENUE,07042,MONTCLAIR,N,C,NA,C,NA
19 WINDSOR PLACE,07043,MONTCLAIR,N,C,NA,C,NA
19 WOODMONT ROAD,07043,MONTCLAIR,N,C,NA,C,NA
19 WALNUT CRESCENT,07042,MONTCLAIR,N,C,NA,C,NA
19 WALNUT PARKWAY,07042,MONTCLAIR,Y,C,NA,UX,NA
19 WALNUT PARKWAY 2ND,07042,MONTCLAIR,Y,C,NA,UX,NA
19 WARD PLACE,07042,MONTCLAIR,N,C,NA,C,NA
19 WARFIELD STREET,07043,MONTCLAIR,N,C,NA,C,NA
19 WARMAN STREET 1ST,07042,MONTCLAIR,Y,C,NA,UX,NA
19 WARMAN STREET 2ND,07042,MONTCLAIR,Y,C,NA,UX,NA
19 WILLIAM STREET,07042,MONTCLAIR,Y,C,NA,C,NA
19 YALE TERRACE,07042,MONTCLAIR,N,C,NA,C,NA
19-A ELM STREET,07042,MONTCLAIR,N,C,NA,C,NA
190 ALEXANDER AVENUE,07043,MONTCLAIR,N,C,NA,C,NA
190 BLOOMFIELD AVENUE,07042,MONTCLAIR,N,C,NA,C,NA
190 CHRISTOPHER STREET,07043,MONTCLAIR,N,C,NA,C,NA
190 COOPER AVENUE,07043,MONTCLAIR,N,C,NA,C,NA
190 FERNWOOD AVENUE,07043,MONTCLAIR,N,C,NA,C,NA
190 FOREST STREET,07042,MONTCLAIR,N,C,NA,C,NA
190 GATES AVENUE,07042,MONTCLAIR,N,C,NA,C,NA
190 GROVE STREET,07043,MONTCLAIR,N,C,NA,C,NA
190 HIGHLAND AVENUE,07043,MONTCLAIR,N,C,NA,C,NA
190 LORRAINE AVENUE,07043,MONTCLAIR,N,C,NA,C,NA
190 PARK STREET,07043,MONTCLAIR,N,C,NA,C,NA
190 S MOUNTAIN AVENUE,07042,MONTCLAIR,Y,C,NA,O,BRASS
190 SUMMIT AVENUE,07043,MONTCLAIR,N,C,NA,C,NA
190 UNION STREET,07042,MONTCLAIR,N,C,NA,C,NA
190 UPPER MOUNTAIN AVENUE,07042,MONTCLAIR,N,C,NA,C,NA
190 WATCHUNG AVENUE,07043,MONTCLAIR,N,C,NA,C,NA
190A BLOOMFIELD AVENUE,07042,MONTCLAIR,N,C,NA,C,NA
191 ALEXANDER AVENUE,07043,MONTCLAIR,N,C,NA,C,NA
191 BELLEVUE AVENUE,07043,MONTCLAIR,N,C,NA,C,NA
191 COOPER AVENUE,07043,MONTCLAIR,N,C,NA,C,NA
191 CHRISTOPHER STREET,07043,MONTCLAIR,N,C,NA,C,NA
191 FERNWOOD AVENUE,07043,MONTCLAIR,N,C,NA,C,NA
191 FOREST STREET,07042,MONTCLAIR,N,C,NA,C,NA
191 GATES AVENUE,07042,MONTCLAIR,N,C,NA,C,NA
191 GLENRIDGE AVENUE,07042,MONTCLAIR,N,C,NA,C,NA
191 GROVE STREET,07043,MONTCLAIR,N,C,NA,C,NA
191 HARRISON AVENUE,07042,MONTCLAIR,N,C,NA,C,NA
191 LORRAINE AVENUE,07043,MONTCLAIR,N,C,NA,C,NA
191 MONTCLAIR AVENUE,07043,MONTCLAIR,N,C,NA,C,NA
191 S MOUNTAIN AVENUE,07042,MONTCLAIR,N,C,NA,C,NA
191 UNION STREET,07042,MONTCLAIR,N,C,NA,C,NA
192 ALEXANDER AVENUE,07043,MONTCLAIR,N,C,NA,C,NA
192 BELLEVUE AVENUE,07043,MONTCLAIR,N,C,NA,C,NA
192 CHRISTOPHER STREET,07043,MONTCLAIR,N,C,NA,C,NA
192 CLAREMONT AVENUE,07042,MONTCLAIR,N,C,NA,C,NA
192 FERNWOOD AVENUE,07043,MONTCLAIR,N,C,NA,C,NA
192 INWOOD AVENUE,07043,MONTCLAIR,N,C,NA,C,NA
192 MONTCLAIR AVENUE,07043,MONTCLAIR,N,C,NA,C,NA
192 N MOUNTAIN AVENUE,07042,MONTCLAIR,N,C,NA,C,NA
192 PARK STREET,07043,MONTCLAIR,N,C,NA,C,NA
193 BELLEVUE AVENUE,07043,MONTCLAIR,N,C,NA,C,NA
193 COOPER AVENUE,07043,MONTCLAIR,N,C,NA,C,NA
193 HARRISON AVENUE,07042,MONTCLAIR,N,C,NA,C,NA
193 INWOOD AVENUE,07043,MONTCLAIR,N,C,NA,C,NA
193 N FULLERTON AVENUE,07042,MONTCLAIR,N,C,NA,C,NA
193 UNION STREET,07042,MONTCLAIR,N,C,NA,C,NA
193 UPPER MOUNTAIN AVENUE,07042,MONTCLAIR,N,C,NA,C,NA
193 WALNUT STREET,07042,MONTCLAIR,N,C,NA,C,NA
193-199 FOREST STREET,07042,MONTCLAIR,N,C,NA,C,NA
194 ALEXANDER AVENUE,07043,MONTCLAIR,N,C,NA,C,NA
194 BLOOMFIELD AVENUE,07042,MONTCLAIR,N,C,NA,C,NA
194 BLOOMFIELD AVENUE/FIRELINE,07042,MONTCLAIR,N,C,NA,C,NA
194 FERNWOOD AVENUE,07043,MONTCLAIR,N,C,NA,C,NA
194 GROVE STREET,07043,MONTCLAIR,Y,C,NA,G,NA
194 HIGHLAND AVENUE,07043,MONTCLAIR,N,C,NA,C,NA
194 HARRISON AVENUE,07042,MONTCLAIR,Y,C,NA,UX,NA
194 INWOOD AVENUE,07043,MONTCLAIR,N,C,NA,C,NA
194 VALLEY ROAD,07043,MONTCLAIR,N,C,NA,C,NA
194 WATCHUNG AVENUE,07043,MONTCLAIR,N,C,NA,C,NA
195 CHRISTOPHER STREET,07043,MONTCLAIR,N,C,NA,C,NA
195 FERNWOOD AVENUE,07043,MONTCLAIR,N,C,NA,C,NA
195 GATES AVENUE,07042,MONTCLAIR,N,C,NA,C,NA
195 GLENRIDGE AVENUE,07042,MONTCLAIR,Y,C,NA,UX,NA
195 HARRISON AVENUE,07042,MONTCLAIR,N,C,NA,C,NA
195 LORRAINE AVENUE,07043,MONTCLAIR,N,C,NA,C,NA
195 MIDLAND AVENUE,07042,MONTCLAIR,N,C,NA,C,NA
195 N FULLERTON AVENUE,07042,MONTCLAIR,N,C,NA,C,NA
195 PARK STREET,07043,MONTCLAIR,N,C,NA,C,NA
195 S MOUNTAIN AVENUE,07042,MONTCLAIR,N,C,NA,C,NA
195 WALNUT STREET,07042,MONTCLAIR,N,C,NA,C,NA
195A BELLEVUE AVENUE,07043,MONTCLAIR,N,C,NA,C,NA
195B BELLEVUE AVENUE,07043,MONTCLAIR,N,C,NA,C,NA
196 CHRISTOPHER STREET,07043,MONTCLAIR,N,C,NA,C,NA
196 FOREST STREET,07042,MONTCLAIR,N,C,NA,C,NA
196 HARRISON AVENUE,07042,MONTCLAIR,N,C,NA,C,NA
196 INWOOD AVENUE,07043,MONTCLAIR,N,C,NA,C,NA
196 LORRAINE AVENUE,07043,MONTCLAIR,N,C,NA,C,NA
196 LORRAINE AVENUE 1ST,07043,MONTCLAIR,N,C,NA,C,NA
196 N MOUNTAIN AVENUE,07042,MONTCLAIR,N,C,NA,C,NA
196 PARK STREET,07043,MONTCLAIR,N,C,NA,C,NA
196 UPPER MOUNTAIN AVENUE,07042,MONTCLAIR,Y,C,NA,UX,NA
196 WALNUT STREET,07042,MONTCLAIR,N,C,NA,C,NA
197 CHRISTOPHER STREET,07043,MONTCLAIR,N,C,NA,C,NA
197 FERNWOOD AVENUE,07043,MONTCLAIR,N,C,NA,C,NA
197 GROVE STREET,07043,MONTCLAIR,N,C,NA,C,NA
197 HIGHLAND AVENUE,07043,MONTCLAIR,N,C,NA,C,NA
197 INWOOD AVENUE,07043,MONTCLAIR,N,C,NA,C,NA
197 LORRAINE AVENUE,07043,MONTCLAIR,N,C,NA,C,NA
197 MIDLAND AVENUE,07042,MONTCLAIR,N,C,NA,C,NA
197 MONTCLAIR AVENUE,07043,MONTCLAIR,N,C,NA,C,NA
197 N FULLERTON AVENUE,07042,MONTCLAIR,N,C,NA,C,NA
197 N MOUNTAIN AVENUE,07042,MONTCLAIR,N,C,NA,C,NA
197 ORANGE ROAD,07042,MONTCLAIR,N,C,NA,C,NA
197 PARK STREET,07043,MONTCLAIR,N,C,NA,C,NA
197 WALNUT STREET,07042,MONTCLAIR,N,C,NA,C,NA
197A BELLEVUE AVENUE,07043,MONTCLAIR,N,C,NA,C,NA
197B BELLEVUE AVENUE,07043,MONTCLAIR,N,C,NA,C,NA
198 ALEXANDER AVENUE,07043,MONTCLAIR,N,C,NA,C,NA
198 BELLEVUE AVENUE,07043,MONTCLAIR,N,C,NA,C,NA
198 FERNWOOD AVENUE,07043,MONTCLAIR,N,C,NA,C,NA
198 FOREST STREET,07042,MONTCLAIR,N,C,NA,C,NA
198 GROVE STREET,07043,MONTCLAIR,N,C,NA,C,NA
198 HARRISON AVENUE,07042,MONTCLAIR,N,C,NA,C,NA
198 HIGHLAND AVENUE,07043,MONTCLAIR,N,C,NA,C,NA
198 LORRAINE AVENUE 1ST,07043,MONTCLAIR,N,C,NA,C,NA
198 LORRAINE AVENUE 2ND,07043,MONTCLAIR,N,C,NA,C,NA
198 VALLEY ROAD-1ST,07043,MONTCLAIR,N,C,NA,C,NA
198 VALLEY ROAD-2ND,07043,MONTCLAIR,N,C,NA,C,NA
199 BELLEVUE AVENUE,07043,MONTCLAIR,N,C,NA,C,NA
199 CHRISTOPHER STREET,07043,MONTCLAIR,N,C,NA,C,NA
199 GROVE STREET,07043,MONTCLAIR,Y,C,NA,L,NA
199 INWOOD AVENUE,07043,MONTCLAIR,N,C,NA,C,NA
199 LORRAINE AVENUE,07043,MONTCLAIR,N,C,NA,C,NA
199 MONTCLAIR AVENUE,07043,MONTCLAIR,N,C,NA,C,NA
199 N FULLERTON AVENUE,07042,MONTCLAIR,N,C,NA,C,NA
199 N MOUNTAIN AVENUE,07042,MONTCLAIR,N,C,NA,C,NA
199 UPPER MOUNTAIN AVENUE,07042,MONTCLAIR,N,C,NA,C,NA
199 WALNUT STREET,07042,MONTCLAIR,N,C,NA,C,NA
19A CENTRAL AVENUE,07042,MONTCLAIR,N,C,NA,C,NA
2 ALEXANDER COURT,07043,MONTCLAIR,N,C,NA,C,NA
2 AMHERST PLACE,07043,MONTCLAIR,N,C,NA,C,NA
2 APPLETON PLACE,07043,MONTCLAIR,N,C,NA,C,NA
2 ALEXANDER AVENUE,07043,MONTCLAIR,Y,C,NA,UX,NA
2 ARGYLE ROAD,07043,MONTCLAIR,N,C,NA,C,NA
2 BERKELEY PLACE,07042,MONTCLAIR,N,C,NA,C,NA
2 BELLEGROVE DRIVE,07043,MONTCLAIR,Y,C,NA,UX,NA
2 BELVIDERE PLACE,07042,MONTCLAIR,N,C,NA,C,NA
2 CARRIAGE WAY,07042,MONTCLAIR,N,C,NA,C,NA
2 CHESTER ROAD,07043,MONTCLAIR,N,C,NA,C,NA
2 CHRISTOPHER COURT,07042,MONTCLAIR,N,C,NA,C,NA
2 CHURCH STREET,07042,MONTCLAIR,N,C,NA,C,NA
2 CLAIRIDGE COURT,07042,MONTCLAIR,N,C,NA,C,NA
2 CLAREMONT PLACE,07042,MONTCLAIR,N,C,NA,C,NA
2 CLINTON AVENUE,07042,MONTCLAIR,N,C,NA,C,NA
2 CLOVERHILL PLACE,07042,MONTCLAIR,N,C,NA,C,NA
2 CORNELL WAY,07043,MONTCLAIR,N,C,NA,C,NA
2 CURTIS TERRACE,07042,MONTCLAIR,N,C,NA,C,NA
2 CAPRON LANE,07043,MONTCLAIR,N,C,NA,C,NA
2 COLUMBUS AVENUE,07042,MONTCLAIR,N,C,NA,C,NA
2 DODD STREET,07042,MONTCLAIR,Y,C,NA,L,NA
2 EDGEMONT ROAD,07042,MONTCLAIR,N,C,NA,C,NA
2 EDGEWOOD TERRACE,07042,MONTCLAIR,N,C,NA,C,NA
2 ERIE STREET,07042,MONTCLAIR,N,C,NA,C,NA
2 EDGECLIFF ROAD,07043,MONTCLAIR,N,C,NA,C,NA
2 ERWIN PARK,07042,MONTCLAIR,N,C,NA,C,NA
2 EUCLID PLACE,07042,MONTCLAIR,N,C,NA,C,NA
2 FESSLER PLACE 1ST,07042,MONTCLAIR,N,C,NA,C,NA
2 FESSLER PLACE 2ND,07042,MONTCLAIR,N,C,NA,C,NA
2 FOREST STREET,07042,MONTCLAIR,N,C,NA,C,NA
2 FAIRFIELD STREET,07042,MONTCLAIR,N,C,NA,C,NA
2 FERNCLIFF TERRACE,07042,MONTCLAIR,Y,C,NA,G,NA
2 GATES LANE,07042,MONTCLAIR,N,C,NA,C,NA
2 GODFREY ROAD,07043,MONTCLAIR,N,C,NA,C,NA
2 GRAHAM TERRACE,07042,MONTCLAIR,N,C,NA,C,NA
2 GREENVIEW WAY,07043,MONTCLAIR,N,C,NA,C,NA
2 GROVE TERRACE,07042,MONTCLAIR,N,C,NA,C,NA
2 HARVARD STREET,07042,MONTCLAIR,N,C,NA,C,NA
2 HAWTHORNE PLACE 1ST,07042,MONTCLAIR,N,C,NA,C,NA
2 HAWTHORNE PLACE 2ND,07042,MONTCLAIR,N,C,NA,C,NA
2 HILLTOP PLACE,07042,MONTCLAIR,N,C,NA,C,NA
2 HOLLAND TERRACE,07042,MONTCLAIR,N,C,NA,C,NA
2 HOLLYWOOD AVENUE,07042,MONTCLAIR,N,C,NA,C,NA
2 INWOOD TERRACE,07043,MONTCLAIR,N,C,NA,C,NA
2 KENNETH ROAD,07043,MONTCLAIR,N,C,NA,C,NA
2 KIPS RIDGE,07044,MONTCLAIR,N,C,NA,C,NA
2 LANSING PLACE,07043,MONTCLAIR,N,C,NA,C,NA
2 LAUREL PLACE,07043,MONTCLAIR,N,C,NA,C,NA
2 LAUREL PLACE PLAZA 1ST FL,07043,MONTCLAIR,N,C,NA,C,NA
2 LAUREL PLACE PLAZA 2ND FL,07043,MONTCLAIR,N,C,NA,C,NA
2 LEWIS COURT,07042,MONTCLAIR,N,C,NA,C,NA
2 MADISON AVENUE,07042,MONTCLAIR,N,C,NA,C,NA
2 MARQUETTE ROAD,07043,MONTCLAIR,N,C,NA,C,NA
2 MOUNT VERNON ROAD,07043,MONTCLAIR,N,C,NA,C,NA
2 MOUNTAINSIDE PARK TERRACE,07043,MONTCLAIR,N,C,NA,C,NA
2 MULFORD LANE,07042,MONTCLAIR,N,C,NA,C,NA
2 MELROSE PLACE,07042,MONTCLAIR,N,C,NA,C,NA
2 N BROOKWOOD DRIVE,07042,MONTCLAIR,N,C,NA,C,NA
2 NOTTING HILL WAY,07042,MONTCLAIR,N,C,NA,C,NA
2 NASSAU ROAD,07043,MONTCLAIR,N,C,NA,C,NA
2 ORANGE ROAD,07042,MONTCLAIR,N,C,NA,C,NA
2 ORCHARD COURT,07042,MONTCLAIR,N,C,NA,C,NA
2 PIERSON PLACE,07042,MONTCLAIR,N,C,NA,C,NA
2 PLEASANT AVENUE,07042,MONTCLAIR,N,C,NA,C,NA
2 PRINCETON PLACE,07043,MONTCLAIR,N,C,NA,C,NA
2 PROSPECT AVENUE,07042,MONTCLAIR,N,C,NA,C,NA
2 PARK TERRACE,07043,MONTCLAIR,N,C,NA,C,NA
2 RIVERVIEW DRIVE W,07043,MONTCLAIR,N,C,NA,C,NA
2 RUSSELL TERRACE,07042,MONTCLAIR,Y,C,NA,O,Brass
2 S BROOKWOOD DRIVE,07042,MONTCLAIR,N,C,NA,C,NA
2 S WILLOW STREET,07042,MONTCLAIR,N,C,NA,C,NA
2 SKYTOP TERRACE,07043,MONTCLAIR,N,C,NA,C,NA
2 STONEBRIDGE ROAD,07042,MONTCLAIR,N,C,NA,C,NA
2 STONEHENGE ROAD,07043,MONTCLAIR,N,C,NA,C,NA
2 SUTHERLAND ROAD,07042,MONTCLAIR,N,C,NA,C,NA
2 THE FAIRWAY,07043,MONTCLAIR,N,C,NA,C,NA
2 TUERS PLACE,07043,MONTCLAIR,N,C,NA,C,NA
2 UNION STREET,07042,MONTCLAIR,N,C,NA,C,NA
2 VALLEY PLACE,07043,MONTCLAIR,N,C,NA,C,NA
2 VERA PLACE,07042,MONTCLAIR,Y,C,NA,G,NA
2 WALNUT PLACE 1ST,07042,MONTCLAIR,N,C,NA,C,NA
2 WALNUT PLACE 2ND,07042,MONTCLAIR,N,C,NA,C,NA
2 WARREN PLACE,07042,MONTCLAIR,N,C,NA,C,NA
2 WENDOVER ROAD,07042,MONTCLAIR,N,C,NA,C,NA
2 WILFRED STREET,07042,MONTCLAIR,N,C,NA,C,NA
2 WOODMONT ROAD,07043,MONTCLAIR,N,C,NA,C,NA
2-4 FRIENDSHIP PLACE,07042,MONTCLAIR,N,C,NA,C,NA
2-4 MAPLE AVENUE,07042,MONTCLAIR,N,C,NA,C,NA
2-4 WALNUT PLACE,07042,MONTCLAIR,N,C,NA,C,NA
2.5 DEY STREET 1ST,07042,MONTCLAIR,N,C,NA,C,NA
2.5 DEY STREET 2ND,07042,MONTCLAIR,N,C,NA,C,NA
20 ALDEN ROAD,07042,MONTCLAIR,N,C,NA,C,NA
20 ALEXANDER AVENUE,07043,MONTCLAIR,N,C,NA,C,NA
20 APPLETON PLACE,07043,MONTCLAIR,N,C,NA,C,NA
20 AUBREY ROAD,07043,MONTCLAIR,Y,C,NA,G,NA
20 BELLEGROVE DRIVE,07043,MONTCLAIR,N,C,NA,C,NA
20 BERKELEY PLACE,07042,MONTCLAIR,N,C,NA,C,NA
20 BROOKFIELD ROAD 1ST,07043,MONTCLAIR,N,C,NA,C,NA
20 BROOKFIELD ROAD 2ND,07043,MONTCLAIR,N,C,NA,C,NA
20 BURNSIDE STREET,07043,MONTCLAIR,N,C,NA,C,NA
20 BRAEMORE ROAD,07043,MONTCLAIR,N,C,NA,C,NA
20 BRUNSWICK ROAD,07042,MONTCLAIR,N,C,NA,C,NA
20 CARTERET STREET,07043,MONTCLAIR,N,C,NA,C,NA
20 CEDAR AVENUE,07042,MONTCLAIR,N,C,NA,C,NA
20 CENTRAL AVENUE,07042,MONTCLAIR,N,C,NA,C,NA
20 CLAIRIDGE COURT,07042,MONTCLAIR,N,C,NA,C,NA
20 CLAREMONT AVENUE,07042,MONTCLAIR,N,C,NA,C,NA
20 CLINTON AVENUE,07042,MONTCLAIR,N,C,NA,C,NA
20 COLLEGE AVENUE,07043,MONTCLAIR,N,C,NA,C,NA
20 COLUMBUS AVENUE,07042,MONTCLAIR,N,C,NA,C,NA
20 CORNELL WAY,07043,MONTCLAIR,N,C,NA,C,NA
20 COTTAGE PLACE,07042,MONTCLAIR,N,C,NA,C,NA
20 CROSS STREET,07042,MONTCLAIR,N,C,NA,C,NA
20 CHESTER ROAD,07043,MONTCLAIR,N,C,NA,C,NA
20 CHURCH STREET,07042,MONTCLAIR,N,C,NA,C,NA
20 CLOVERHILL PLACE,07042,MONTCLAIR,N,C,NA,C,NA
20 EDGECLIFF ROAD,07043,MONTCLAIR,N,C,NA,C,NA
20 ELIZABETH ROAD,07043,MONTCLAIR,N,C,NA,C,NA
20 ELSTON ROAD,07043,MONTCLAIR,N,C,NA,C,NA
20 ENFIELD AVENUE,07042,MONTCLAIR,N,C,NA,C,NA
20 EUCLID PLACE,07042,MONTCLAIR,Y,C,NA,G,NA
20 FAIRVIEW PLACE,07043,MONTCLAIR,N,C,NA,C,NA
20 FOREST STREET,07042,MONTCLAIR,N,C,NA,C,NA
20 FRANKLIN PLACE,07042,MONTCLAIR,N,C,NA,C,NA
20 FAIRFIELD STREET,07042,MONTCLAIR,N,C,NA,C,NA
20 GARDINER PLACE,07042,MONTCLAIR,N,C,NA,C,NA
20 GATES AVENUE,07042,MONTCLAIR,N,C,NA,C,NA
20 GEORGE STREET,07042,MONTCLAIR,N,C,NA,C,NA
20 GLENRIDGE AVENUE,07042,MONTCLAIR,N,C,NA,C,NA
20 GLENSIDE TERRACE,07043,MONTCLAIR,N,C,NA,C,NA
20 GODFREY ROAD,07043,MONTCLAIR,N,C,NA,C,NA
20 GRAHAM TERRACE,07042,MONTCLAIR,N,C,NA,C,NA
20 GREENVIEW WAY,07043,MONTCLAIR,N,C,NA,C,NA
20 GLENRIDGE PARKWAY,07042,MONTCLAIR,N,C,NA,C,NA
20 GLENWOOD ROAD,07043,MONTCLAIR,N,C,NA,C,NA
20 GRENADA PLACE,07042,MONTCLAIR,N,C,NA,C,NA
20 HIGHLAND AVENUE,07043,MONTCLAIR,N,C,NA,C,NA
20 HITCHCOCK PLACE,07042,MONTCLAIR,N,C,NA,C,NA
20 HOBURG PLACE,07042,MONTCLAIR,N,C,NA,C,NA
20 HOWE AVENUE-1ST,07042,MONTCLAIR,N,C,NA,C,NA
20 HOWE AVENUE-2ND,07042,MONTCLAIR,N,C,NA,C,NA
20 HARRISON AVENUE,07042,MONTCLAIR,N,C,NA,C,NA
20 LANE COURT,07043,MONTCLAIR,N,C,NA,C,NA
20 LASALLE ROAD,07043,MONTCLAIR,N,C,NA,C,NA
20 LAUREL PLACE,07043,MONTCLAIR,N,C,NA,C,NA
20 LEXINGTON AVENUE,07042,MONTCLAIR,N,C,NA,C,NA
20 LINDEN AVENUE 1ST,07042,MONTCLAIR,N,C,NA,C,NA
20 LINDEN AVENUE 2ND,07042,MONTCLAIR,N,C,NA,C,NA
20 MAPLE AVENUE,07042,MONTCLAIR,N,C,NA,C,NA
20 MARION ROAD,07043,MONTCLAIR,N,C,NA,C,NA
20 MILLER STREET 1ST,07042,MONTCLAIR,N,C,NA,C,NA
20 MILLER STREET 2ND,07042,MONTCLAIR,N,C,NA,C,NA
20 MISSION STREET,07042,MONTCLAIR,N,C,NA,C,NA
20 MONROE PLACE,07042,MONTCLAIR,N,C,NA,C,NA
20 MOUNT VERNON ROAD,07043,MONTCLAIR,N,C,NA,C,NA
20 MOUNTAINSIDE PARK TERRACE,07043,MONTCLAIR,N,C,NA,C,NA
20 MACOPIN AVENUE,07043,MONTCLAIR,N,C,NA,C,NA
20 MARQUETTE ROAD,07043,MONTCLAIR,N,C,NA,C,NA
20 MENDL TERRACE,07042,MONTCLAIR,N,C,NA,C,NA
20 MONTCLAIR AVENUE,07043,MONTCLAIR,N,C,NA,C,NA
20 N MOUNTAIN AVENUE,07042,MONTCLAIR,Y,C,NA,O,Brass
20 N WILLOW STREET,07042,MONTCLAIR,N,C,NA,C,NA
20 NISHUANE ROAD,07042,MONTCLAIR,N,C,NA,C,NA
20 NORMAL AVENUE,07043,MONTCLAIR,N,C,NA,C,NA
20 NORMAN ROAD,07043,MONTCLAIR,N,C,NA,C,NA
20 NORTHVIEW AVENUE,07043,MONTCLAIR,N,C,NA,C,NA
20 NOTTING HILL WAY,07042,MONTCLAIR,N,C,NA,C,NA
20 NASSAU ROAD,07043,MONTCLAIR,Y,C,NA,G,NA
20 OAK PLACE,07042,MONTCLAIR,N,C,NA,C,NA
20 OXFORD STREET 1ST,07042,MONTCLAIR,N,C,NA,C,NA
20 OXFORD STREET 2ND,07042,MONTCLAIR,N,C,NA,C,NA
20 PRESCOTT AVENUE,07042,MONTCLAIR,N,C,NA,C,NA
20 PROSPECT AVENUE,07042,MONTCLAIR,N,C,NA,C,NA
20 PROSPECT TERRACE,07042,MONTCLAIR,N,C,NA,C,NA
20 PARK TERRACE,07043,MONTCLAIR,N,C,NA,C,NA
20 PORTLAND PLACE,07042,MONTCLAIR,N,C,NA,C,NA
20 PORTLAND PLACE 2ND,07042,MONTCLAIR,Y,C,NA,UX,NA
20 ROSEDALE AVENUE,07042,MONTCLAIR,N,C,NA,C,NA
20 SAINT LUKES PLACE,07042,MONTCLAIR,N,C,NA,C,NA
20 SEYMOUR STREET,07042,MONTCLAIR,N,C,NA,C,NA
20 SOUTHERN TERRACE,07042,MONTCLAIR,N,C,NA,C,NA
20 STEPHEN STREET,07042,MONTCLAIR,N,C,NA,C,NA
20 STONEHENGE ROAD,07043,MONTCLAIR,N,C,NA,C,NA
20 SUNSET PARK,07043,MONTCLAIR,N,C,NA,C,NA
20 SKYTOP TERRACE,07043,MONTCLAIR,N,C,NA,C,NA
20 STANFORD PLACE,07042,MONTCLAIR,N,C,NA,C,NA
20 THE FAIRWAY,07043,MONTCLAIR,N,C,NA,C,NA
20 TUERS PLACE,07043,MONTCLAIR,N,C,NA,C,NA
20 VAN BREEMEN COURT,07043,MONTCLAIR,N,C,NA,C,NA
20 VAN VLECK STREET,07042,MONTCLAIR,N,C,NA,C,NA
20 VERA PLACE,07042,MONTCLAIR,Y,C,NA,G,NA
20 VIRGINIA AVENUE,07042,MONTCLAIR,N,C,NA,C,NA
20 WALNUT PARKWAY 1ST,07042,MONTCLAIR,N,C,NA,C,NA
20 WALNUT PARKWAY 2ND,07042,MONTCLAIR,N,C,NA,C,NA
20 WARMAN STREET,07042,MONTCLAIR,N,C,NA,C,NA
20 WARREN PLACE,07042,MONTCLAIR,N,C,NA,C,NA
20 WINDEMERE ROAD,07043,MONTCLAIR,N,C,NA,C,NA
20 WOODMONT ROAD,07043,MONTCLAIR,N,C,NA,C,NA
20 WARD PLACE,07042,MONTCLAIR,N,C,NA,C,NA
20 WATERBURY ROAD,07043,MONTCLAIR,N,C,NA,C,NA
20 WELLESLEY ROAD,07043,MONTCLAIR,N,C,NA,C,NA
20 WILLARD PLACE,07042,MONTCLAIR,N,C,NA,C,NA
20 WILLOWDALE AVENUE,07042,MONTCLAIR,Y,C,NA,UX,NA
20 WILLOWMERE AVENUE,07042,MONTCLAIR,Y,C,NA,UX,NA
20 WINDSOR PLACE,07043,MONTCLAIR,N,C,NA,C,NA
20 YALE TERRACE,07042,MONTCLAIR,N,C,NA,C,NA
200 ALEXANDER AVENUE,07043,MONTCLAIR,N,C,NA,C,NA
200 CHRISTOPHER STREET,07043,MONTCLAIR,N,C,NA,C,NA
200 COOPER AVENUE,07043,MONTCLAIR,N,C,NA,C,NA
200 CLAREMONT AVENUE,07042,MONTCLAIR,N,C,NA,C,NA
200 FOREST STREET,07042,MONTCLAIR,N,C,NA,C,NA
200 FERNWOOD AVENUE,07043,MONTCLAIR,N,C,NA,C,NA
200 GROVE STREET,07043,MONTCLAIR,N,C,NA,C,NA
200 HARRISON AVENUE,07042,MONTCLAIR,N,C,NA,C,NA
200 INWOOD AVENUE,07043,MONTCLAIR,N,C,NA,C,NA
200 LORRAINE AVENUE 1ST,07043,MONTCLAIR,N,C,NA,C,NA
200 LORRAINE AVENUE 2ND,07043,MONTCLAIR,N,C,NA,C,NA
200 MIDLAND AVENUE,07042,MONTCLAIR,N,C,NA,C,NA
200 PARK STREET,07043,MONTCLAIR,N,C,NA,C,NA
200 S MOUNTAIN AVENUE,07042,MONTCLAIR,N,C,NA,C,NA
200 VALLEY ROAD 1ST,07043,MONTCLAIR,N,C,NA,C,NA
200 VALLEY ROAD 2ND,07043,MONTCLAIR,Y,C,NA,UX,NA
201 ALEXANDER AVENUE,07043,MONTCLAIR,N,C,NA,C,NA
201 BELLEVUE AVENUE,07043,MONTCLAIR,N,C,NA,C,NA
201 CLAREMONT AVENUE,07042,MONTCLAIR,N,C,NA,C,NA
201 CHRISTOPHER STREET,07043,MONTCLAIR,N,C,NA,C,NA
201 FERNWOOD AVENUE,07043,MONTCLAIR,N,C,NA,C,NA
201 FOREST STREET,07042,MONTCLAIR,N,C,NA,C,NA
201 HIGHLAND AVENUE,07043,MONTCLAIR,N,C,NA,C,NA
201 INWOOD AVENUE,07043,MONTCLAIR,Y,C,NA,O,BRASS
201 N FULLERTON AVENUE,07042,MONTCLAIR,N,C,NA,C,NA
201 N MOUNTAIN AVENUE,07042,MONTCLAIR,N,C,NA,C,NA
201 ORANGE ROAD,07042,MONTCLAIR,N,C,NA,C,NA
201 VALLEY ROAD,07043,MONTCLAIR,N,C,NA,C,NA
202 ALEXANDER AVENUE,07043,MONTCLAIR,N,C,NA,C,NA
202 BELLEVUE AVENUE,07043,MONTCLAIR,N,C,NA,C,NA
202 CHRISTOPHER STREET,07043,MONTCLAIR,N,C,NA,C,NA
202 GROVE STREET,07043,MONTCLAIR,N,C,NA,C,NA
202 HARRISON AVENUE,07042,MONTCLAIR,N,C,NA,C,NA
202 HIGHLAND AVENUE,07043,MONTCLAIR,Y,C,NA,UX,NA
202 INWOOD AVENUE,07043,MONTCLAIR,N,C,NA,C,NA
202 LORRAINE AVENUE,07043,MONTCLAIR,N,C,NA,C,NA
202 N MOUNTAIN AVENUE,07042,MONTCLAIR,N,C,NA,C,NA
202 PARK STREET,07043,MONTCLAIR,N,C,NA,C,NA
202 VALLEY ROAD,07043,MONTCLAIR,N,C,NA,C,NA
202 WALNUT STREET,07042,MONTCLAIR,N,C,NA,C,NA
202 WATCHUNG AVENUE,07043,MONTCLAIR,N,C,NA,C,NA
203 ALEXANDER AVENUE,07043,MONTCLAIR,N,C,NA,C,NA
203 BELLEVUE AVENUE,07043,MONTCLAIR,N,C,NA,C,NA
203 LORRAINE AVENUE,07043,MONTCLAIR,N,C,NA,C,NA
203 N FULLERTON AVENUE 1ST,07042,MONTCLAIR,N,C,NA,C,NA
203 N FULLERTON AVENUE 2ND,07042,MONTCLAIR,N,C,NA,C,NA
203 ORANGE ROAD,07042,MONTCLAIR,N,C,NA,C,NA
203 S MOUNTAIN AVENUE,07042,MONTCLAIR,N,C,NA,C,NA
203 UPPER MOUNTAIN AVENUE,07042,MONTCLAIR,N,C,NA,C,NA
204 BELLEVUE AVENUE,07043,MONTCLAIR,N,C,NA,C,NA
204 BLOOMFIELD AVENUE,07042,MONTCLAIR,N,C,NA,C,NA
204 CLAREMONT AVENUE,07042,MONTCLAIR,N,C,NA,C,NA
204 FERNWOOD AVENUE,07043,MONTCLAIR,N,C,NA,C,NA
204 FOREST STREET,07042,MONTCLAIR,N,C,NA,C,NA
204 LORRAINE AVENUE,07043,MONTCLAIR,N,C,NA,C,NA
204 ORANGE ROAD,07042,MONTCLAIR,N,C,NA,C,NA
204 PARK STREET,07043,MONTCLAIR,N,C,NA,C,NA
204 VALLEY ROAD,07043,MONTCLAIR,N,C,NA,C,NA
204 WATCHUNG AVENUE,07043,MONTCLAIR,N,C,NA,C,NA
205 ALEXANDER AVENUE,07043,MONTCLAIR,N,C,NA,C,NA
205 CHRISTOPHER STREET,07043,MONTCLAIR,N,C,NA,C,NA
205 CLAREMONT AVENUE,07042,MONTCLAIR,N,C,NA,C,NA
205 FERNWOOD AVENUE,07043,MONTCLAIR,Y,C,NA,G,NA
205 GROVE STREET,07043,MONTCLAIR,Y,C,NA,G,NA
205 HIGHLAND AVENUE,07043,MONTCLAIR,N,C,NA,C,NA
205 INWOOD AVENUE,07043,MONTCLAIR,N,C,NA,C,NA
205 LORRAINE AVENUE,07043,MONTCLAIR,N,C,NA,C,NA
205 MIDLAND AVENUE,07042,MONTCLAIR,N,C,NA,C,NA
205 N FULLERTON AVENUE,07042,MONTCLAIR,N,C,NA,C,NA
205 N MOUNTAIN AVENUE,07042,MONTCLAIR,N,C,NA,C,NA
205 ORANGE ROAD,07042,MONTCLAIR,N,C,NA,C,NA
205 PARK STREET,07043,MONTCLAIR,N,C,NA,C,NA
205 WALNUT STREET,07042,MONTCLAIR,N,C,NA,C,NA
205 WALNUT STREET,07042,MONTCLAIR,N,C,NA,C,NA
205 WATCHUNG AVENUE,07043,MONTCLAIR,N,C,NA,C,NA
206 BELLEVUE AVENUE 1ST,07043,MONTCLAIR,N,C,NA,C,NA
206 BELLEVUE AVENUE 2ND,07043,MONTCLAIR,N,C,NA,C,NA
206 CLAREMONT AVENUE,07042,MONTCLAIR,N,C,NA,C,NA
206 FERNWOOD AVENUE,07043,MONTCLAIR,N,C,NA,C,NA
206 FOREST STREET,07042,MONTCLAIR,N,C,NA,C,NA
206 HIGHLAND AVENUE,07043,MONTCLAIR,N,C,NA,C,NA
206 INWOOD AVENUE,07043,MONTCLAIR,N,C,NA,C,NA
206 LORRAINE AVENUE,07043,MONTCLAIR,N,C,NA,C,NA
206 MIDLAND AVENUE,07042,MONTCLAIR,N,C,NA,C,NA
206 PARK STREET,07043,MONTCLAIR,N,C,NA,C,NA
206 UPPER MOUNTAIN AVENUE,07042,MONTCLAIR,N,C,NA,C,NA
206 VALLEY ROAD,07043,MONTCLAIR,N,C,NA,C,NA
206 WATCHUNG AVENUE,07043,MONTCLAIR,N,C,NA,C,NA
207 ALEXANDER AVENUE,07043,MONTCLAIR,N,C,NA,C,NA
207 BELLEVUE AVENUE,07043,MONTCLAIR,N,C,NA,C,NA
207 BELLEVUE AVENUE,07043,MONTCLAIR,N,C,NA,C,NA
207 COOPER AVENUE,07043,MONTCLAIR,N,C,NA,C,NA
207 GLENRIDGE AVENUE,07042,MONTCLAIR,Y,C,NA,G,NA
207 INWOOD AVENUE,07043,MONTCLAIR,Y,C,NA,L,NA
207 LORRAINE AVENUE,07043,MONTCLAIR,N,C,NA,C,NA
207 N FULLERTON AVENUE,07042,MONTCLAIR,N,C,NA,C,NA
207 ORANGE ROAD,07042,MONTCLAIR,N,C,NA,C,NA
207 PARK STREET,07043,MONTCLAIR,N,C,NA,C,NA
207 UPPER MOUNTAIN AVENUE,07042,MONTCLAIR,N,C,NA,C,NA
207 UNION STREET,07042,MONTCLAIR,Y,C,NA,UX,NA
207 WATCHUNG AVENUE,07043,MONTCLAIR,N,C,NA,C,NA
207 WALNUT STREET,07042,MONTCLAIR,N,C,NA,C,NA
208 BELLEVUE AVENUE,07043,MONTCLAIR,N,C,NA,C,NA
208 FERNWOOD AVENUE,07043,MONTCLAIR,N,C,NA,C,NA
208 FOREST STREET,07042,MONTCLAIR,N,C,NA,C,NA
208 GATES AVENUE,07042,MONTCLAIR,N,C,NA,C,NA
208 HARRISON AVENUE,07042,MONTCLAIR,N,C,NA,C,NA
208 INWOOD AVENUE,07043,MONTCLAIR,N,C,NA,C,NA
208 MONTCLAIR AVENUE,07043,MONTCLAIR,N,C,NA,C,NA
208 MIDLAND AVENUE,07042,MONTCLAIR,N,C,NA,C,NA
208 N MOUNTAIN AVENUE,07042,MONTCLAIR,N,C,NA,C,NA
208 ORANGE ROAD,07042,MONTCLAIR,N,C,NA,C,NA
208 S MOUNTAIN AVENUE,07042,MONTCLAIR,N,C,NA,C,NA
208 WALNUT STREET,07042,MONTCLAIR,N,C,NA,C,NA
208 WATCHUNG AVENUE,07043,MONTCLAIR,N,C,NA,C,NA
209 COOPER AVENUE,07043,MONTCLAIR,N,C,NA,C,NA
209 CHRISTOPHER STREET,07043,MONTCLAIR,Y,C,NA,UX,NA
209 FERNWOOD AVENUE,07043,MONTCLAIR,N,C,NA,C,NA
209 GLENRIDGE AVENUE,07042,MONTCLAIR,N,C,NA,C,NA
209 HARRISON AVENUE,07042,MONTCLAIR,N,C,NA,C,NA
209 HIGHLAND AVENUE,07043,MONTCLAIR,N,C,NA,C,NA
209 LORRAINE AVENUE,07043,MONTCLAIR,N,C,NA,C,NA
209 MONTCLAIR AVENUE,07043,MONTCLAIR,N,C,NA,C,NA
209 N FULLERTON AVENUE,07042,MONTCLAIR,N,C,NA,C,NA
209 ORANGE ROAD,07042,MONTCLAIR,N,C,NA,C,NA
209 PARK STREET,07043,MONTCLAIR,N,C,NA,C,NA
209 S MOUNTAIN AVENUE,07042,MONTCLAIR,N,C,NA,C,NA
209 S MOUNTAIN AVENUE,07042,MONTCLAIR,N,C,NA,C,NA
209 WALNUT STREET,07042,MONTCLAIR,N,C,NA,C,NA
209 WATCHUNG AVENUE,07043,MONTCLAIR,N,C,NA,C,NA
21 APPLETON PLACE,07043,MONTCLAIR,N,C,NA,C,NA
21 AUBREY ROAD,07043,MONTCLAIR,N,C,NA,C,NA
21 ALDEN ROAD,07042,MONTCLAIR,N,C,NA,C,NA
21 BELLEGROVE DRIVE,07043,MONTCLAIR,N,C,NA,C,NA
21 BERKELEY PLACE,07042,MONTCLAIR,N,C,NA,C,NA
21 BRAINARD STREET,07043,MONTCLAIR,N,C,NA,C,NA
21 BROOKFIELD ROAD,07043,MONTCLAIR,N,C,NA,C,NA
21 BRUCE ROAD,07043,MONTCLAIR,N,C,NA,C,NA
21 BRAEMORE ROAD,07043,MONTCLAIR,N,C,NA,C,NA
21 BRUNSWICK ROAD,07042,MONTCLAIR,N,C,NA,C,NA
21 CARLTON DRIVE,07043,MONTCLAIR,N,C,NA,C,NA
21 CAROLIN ROAD,07043,MONTCLAIR,N,C,NA,C,NA
21 CENTRAL AVENUE - 1ST RIGHT,07042,MONTCLAIR,N,C,NA,C,NA
21 CENTRAL AVENUE 2ND LEFT,07042,MONTCLAIR,N,C,NA,C,NA
21 CHAMPLAIN TERRACE,07042,MONTCLAIR,N,C,NA,C,NA
21 CHESTER ROAD,07043,MONTCLAIR,N,C,NA,C,NA
21 CLAIRIDGE COURT,07042,MONTCLAIR,N,C,NA,C,NA
21 CLAREMONT AVENUE,07042,MONTCLAIR,N,C,NA,C,NA
21 CLOVERHILL PLACE,07042,MONTCLAIR,N,C,NA,C,NA
21 COLUMBUS AVENUE,07042,MONTCLAIR,N,C,NA,C,NA
21 CROSS STREET,07042,MONTCLAIR,N,C,NA,C,NA
21 CENTRAL AVENUE 1ST,07042,MONTCLAIR,Y,C,NA,UX,NA
21 CENTRAL AVENUE 2ND,07042,MONTCLAIR,Y,C,NA,UX,NA
21 COLLEGE AVENUE,07043,MONTCLAIR,N,C,NA,C,NA
21 DODD STREET,07042,MONTCLAIR,N,C,NA,C,NA
21 DURYEA ROAD,07043,MONTCLAIR,N,C,NA,C,NA
21 EDGEWOOD ROAD,07042,MONTCLAIR,N,C,NA,C,NA
21 ELMWOOD AVENUE 1ST,07042,MONTCLAIR,N,C,NA,C,NA
21 ELMWOOD AVENUE 2ND,07042,MONTCLAIR,N,C,NA,C,NA
21 ELSTON ROAD,07043,MONTCLAIR,N,C,NA,C,NA
21 ERWIN PARK ROAD,07042,MONTCLAIR,N,C,NA,C,NA
21 ENFIELD AVENUE,07042,MONTCLAIR,N,C,NA,C,NA
21 EUCLID PLACE,07042,MONTCLAIR,N,C,NA,C,NA
21 FAIRMOUNT AVENUE,07043,MONTCLAIR,N,C,NA,C,NA
21 FAIRVIEW PLACE,07043,MONTCLAIR,N,C,NA,C,NA
21 FOREST STREET,07042,MONTCLAIR,N,C,NA,C,NA
21 FRANKLIN AVENUE,07042,MONTCLAIR,N,C,NA,C,NA
21 FRANKLIN PLACE,07042,MONTCLAIR,N,C,NA,C,NA
21 GATES AVENUE,07042,MONTCLAIR,N,C,NA,C,NA
21 GLENRIDGE PARKWAY,07042,MONTCLAIR,N,C,NA,C,NA
21 GLENSIDE TERRACE,07043,MONTCLAIR,N,C,NA,C,NA
21 GODFREY ROAD,07043,MONTCLAIR,N,C,NA,C,NA
21 GREENVIEW WAY,07043,MONTCLAIR,N,C,NA,C,NA
21 GRENADA PLACE,07042,MONTCLAIR,N,C,NA,C,NA
21 GRAY STREET,07042,MONTCLAIR,N,C,NA,C,NA
21 HARTLEY STREET,07042,MONTCLAIR,N,C,NA,C,NA
21 HARVARD STREET,07042,MONTCLAIR,N,C,NA,C,NA
21 HIGHLAND AVENUE,07043,MONTCLAIR,N,C,NA,C,NA
21 HITCHCOCK PLACE,07042,MONTCLAIR,N,C,NA,C,NA
21 HOBURG PLACE,07042,MONTCLAIR,N,C,NA,C,NA
21 IRVING STREET,07042,MONTCLAIR,Y,C,NA,UX,NA
21 LASALLE ROAD,07043,MONTCLAIR,Y,C,NA,O,BRASS
21 LAUREL PLACE,07043,MONTCLAIR,N,C,NA,C,NA
21 MADISON AVENUE,07042,MONTCLAIR,N,C,NA,C,NA
21 MARION ROAD,07043,MONTCLAIR,N,C,NA,C,NA
21 MARQUETTE ROAD,07043,MONTCLAIR,N,C,NA,C,NA
21 MARSTON PLACE,07042,MONTCLAIR,N,C,NA,C,NA
21 MILLER STREET,07042,MONTCLAIR,N,C,NA,C,NA
21 MISSION STREET,07042,MONTCLAIR,N,C,NA,C,NA
21 MONTAGUE PLACE,07042,MONTCLAIR,N,C,NA,C,NA
21 MONTCLAIR AVENUE,07043,MONTCLAIR,N,C,NA,C,NA
21 MORNINGSIDE AVENUE,07043,MONTCLAIR,N,C,NA,C,NA
21 MOUNT VERNON ROAD,07043,MONTCLAIR,N,C,NA,C,NA
21 MACOPIN AVENUE,07043,MONTCLAIR,N,C,NA,C,NA
21 MELROSE PLACE,07042,MONTCLAIR,Y,C,NA,UX,NA
21 MOUNTAINSIDE PARK TERRACE,07043,MONTCLAIR,N,C,NA,C,NA
21 NASSAU ROAD,07043,MONTCLAIR,N,C,NA,C,NA
21 NORMAN ROAD,07043,MONTCLAIR,N,C,NA,C,NA
21 NORWOOD AVENUE,07043,MONTCLAIR,N,C,NA,C,NA
21 NEW STREET,07042,MONTCLAIR,N,C,NA,C,NA
21 OXFORD STREET,07042,MONTCLAIR,N,C,NA,C,NA
21 PARK TERRACE,07043,MONTCLAIR,N,C,NA,C,NA
21 PARKWAY,07043,MONTCLAIR,N,C,NA,C,NA
21 PATTON PLACE,07043,MONTCLAIR,N,C,NA,C,NA
21 PLEASANT AVENUE,07042,MONTCLAIR,N,C,NA,C,NA
21 PLYMOUTH STREET,07042,MONTCLAIR,N,C,NA,C,NA
21 PRESCOTT AVENUE,07042,MONTCLAIR,N,C,NA,C,NA
21 PLEASANT WAY 1ST,07042,MONTCLAIR,N,C,NA,C,NA
21 PLEASANT WAY 2ND,07042,MONTCLAIR,N,C,NA,C,NA
21 PORTLAND PLACE,07042,MONTCLAIR,Y,C,NA,L,NA
21 ROSWELL TERRACE,07042,MONTCLAIR,N,C,NA,C,NA
21 STEPHEN STREET,07042,MONTCLAIR,N,C,NA,C,NA
21 STONEHENGE ROAD,07043,MONTCLAIR,N,C,NA,C,NA
21 SYLVAN PLACE,07042,MONTCLAIR,N,C,NA,C,NA
21 SAINT LUKES PLACE,07042,MONTCLAIR,Y,C,NA,G,NA
21 STONEBRIDGE ROAD,07042,MONTCLAIR,N,C,NA,C,NA
21 THE FAIRWAY,07043,MONTCLAIR,N,C,NA,C,NA
21 TRINITY PLACE,07042,MONTCLAIR,N,C,NA,C,NA
21 TUERS PLACE,07043,MONTCLAIR,N,C,NA,C,NA
21 UPPER MOUNTAIN AVENUE,07042,MONTCLAIR,N,C,NA,C,NA
21 UPPER MOUNTAIN AVENUE,07042,MONTCLAIR,Y,C,NA,O,Brass
21 VAN BREEMEN COURT,07043,MONTCLAIR,N,C,NA,C,NA
21 VAN VLECK STREET,07042,MONTCLAIR,Y,C,NA,L,NA
21 VERA PLACE,07042,MONTCLAIR,N,C,NA,C,NA
21 VAN VLECK STREET,07042,MONTCLAIR,Y,C,NA,L,NA
21 VIRGINIA AVENUE,07042,MONTCLAIR,N,C,NA,C,NA
21 WARD PLACE,07042,MONTCLAIR,N,C,NA,C,NA
21 WARFIELD STREET,07043,MONTCLAIR,N,C,NA,C,NA
21 WARMAN STREET 1ST,07042,MONTCLAIR,N,C,NA,C,NA
21 WARMAN STREET 2ND,07042,MONTCLAIR,N,C,NA,C,NA
21 WARREN PLACE,07042,MONTCLAIR,N,C,NA,C,NA
21 WELLESLEY ROAD,07043,MONTCLAIR,N,C,NA,C,NA
21 WHEELER STREET,07042,MONTCLAIR,N,C,NA,C,NA
21 WINDSOR PLACE,07043,MONTCLAIR,N,C,NA,C,NA
21 WILFRED STREET,07042,MONTCLAIR,Y,C,NA,UX,NA
21 WILLOWMERE AVENUE,07042,MONTCLAIR,Y,C,NA,UX,NA
21-23 HAWTHORNE PLACE,07042,MONTCLAIR,Y,C,NA,UX,NA
21-A N MOUNTAIN AVENUE,07042,MONTCLAIR,N,C,NA,C,NA
21-B N MOUNTAIN AVENUE,07042,MONTCLAIR,N,C,NA,C,NA
210 BLOOMFIELD AVENUE,07042,MONTCLAIR,N,C,NA,C,NA
210 BELLEVUE AVENUE,07043,MONTCLAIR,N,C,NA,C,NA
210 CHRISTOPHER STREET,07043,MONTCLAIR,N,C,NA,C,NA
210 FOREST STREET,07042,MONTCLAIR,N,C,NA,C,NA
210 GROVE STREET,07043,MONTCLAIR,N,C,NA,C,NA
210 INWOOD AVENUE,07043,MONTCLAIR,N,C,NA,C,NA
210 LORRAINE AVENUE,07043,MONTCLAIR,N,C,NA,C,NA
210 MONTCLAIR AVENUE,07043,MONTCLAIR,N,C,NA,C,NA
210 ORANGE ROAD,07042,MONTCLAIR,N,C,NA,C,NA
210 PARK STREET,07043,MONTCLAIR,N,C,NA,C,NA
210 VALLEY ROAD,07043,MONTCLAIR,N,C,NA,C,NA
210 WALNUT STREET,07042,MONTCLAIR,N,C,NA,C,NA
210 WATCHUNG AVENUE,07043,MONTCLAIR,N,C,NA,C,NA
211 ALEXANDER AVENUE,07043,MONTCLAIR,N,C,NA,C,NA
211 BELLEVUE AVENUE,07043,MONTCLAIR,N,C,NA,C,NA
211 GLENRIDGE AVENUE,07042,MONTCLAIR,N,C,NA,C,NA
211 GATES AVENUE,07042,MONTCLAIR,Y,C,NA,C,NA
211 HARRISON AVENUE,07042,MONTCLAIR,N,C,NA,C,NA
211 INWOOD AVENUE,07043,MONTCLAIR,N,C,NA,C,NA
211 LORRAINE AVENUE,07043,MONTCLAIR,Y,C,NA,G,NA
211 MIDLAND AVENUE,07042,MONTCLAIR,N,C,NA,C,NA
211 MONTCLAIR AVENUE,07043,MONTCLAIR,N,C,NA,C,NA
211 N FULLERTON AVENUE,07042,MONTCLAIR,N,C,NA,C,NA
211 N MOUNTAIN AVENUE,07042,MONTCLAIR,N,C,NA,C,NA
211 ORANGE ROAD,07042,MONTCLAIR,N,C,NA,C,NA
211 PARK STREET,07043,MONTCLAIR,N,C,NA,C,NA
211 UPPER MOUNTAIN AVENUE,07042,MONTCLAIR,N,C,NA,C,NA
211 WALNUT STREET,07042,MONTCLAIR,N,C,NA,C,NA
211 WATCHUNG AVENUE,07043,MONTCLAIR,N,C,NA,C,NA
211-A BELLEVUE AVENUE,07043,MONTCLAIR,N,C,NA,C,NA
212 BELLEVUE AVENUE,07043,MONTCLAIR,N,C,NA,C,NA
212 FERNWOOD AVENUE,07043,MONTCLAIR,N,C,NA,C,NA
212 GATES AVENUE,07042,MONTCLAIR,N,C,NA,C,NA
212 GROVE STREET,07043,MONTCLAIR,N,C,NA,C,NA
212 HARRISON AVENUE-1ST,07042,MONTCLAIR,N,C,NA,C,NA
212 HARRISON AVENUE-2ND,07042,MONTCLAIR,N,C,NA,C,NA
212 LORRAINE AVENUE,07043,MONTCLAIR,N,C,NA,C,NA
212 MIDLAND AVENUE,07042,MONTCLAIR,N,C,NA,C,NA
212 MONTCLAIR AVENUE,07043,MONTCLAIR,N,C,NA,C,NA
212 N MOUNTAIN AVENUE,07042,MONTCLAIR,Y,C,NA,UX,NA
212 UNION STREET,07042,MONTCLAIR,N,C,NA,C,NA
212 VALLEY ROAD,07043,MONTCLAIR,N,C,NA,C,NA
212 WALNUT STREET,07042,MONTCLAIR,N,C,NA,C,NA
212 WATCHUNG AVENUE,07043,MONTCLAIR,N,C,NA,C,NA
213 ALEXANDER AVENUE,07043,MONTCLAIR,Y,C,NA,UX,NA
213 BELLEVUE AVENUE,07043,MONTCLAIR,N,C,NA,C,NA
213 GLENRIDGE AVENUE,07042,MONTCLAIR,N,C,NA,C,NA
213 HIGHLAND AVENUE,07043,MONTCLAIR,N,C,NA,C,NA
213 INWOOD AVENUE,07043,MONTCLAIR,N,C,NA,C,NA
213 LORRAINE AVENUE,07043,MONTCLAIR,N,C,NA,C,NA
213 MONTCLAIR AVENUE,07043,MONTCLAIR,N,C,NA,C,NA
213 N FULLERTON AVENUE,07042,MONTCLAIR,N,C,NA,C,NA
213 PARK STREET,07043,MONTCLAIR,N,C,NA,C,NA
213 WATCHUNG AVENUE,07043,MONTCLAIR,Y,C,NA,G,NA
213-A BELLEVUE AVENUE,07043,MONTCLAIR,N,C,NA,C,NA
213-B BELLEVUE AVENUE,07043,MONTCLAIR,N,C,NA,C,NA
213-C BELLEVUE AVENUE,07043,MONTCLAIR,N,C,NA,C,NA
214 ALEXANDER AVENUE,07043,MONTCLAIR,N,C,NA,C,NA
214 FERNWOOD AVENUE,07043,MONTCLAIR,N,C,NA,C,NA
214 GROVE STREET,07043,MONTCLAIR,N,C,NA,C,NA
214 HIGHLAND AVENUE,07043,MONTCLAIR,N,C,NA,C,NA
214 INWOOD AVENUE,07043,MONTCLAIR,N,C,NA,C,NA
214 LORRAINE AVENUE,07043,MONTCLAIR,N,C,NA,C,NA
214 N FULLERTON AVENUE,07042,MONTCLAIR,N,C,NA,C,NA
214 N MOUNTAIN AVENUE,07042,MONTCLAIR,N,C,NA,C,NA
214 PARK STREET 1ST,07043,MONTCLAIR,N,C,NA,C,NA
214 PARK STREET 2ND,07043,MONTCLAIR,N,C,NA,C,NA
214 VALLEY ROAD,07043,MONTCLAIR,Y,C,NA,L,NA
214 WALNUT STREET,07042,MONTCLAIR,N,C,NA,C,NA
215 ALEXANDER AVENUE,07043,MONTCLAIR,N,C,NA,C,NA
215 BELLEVUE AVENUE,07043,MONTCLAIR,N,C,NA,C,NA
215 FERNWOOD AVENUE,07043,MONTCLAIR,N,C,NA,C,NA
215 GLENRIDGE AVENUE,07042,MONTCLAIR,N,C,NA,C,NA
215 HARRISON AVENUE,07042,MONTCLAIR,N,C,NA,C,NA
215 INWOOD AVENUE,07043,MONTCLAIR,N,C,NA,C,NA
215 LORRAINE AVENUE,07043,MONTCLAIR,N,C,NA,C,NA
215 MIDLAND AVENUE,07042,MONTCLAIR,N,C,NA,C,NA
215 MONTCLAIR AVENUE,07043,MONTCLAIR,N,C,NA,C,NA
215 N MOUNTAIN AVENUE,07042,MONTCLAIR,N,C,NA,C,NA
215 ORANGE ROAD,07042,MONTCLAIR,N,C,NA,C,NA
215 PARK STREET,07043,MONTCLAIR,N,C,NA,C,NA
215 S MOUNTAIN AVENUE,07042,MONTCLAIR,N,C,NA,C,NA
215 UPPER MOUNTAIN AVENUE,07042,MONTCLAIR,N,C,NA,C,NA
215 WALNUT STREET,07042,MONTCLAIR,N,C,NA,C,NA
216 ALEXANDER AVENUE,07043,MONTCLAIR,N,C,NA,C,NA
216 FERNWOOD AVENUE,07043,MONTCLAIR,N,C,NA,C,NA
216 GROVE STREET,07043,MONTCLAIR,N,C,NA,C,NA
216 INWOOD AVENUE,07043,MONTCLAIR,N,C,NA,C,NA
216 LORRAINE AVENUE,07043,MONTCLAIR,N,C,NA,C,NA
216 MONTCLAIR AVENUE,07043,MONTCLAIR,N,C,NA,C,NA
216 MIDLAND AVENUE,07042,MONTCLAIR,N,C,NA,C,NA
216 VALLEY ROAD,07043,MONTCLAIR,N,C,NA,C,NA
216 WALNUT STREET,07042,MONTCLAIR,N,C,NA,C,NA
216 WATCHUNG AVENUE,07043,MONTCLAIR,N,C,NA,C,NA
217 ALEXANDER AVENUE,07043,MONTCLAIR,N,C,NA,C,NA
217 BELLEVUE AVENUE,07043,MONTCLAIR,N,C,NA,C,NA
217 CHRISTOPHER STREET,07043,MONTCLAIR,N,C,NA,C,NA
217 GROVE STREET,07043,MONTCLAIR,N,C,NA,C,NA
217 GLENRIDGE AVENUE,07042,MONTCLAIR,N,C,NA,C,NA
217 INWOOD AVENUE,07043,MONTCLAIR,N,C,NA,C,NA
217 LORRAINE AVENUE,07043,MONTCLAIR,N,C,NA,C,NA
217 MONTCLAIR AVENUE,07043,MONTCLAIR,N,C,NA,C,NA
217 N MOUNTAIN AVENUE,07042,MONTCLAIR,N,C,NA,C,NA
217 ORANGE ROAD,07042,MONTCLAIR,N,C,NA,C,NA
217 PARK STREET,07043,MONTCLAIR,N,C,NA,C,NA
217 WALNUT STREET 1ST,07042,MONTCLAIR,N,C,NA,C,NA
217 WALNUT STREET 2ND,07042,MONTCLAIR,N,C,NA,C,NA
217 WATCHUNG AVENUE,07043,MONTCLAIR,N,C,NA,C,NA
218 ALEXANDER AVENUE,07043,MONTCLAIR,N,C,NA,C,NA
218 BLOOMFIELD AVENUE,07042,MONTCLAIR,N,C,NA,C,NA
218 CHRISTOPHER STREET,07043,MONTCLAIR,N,C,NA,C,NA
218 FERNWOOD AVENUE,07043,MONTCLAIR,N,C,NA,C,NA
218 GROVE STREET,07043,MONTCLAIR,N,C,NA,C,NA
218 HIGHLAND AVENUE,07043,MONTCLAIR,N,C,NA,C,NA
218 INWOOD AVENUE,07043,MONTCLAIR,N,C,NA,C,NA
218 LORRAINE AVENUE,07043,MONTCLAIR,N,C,NA,C,NA
218 MONTCLAIR AVENUE,07043,MONTCLAIR,N,C,NA,C,NA
218 N FULLERTON AVENUE 1ST,07042,MONTCLAIR,N,C,NA,C,NA
218 N FULLERTON AVENUE 2ND,07042,MONTCLAIR,N,C,NA,C,NA
218 PARK STREET 1ST,07043,MONTCLAIR,Y,C,NA,G,NA
218 PARK STREET 2ND,07043,MONTCLAIR,Y,C,NA,G,NA
218 S MOUNTAIN AVENUE,07042,MONTCLAIR,N,C,NA,C,NA
218 UPPER MOUNTAIN AVENUE,07042,MONTCLAIR,N,C,NA,C,NA
218 VALLEY ROAD,07043,MONTCLAIR,N,C,NA,C,NA
218 WALNUT STREET,07042,MONTCLAIR,N,C,NA,C,NA
218 WATCHUNG AVENUE,07043,MONTCLAIR,N,C,NA,C,NA
219 ALEXANDER AVENUE,07043,MONTCLAIR,N,C,NA,C,NA
219 BELLEVUE AVENUE,07043,MONTCLAIR,N,C,NA,C,NA
219 CHRISTREET0PHER STREET,07043,MONTCLAIR,N,C,NA,C,NA
219 FERNWOOD AVENUE,07043,MONTCLAIR,Y,C,NA,O,BRASS
219 INWOOD AVENUE,07043,MONTCLAIR,N,C,NA,C,NA
219 LORRAINE AVENUE,07043,MONTCLAIR,N,C,NA,C,NA
219 MONTCLAIR AVENUE,07043,MONTCLAIR,N,C,NA,C,NA
219 N FULLERTON AVENUE,07042,MONTCLAIR,N,C,NA,C,NA
219 PARK STREET 1ST,07043,MONTCLAIR,N,C,NA,C,NA
219 PARK STREET 2ND,07043,MONTCLAIR,N,C,NA,C,NA
219 WATCHUNG AVENUE,07043,MONTCLAIR,N,C,NA,C,NA
219 WALNUT STREET,07042,MONTCLAIR,Y,C,NA,UX,NA
219-A BELLEVUE AVENUE,07043,MONTCLAIR,N,C,NA,C,NA
22 APPLETON PLACE,07043,MONTCLAIR,N,C,NA,C,NA
22 ALDEN ROAD,07042,MONTCLAIR,N,C,NA,C,NA
22 BELLEGROVE DRIVE,07043,MONTCLAIR,N,C,NA,C,NA
22 BERKELEY PLACE,07042,MONTCLAIR,N,C,NA,C,NA
22 BRADFORD AVENUE,07043,MONTCLAIR,N,C,NA,C,NA
22 BRUNSWICK ROAD,07042,MONTCLAIR,N,C,NA,C,NA
22 CARTERET STREET,07043,MONTCLAIR,N,C,NA,C,NA
22 CEDAR AVENUE,07042,MONTCLAIR,N,C,NA,C,NA
22 CENTRAL AVENUE,07042,MONTCLAIR,N,C,NA,C,NA
22 CHESTER ROAD,07043,MONTCLAIR,N,C,NA,C,NA
22 CLAIRIDGE COURT,07042,MONTCLAIR,N,C,NA,C,NA
22 CLAREMONT AVENUE,07042,MONTCLAIR,N,C,NA,C,NA
22 CLEVELAND ROAD,07042,MONTCLAIR,N,C,NA,C,NA
22 CLINTON AVENUE,07042,MONTCLAIR,N,C,NA,C,NA
22 CLUB ROAD,07043,MONTCLAIR,N,C,NA,C,NA
22 COLLEGE AVENUE,07043,MONTCLAIR,N,C,NA,C,NA
22 COLUMBUS AVENUE,07042,MONTCLAIR,N,C,NA,C,NA
22 CRESTMONT ROAD,07044,MONTCLAIR,N,C,NA,C,NA
22 CROSS STREET 1ST,07042,MONTCLAIR,N,C,NA,C,NA
22 CAROLIN ROAD,07043,MONTCLAIR,N,C,NA,C,NA
22 DODD STREET,07042,MONTCLAIR,N,C,NA,C,NA
22 DRAPER TERRACE,07042,MONTCLAIR,N,C,NA,C,NA
22 DURYEA ROAD,07043,MONTCLAIR,N,C,NA,C,NA
22 ELMWOOD AVENUE,07042,MONTCLAIR,N,C,NA,C,NA
22 ELSTON ROAD,07043,MONTCLAIR,N,C,NA,C,NA
22 ENFIELD AVENUE,07042,MONTCLAIR,N,C,NA,C,NA
22 EUCLID PLACE,07042,MONTCLAIR,N,C,NA,C,NA
22 FOREST STREET,07042,MONTCLAIR,N,C,NA,C,NA
22 FREMONT STREET,07042,MONTCLAIR,N,C,NA,C,NA
22 FULTON STREET 1ST,07042,MONTCLAIR,N,C,NA,C,NA
22 FULTON STREET 2ND,07042,MONTCLAIR,N,C,NA,C,NA
22 FRANKLIN PLACE,07042,MONTCLAIR,N,C,NA,C,NA
22 GLENSIDE TERRACE,07043,MONTCLAIR,N,C,NA,C,NA
22 GLENWOOD ROAD,07043,MONTCLAIR,N,C,NA,C,NA
22 GODFREY ROAD,07043,MONTCLAIR,N,C,NA,C,NA
22 GRENADA PLACE,07042,MONTCLAIR,N,C,NA,C,NA
22 GATES AVENUE,07042,MONTCLAIR,N,C,NA,C,NA
22 GLENRIDGE PARKWAY,07042,MONTCLAIR,N,C,NA,C,NA
22 GRAHAM TERRACE,07042,MONTCLAIR,N,C,NA,C,NA
22 GREENVIEW WAY,07043,MONTCLAIR,N,C,NA,C,NA
22 HELLER DRIVE,07043,MONTCLAIR,N,C,NA,C,NA
22 HIGH STREET,07042,MONTCLAIR,N,C,NA,C,NA
22 LACKAWANNA PLAZA,07042,MONTCLAIR,N,C,NA,C,NA
22 LAUREL PLACE,07043,MONTCLAIR,N,C,NA,C,NA
22 LEXINGTON AVENUE,07042,MONTCLAIR,N,C,NA,C,NA
22 LINDEN AVENUE,07042,MONTCLAIR,Y,C,NA,G,NA
22 MACOPIN AVENUE,07043,MONTCLAIR,N,C,NA,C,NA
22 MADISON AVENUE,07042,MONTCLAIR,N,C,NA,C,NA
22 MARION ROAD,07043,MONTCLAIR,N,C,NA,C,NA
22 MC DONOUGH STREET,07042,MONTCLAIR,N,C,NA,C,NA
22 MELROSE PLACE,07042,MONTCLAIR,N,C,NA,C,NA
22 MISSION STREET,07042,MONTCLAIR,N,C,NA,C,NA
22 MONTAGUE PLACE,07042,MONTCLAIR,N,C,NA,C,NA
22 MONTCLAIR AVENUE,07043,MONTCLAIR,N,C,NA,C,NA
22 MOUNT VERNON ROAD,07043,MONTCLAIR,N,C,NA,C,NA
22 MULFORD LANE,07042,MONTCLAIR,N,C,NA,C,NA
22 MILLER STREET 1ST,07042,MONTCLAIR,Y,C,NA,UX,NA
22 MILLER STREET 2ND,07042,MONTCLAIR,Y,C,NA,UX,NA
22 N WILLOW STREET,07042,MONTCLAIR,N,C,NA,C,NA
22 NISHUANE ROAD,07042,MONTCLAIR,N,C,NA,C,NA
22 NORMAN ROAD,07043,MONTCLAIR,N,C,NA,C,NA
22 NORTHVIEW AVENUE,07043,MONTCLAIR,N,C,NA,C,NA
22 NOTTING HILL WAY,07042,MONTCLAIR,N,C,NA,C,NA
22 NASSAU ROAD,07043,MONTCLAIR,N,C,NA,C,NA
22 NORMAL AVENUE,07043,MONTCLAIR,N,C,NA,C,NA
22 OAK PLACE,07042,MONTCLAIR,N,C,NA,C,NA
22 ORANGE ROAD,07042,MONTCLAIR,N,C,NA,C,NA
22 OXFORD STREET 1ST,07042,MONTCLAIR,N,C,NA,C,NA
22 OXFORD STREET 2ND,07042,MONTCLAIR,N,C,NA,C,NA
22 OAKCROFT AVENUE,07043,MONTCLAIR,N,C,NA,C,NA
22 PARK TERRACE,07043,MONTCLAIR,N,C,NA,C,NA
22 PARKSIDE,07043,MONTCLAIR,N,C,NA,C,NA
22 PIERSON PLACE,07042,MONTCLAIR,N,C,NA,C,NA
22 PLYMOUTH STREET,07042,MONTCLAIR,N,C,NA,C,NA
22 PORTER PLACE,07042,MONTCLAIR,N,C,NA,C,NA
22 PRESCOTT AVENUE,07042,MONTCLAIR,N,C,NA,C,NA
22 PROSPECT TERRACE,07042,MONTCLAIR,N,C,NA,C,NA
22 SKYTOP TERRACE,07043,MONTCLAIR,N,C,NA,C,NA
22 SOUTH PARK STREET,07042,MONTCLAIR,N,C,NA,C,NA
22 STANFORD PLACE,07042,MONTCLAIR,N,C,NA,C,NA
22 STEPHEN STREET,07042,MONTCLAIR,N,C,NA,C,NA
22 SYLVAN PLACE,07042,MONTCLAIR,N,C,NA,C,NA
22 SAINT LUKES PLACE,07042,MONTCLAIR,Y,C,NA,UX,NA
22 SEYMOUR STREET,07042,MONTCLAIR,Y,C,NA,G,NA
22 TALBOT STREET,07042,MONTCLAIR,N,C,NA,C,NA
22 THE CRESCENT,07042,MONTCLAIR,N,C,NA,C,NA
22 TUERS PLACE,07043,MONTCLAIR,N,C,NA,C,NA
22 THE FAIRWAY,07043,MONTCLAIR,Y,C,NA,G,NA
22 UPPER MOUNTAIN AVENUE,07042,MONTCLAIR,N,C,NA,C,NA
22 VAN BREEMEN COURT,07043,MONTCLAIR,N,C,NA,C,NA
22 VIRGINIA AVENUE,07042,MONTCLAIR,N,C,NA,C,NA
22 WARD PLACE,07042,MONTCLAIR,N,C,NA,C,NA
22 WATERBURY ROAD,07043,MONTCLAIR,N,C,NA,C,NA
22 WELLESLEY ROAD,07043,MONTCLAIR,N,C,NA,C,NA
22 WHEELER STREET,07042,MONTCLAIR,N,C,NA,C,NA
22 WILFRED STREET,07042,MONTCLAIR,N,C,NA,C,NA
22 WILLARD PLACE,07042,MONTCLAIR,N,C,NA,C,NA
22 WILLIAM STREET,07042,MONTCLAIR,N,C,NA,C,NA
22 WILLOWDALE AVENUE,07042,MONTCLAIR,N,C,NA,C,NA
22 WALNUT PARKWAY,07042,MONTCLAIR,N,C,NA,C,NA
22 WAYSIDE PLACE,07042,MONTCLAIR,N,C,NA,C,NA
22 YALE TERRACE,07042,MONTCLAIR,N,C,NA,C,NA
22-24 WASHINGTON STREET,07042,MONTCLAIR,N,C,NA,C,NA
22-28 PARK STREET,07043,MONTCLAIR,N,C,NA,C,NA
220 ALEXANDER AVENUE,07043,MONTCLAIR,N,C,NA,C,NA
220 BLOOMFIELD AVENUE,07042,MONTCLAIR,N,C,NA,C,NA
220 CHRISTOPHER STREET,07043,MONTCLAIR,N,C,NA,C,NA
220 FERNWOOD AVENUE,07043,MONTCLAIR,N,C,NA,C,NA
220 GATES AVENUE,07042,MONTCLAIR,N,C,NA,C,NA
220 GROVE STREET,07043,MONTCLAIR,Y,C,NA,L,NA
220 N FULLERTON AVENUE,07042,MONTCLAIR,N,C,NA,C,NA
220 PARK STREET 1ST,07043,MONTCLAIR,N,C,NA,C,NA
220 PARK STREET 2ND,07043,MONTCLAIR,N,C,NA,C,NA
220 VALLEY ROAD,07043,MONTCLAIR,N,C,NA,C,NA
220 WALNUT STREET 1ST,07042,MONTCLAIR,N,C,NA,C,NA
220 WALNUT STREET 2ND,07042,MONTCLAIR,N,C,NA,C,NA
220 WATCHUNG AVENUE,07043,MONTCLAIR,N,C,NA,C,NA
221 BELLEVUE AVENUE,07043,MONTCLAIR,N,C,NA,C,NA
221 CHRISTOPHER STREET,07043,MONTCLAIR,N,C,NA,C,NA
221 FERNWOOD AVENUE,07043,MONTCLAIR,N,C,NA,C,NA
221 GLENRIDGE AVENUE,07042,MONTCLAIR,N,C,NA,C,NA
221 GLENRIDGE AVENUE,07042,MONTCLAIR,Y,C,NA,UX,NA
221 HARRISON AVENUE,07042,MONTCLAIR,N,C,NA,C,NA
221 HIGHLAND AVENUE,07043,MONTCLAIR,N,C,NA,C,NA
221 MIDLAND AVENUE,07042,MONTCLAIR,N,C,NA,C,NA
221 MONTCLAIR AVENUE,07043,MONTCLAIR,N,C,NA,C,NA
221 N MOUNTAIN AVENUE,07042,MONTCLAIR,N,C,NA,C,NA
221 ORANGE ROAD,07042,MONTCLAIR,N,C,NA,C,NA
221 PARK STREET,07043,MONTCLAIR,N,C,NA,C,NA
221 WALNUT STREET,07042,MONTCLAIR,N,C,NA,C,NA
221 WATCHUNG AVENUE,07043,MONTCLAIR,N,C,NA,C,NA
221.5 BELLEVUE AVENUE,07043,MONTCLAIR,N,C,NA,C,NA
222 BLOOMFIELD AVENUE,07042,MONTCLAIR,N,C,NA,C,NA
222 FERNWOOD AVENUE,07043,MONTCLAIR,N,C,NA,C,NA
222 GROVE STREET,07043,MONTCLAIR,N,C,NA,C,NA
222 INWOOD AVENUE,07043,MONTCLAIR,N,C,NA,C,NA
222 N FULLERTON AVENUE 1ST,07042,MONTCLAIR,N,C,NA,C,NA
222 N FULLERTON AVENUE 2ND,07042,MONTCLAIR,N,C,NA,C,NA
222 N MOUNTAIN AVENUE,07042,MONTCLAIR,N,C,NA,C,NA
222 PARK STREET 1ST,07043,MONTCLAIR,N,C,NA,C,NA
222 PARK STREET 2ND,07043,MONTCLAIR,N,C,NA,C,NA
222 UPPER MOUNTAIN AVENUE,07042,MONTCLAIR,N,C,NA,C,NA
222 VALLEY ROAD,07043,MONTCLAIR,N,C,NA,C,NA
222 WALNUT STREET,07042,MONTCLAIR,N,C,NA,C,NA
222 WATCHUNG AVENUE,07043,MONTCLAIR,N,C,NA,C,NA
223 ALEXANDER AVENUE,07043,MONTCLAIR,Y,C,NA,UX,NA
223 GLENRIDGE AVENUE 2ND,07042,MONTCLAIR,N,C,NA,C,NA
223 GLENRIDGE AVENUE 3RD,07042,MONTCLAIR,N,C,NA,C,NA
223 LORRAINE AVENUE,07043,MONTCLAIR,N,C,NA,C,NA
223 MIDLAND AVENUE,07042,MONTCLAIR,N,C,NA,C,NA
223 ORANGE ROAD,07042,MONTCLAIR,N,C,NA,C,NA
223 PARK STREET,07043,MONTCLAIR,N,C,NA,C,NA
223 S MOUNTAIN AVENUE,07042,MONTCLAIR,N,C,NA,C,NA
223 VALLEY ROAD,07043,MONTCLAIR,Y,C,NA,O,BRASS
223 WALNUT STREET 1ST,07042,MONTCLAIR,N,C,NA,C,NA
223 WATCHUNG AVENUE,07043,MONTCLAIR,N,C,NA,C,NA
223.5 WALNUT STREET 2ND,07042,MONTCLAIR,N,C,NA,C,NA
224 ALEXANDER AVENUE,07043,MONTCLAIR,N,C,NA,C,NA
224 BLOOMFIELD AVENUE,07042,MONTCLAIR,N,C,NA,C,NA
224 CHRISTOPHER STREET,07043,MONTCLAIR,N,C,NA,C,NA
224 GATES AVENUE,07042,MONTCLAIR,N,C,NA,C,NA
224 INWOOD AVENUE,07043,MONTCLAIR,N,C,NA,C,NA
224 LORRAINE AVENUE,07043,MONTCLAIR,Y,C,NA,G,NA
224 N FULLERTON AVENUE,07042,MONTCLAIR,N,C,NA,C,NA
224 N MOUNTAIN AVENUE,07042,MONTCLAIR,N,C,NA,C,NA
224 ORANGE ROAD,07042,MONTCLAIR,N,C,NA,C,NA
224 VALLEY ROAD,07043,MONTCLAIR,N,C,NA,C,NA
224 WALNUT STREET,07042,MONTCLAIR,N,C,NA,C,NA
225 BELLEVUE AVENUE,07043,MONTCLAIR,N,C,NA,C,NA
225 BELLEVUE AVENUE,07043,MONTCLAIR,N,C,NA,C,NA
225 GLENRIDGE AVENUE,07042,MONTCLAIR,N,C,NA,C,NA
225 HIGHLAND AVENUE,07043,MONTCLAIR,N,C,NA,C,NA
225 INWOOD AVENUE,07043,MONTCLAIR,N,C,NA,C,NA
225 LORRAINE AVENUE,07043,MONTCLAIR,N,C,NA,C,NA
225 MIDLAND AVENUE,07042,MONTCLAIR,N,C,NA,C,NA
225 N MOUNTAIN AVENUE,07042,MONTCLAIR,N,C,NA,C,NA
225 PARK STREET,07043,MONTCLAIR,N,C,NA,C,NA
225 VALLEY ROAD,07043,MONTCLAIR,N,C,NA,C,NA
225 WALNUT STREET,07042,MONTCLAIR,N,C,NA,C,NA
225 WATCHUNG AVENUE,07043,MONTCLAIR,N,C,NA,C,NA
226 BLOOMFIELD AVENUE,07042,MONTCLAIR,N,C,NA,C,NA
226 HIGHLAND AVENUE,07043,MONTCLAIR,N,C,NA,C,NA
226 INWOOD AVENUE,07043,MONTCLAIR,N,C,NA,C,NA
226 N FULLERTON AVENUE,07042,MONTCLAIR,N,C,NA,C,NA
226 PARK STREET-1ST,07043,MONTCLAIR,N,C,NA,C,NA
226 PARK STREET-2ND,07043,MONTCLAIR,N,C,NA,C,NA
226 S MOUNTAIN AVENUE,07042,MONTCLAIR,N,C,NA,C,NA
226 WALNUT STREET,07042,MONTCLAIR,Y,C,NA,C,NA
227 BELLEVUE AVENUE,07043,MONTCLAIR,N,C,NA,C,NA
227 GLENRIDGE AVENUE,07042,MONTCLAIR,N,C,NA,C,NA
227 GROVE STREET,07043,MONTCLAIR,N,C,NA,C,NA
227 HIGHLAND AVENUE,07043,MONTCLAIR,N,C,NA,C,NA
227 INWOOD AVENUE,07043,MONTCLAIR,N,C,NA,C,NA
227 ORANGE ROAD,07042,MONTCLAIR,N,C,NA,C,NA
227 VALLEY ROAD,07043,MONTCLAIR,N,C,NA,C,NA
227 WATCHUNG AVENUE,07043,MONTCLAIR,N,C,NA,C,NA
228 BLOOMFIELD AVENUE,07042,MONTCLAIR,N,C,NA,C,NA
228 GROVE STREET,07043,MONTCLAIR,N,C,NA,C,NA
228 HIGHLAND AVENUE,07043,MONTCLAIR,N,C,NA,C,NA
228 MIDLAND AVENUE,07042,MONTCLAIR,N,C,NA,C,NA
228 N MOUNTAIN AVENUE,07042,MONTCLAIR,N,C,NA,C,NA
228 ORANGE ROAD,07042,MONTCLAIR,N,C,NA,C,NA
228 PARK STREET 1ST,07043,MONTCLAIR,N,C,NA,C,NA
228 PARK STREET 2ND,07043,MONTCLAIR,Y,C,NA,UX,NA
228 S MOUNTAIN AVENUE,07042,MONTCLAIR,N,C,NA,C,NA
228 VALLEY ROAD,07043,MONTCLAIR,N,C,NA,C,NA
228 WATCHUNG AVENUE,07043,MONTCLAIR,N,C,NA,C,NA
229 GLENRIDGE AVENUE,07042,MONTCLAIR,N,C,NA,C,NA
229 GROVE STREET,07043,MONTCLAIR,N,C,NA,C,NA
229 INWOOD AVENUE,07043,MONTCLAIR,N,C,NA,C,NA
229 MIDLAND AVENUE,07042,MONTCLAIR,N,C,NA,C,NA
229 N MOUNTAIN AVENUE,07042,MONTCLAIR,N,C,NA,C,NA
229 ORANGE ROAD,07042,MONTCLAIR,N,C,NA,C,NA
229 S MOUNTAIN AVENUE,07042,MONTCLAIR,N,C,NA,C,NA
229 UPPER MOUNTAIN AVENUE,07042,MONTCLAIR,Y,C,NA,G,NA
229 WATCHUNG AVENUE,07043,MONTCLAIR,N,C,NA,C,NA
229 WALNUT STREET,07042,MONTCLAIR,N,C,NA,C,NA
23 APPLETON PLACE,07043,MONTCLAIR,N,C,NA,C,NA
23 ALEXANDER AVENUE,07043,MONTCLAIR,Y,C,NA,UX,NA
23 AUBREY ROAD,07043,MONTCLAIR,N,C,NA,C,NA
23 BELLAIRE DRIVE,07042,MONTCLAIR,N,C,NA,C,NA
23 BRAEMORE ROAD,07043,MONTCLAIR,N,C,NA,C,NA
23 BROOKFIELD ROAD,07043,MONTCLAIR,N,C,NA,C,NA
23 BELLEGROVE DRIVE,07043,MONTCLAIR,N,C,NA,C,NA
23 CARLISLE ROAD,07043,MONTCLAIR,N,C,NA,C,NA
23 CARLTON DRIVE,07043,MONTCLAIR,N,C,NA,C,NA
23 CEDAR AVENUE,07042,MONTCLAIR,N,C,NA,C,NA
23 CENTRAL AVENUE 1ST,07042,MONTCLAIR,N,C,NA,C,NA
23 CENTRAL AVENUE 2ND,07042,MONTCLAIR,N,C,NA,C,NA
23 CHARLES STREET,07042,MONTCLAIR,N,C,NA,C,NA
23 CHESTER ROAD,07043,MONTCLAIR,N,C,NA,C,NA
23 CORNELL WAY,07043,MONTCLAIR,N,C,NA,C,NA
23 CRESTMONT ROAD,07044,MONTCLAIR,N,C,NA,C,NA
23 CROSS STREET,07042,MONTCLAIR,N,C,NA,C,NA
23 CAROLIN ROAD,07043,MONTCLAIR,N,C,NA,C,NA
23 CLAIRIDGE COURT,07042,MONTCLAIR,N,C,NA,C,NA
23 CLOVERHILL PLACE,07042,MONTCLAIR,N,C,NA,C,NA
23 COLLEGE AVENUE,07043,MONTCLAIR,N,C,NA,C,NA
23 COLUMBUS AVENUE,07042,MONTCLAIR,N,C,NA,C,NA
23 DODD STREET,07042,MONTCLAIR,N,C,NA,C,NA
23 DURYEA ROAD,07043,MONTCLAIR,N,C,NA,C,NA
23 ENFIELD AVENUE,07042,MONTCLAIR,N,C,NA,C,NA
23 EUCLID PLACE,07042,MONTCLAIR,N,C,NA,C,NA
23 ELMWOOD AVENUE,07042,MONTCLAIR,Y,C,NA,UX,NA
23 FAIRFIELD STREET,07042,MONTCLAIR,N,C,NA,C,NA
23 FAIRMOUNT AVENUE,07043,MONTCLAIR,N,C,NA,C,NA
23 FAIRVIEW PLACE,07043,MONTCLAIR,N,C,NA,C,NA
23 FRANKLIN AVENUE,07042,MONTCLAIR,N,C,NA,C,NA
23 FRANKLIN PLACE,07042,MONTCLAIR,N,C,NA,C,NA
23 FREDERICK STREET,07042,MONTCLAIR,Y,C,NA,C,NA
23 GLENSIDE TERRACE,07043,MONTCLAIR,N,C,NA,C,NA
23 GLENWOOD ROAD,07043,MONTCLAIR,N,C,NA,C,NA
23 GRAY STREET,07042,MONTCLAIR,N,C,NA,C,NA
23 GREENVIEW WAY,07043,MONTCLAIR,N,C,NA,C,NA
23 GRENADA PLACE,07042,MONTCLAIR,N,C,NA,C,NA
23 GLENRIDGE PARKWAY,07042,MONTCLAIR,N,C,NA,C,NA
23 HELLER DRIVE,07043,MONTCLAIR,N,C,NA,C,NA
23 HITCHCOCK PLACE,07042,MONTCLAIR,N,C,NA,C,NA
23 IRVING STREET,07042,MONTCLAIR,N,C,NA,C,NA
23 LINDEN AVENUE,07042,MONTCLAIR,N,C,NA,C,NA
23 MACOPIN AVENUE,07043,MONTCLAIR,N,C,NA,C,NA
23 MARQUETTE ROAD,07043,MONTCLAIR,N,C,NA,C,NA
23 MIDLAND AVENUE,07042,MONTCLAIR,N,C,NA,C,NA
23 MILLER STREET,07042,MONTCLAIR,N,C,NA,C,NA
23 MISSION STREET,07042,MONTCLAIR,N,C,NA,C,NA
23 MONROE PLACE,07042,MONTCLAIR,N,C,NA,C,NA
23 MOUNT VERNON ROAD,07043,MONTCLAIR,N,C,NA,C,NA
23 MARION ROAD,07043,MONTCLAIR,N,C,NA,C,NA
23 N WILLOW STREET,07042,MONTCLAIR,N,C,NA,C,NA
23 NORTHVIEW AVENUE,07043,MONTCLAIR,N,C,NA,C,NA
23 NASSAU ROAD,07043,MONTCLAIR,Y,C,NA,O,BRASS
23 NEW STREET,07042,MONTCLAIR,Y,C,NA,G,NA
23 NORWOOD AVENUE,07043,MONTCLAIR,Y,C,NA,G,NA
23 OXFORD STREET,07042,MONTCLAIR,N,C,NA,C,NA
23 PARK TERRACE,07043,MONTCLAIR,N,C,NA,C,NA
23 PLEASANT WAY 1ST,07042,MONTCLAIR,N,C,NA,C,NA
23 PLEASANT WAY 2ND,07042,MONTCLAIR,N,C,NA,C,NA
23 PORTLAND PLACE,07042,MONTCLAIR,N,C,NA,C,NA
23 PROSPECT TERRACE,07042,MONTCLAIR,N,C,NA,C,NA
23 PRESCOTT AVENUE,07042,MONTCLAIR,N,C,NA,C,NA
23 ROSEDALE AVENUE,07042,MONTCLAIR,N,C,NA,C,NA
23 RIVERVIEW DRIVE,07043,MONTCLAIR,N,C,NA,C,NA
23 S FULLERTON AVENUE,07042,MONTCLAIR,N,C,NA,C,NA
23 S MOUNTAIN AVENUE,07042,MONTCLAIR,N,C,NA,C,NA
23 SAINT LUKES PLACE 1ST,07042,MONTCLAIR,N,C,NA,C,NA
23 SAINT LUKES PLACE 2ND,07042,MONTCLAIR,N,C,NA,C,NA
23 STANFORD PLACE,07042,MONTCLAIR,N,C,NA,C,NA
23 STEPHEN STREET,07042,MONTCLAIR,N,C,NA,C,NA
23 SYLVAN PLACE,07042,MONTCLAIR,N,C,NA,C,NA
23 THE FAIRWAY,07043,MONTCLAIR,N,C,NA,C,NA
23 TICHENOR PLACE,07042,MONTCLAIR,N,C,NA,C,NA
23 VALLEY ROAD,07043,MONTCLAIR,N,C,NA,C,NA
23 VAN BREEMEN COURT,07043,MONTCLAIR,N,C,NA,C,NA
23 VIRGINIA AVENUE,07042,MONTCLAIR,N,C,NA,C,NA
23 WARMAN STREET 1ST,07042,MONTCLAIR,N,C,NA,C,NA
23 WARMAN STREET-2ND,07042,MONTCLAIR,N,C,NA,C,NA
23 WATCHUNG PLAZA,07042,MONTCLAIR,N,C,NA,C,NA
23 WAYSIDE PLACE,07042,MONTCLAIR,N,C,NA,C,NA
23 WELLESLEY ROAD,07043,MONTCLAIR,N,C,NA,C,NA
23 WHEELER STREET,07042,MONTCLAIR,N,C,NA,C,NA
23 WOODMONT ROAD,07043,MONTCLAIR,N,C,NA,C,NA
23 WARD PLACE,07042,MONTCLAIR,N,C,NA,C,NA
23 WINDSOR PLACE,07043,MONTCLAIR,N,C,NA,C,NA
230 BLOOMFIELD AVENUE,07042,MONTCLAIR,N,C,NA,C,NA
230 PARK STREET 1ST,07043,MONTCLAIR,N,C,NA,C,NA
230 PARK STREET 2ND,07043,MONTCLAIR,N,C,NA,C,NA
230 S MOUNTAIN AVENUE,07042,MONTCLAIR,N,C,NA,C,NA
230 VALLEY ROAD,07043,MONTCLAIR,N,C,NA,C,NA
231 CLAREMONT AVENUE,07042,MONTCLAIR,N,C,NA,C,NA
231 GROVE STREET,07043,MONTCLAIR,N,C,NA,C,NA
231 ORANGE ROAD,07042,MONTCLAIR,N,C,NA,C,NA
231 UPPER MOUNTAIN AVENUE,07042,MONTCLAIR,N,C,NA,C,NA
231 WALNUT STREET,07042,MONTCLAIR,N,C,NA,C,NA
231 WATCHUNG AVENUE,07043,MONTCLAIR,N,C,NA,C,NA
232 BLOOMFIELD AVENUE,07042,MONTCLAIR,N,C,NA,C,NA
232 CLAREMONT AVENUE,07042,MONTCLAIR,N,C,NA,C,NA
232 GROVE STREET,07043,MONTCLAIR,N,C,NA,C,NA
232 ORANGE ROAD,07042,MONTCLAIR,Y,C,NA,G,NA
232 PARK STREET 1ST,07043,MONTCLAIR,N,C,NA,C,NA
232 PARK STREET 2ND,07043,MONTCLAIR,Y,C,NA,UX,NA
232 VALLEY ROAD,07043,MONTCLAIR,N,C,NA,C,NA
233 BELLEVUE AVENUE,07043,MONTCLAIR,N,C,NA,C,NA
233 BLOOMFIELD AVENUE,07042,MONTCLAIR,N,C,NA,C,NA
233 GROVE STREET,07043,MONTCLAIR,N,C,NA,C,NA
233 N MOUNTAIN AVENUE,07042,MONTCLAIR,N,C,NA,C,NA
234 CLAREMONT AVENUE,07042,MONTCLAIR,N,C,NA,C,NA
234 PARK STREET 1ST,07043,MONTCLAIR,N,C,NA,C,NA
234 PARK STREET 2ND,07043,MONTCLAIR,N,C,NA,C,NA
234 VALLEY ROAD,07043,MONTCLAIR,Y,C,NA,G,NA
234 WATCHUNG AVENUE,07043,MONTCLAIR,N,C,NA,C,NA
235 CHRISTOPHER STREET,07043,MONTCLAIR,N,C,NA,C,NA
235 CLAREMONT AVENUE,07042,MONTCLAIR,Y,C,NA,UX,NA
235 GROVE STREET,07043,MONTCLAIR,N,C,NA,C,NA
235 MIDLAND AVENUE,07042,MONTCLAIR,N,C,NA,C,NA
235 N FULLERTON AVENUE,07042,MONTCLAIR,Y,C,NA,UX,NA
235A CHRISTOPHER STREET,07043,MONTCLAIR,N,C,NA,C,NA
236 CHRISTOPHER STREET,07043,MONTCLAIR,N,C,NA,C,NA
236 GROVE STREET,07043,MONTCLAIR,N,C,NA,C,NA
236 HIGHLAND AVENUE,07043,MONTCLAIR,N,C,NA,C,NA
236 MIDLAND AVENUE,07042,MONTCLAIR,N,C,NA,C,NA
236 UPPER MOUNTAIN AVENUE,07042,MONTCLAIR,N,C,NA,C,NA
237 CHRISTOPHER STREET,07043,MONTCLAIR,N,C,NA,C,NA
237 GROVE STREET,07043,MONTCLAIR,N,C,NA,C,NA
237 N FULLERTON AVENUE,07042,MONTCLAIR,N,C,NA,C,NA
237 N MOUNTAIN AVENUE,07042,MONTCLAIR,Y,C,NA,UX,NA
237 S MOUNTAIN AVENUE,07042,MONTCLAIR,N,C,NA,C,NA
237 UPPER MOUNTAIN AVENUE,07042,MONTCLAIR,N,C,NA,C,NA
238 CLAREMONT AVENUE,07042,MONTCLAIR,N,C,NA,C,NA
238 CHRISTOPHER STREET,07043,MONTCLAIR,N,C,NA,C,NA
238 GROVE STREET,07043,MONTCLAIR,N,C,NA,C,NA
238 N MOUNTAIN AVENUE,07042,MONTCLAIR,N,C,NA,C,NA
238 PARK STREET 1ST,07043,MONTCLAIR,N,C,NA,C,NA
238 PARK STREET 2ND,07043,MONTCLAIR,N,C,NA,C,NA
238 WATCHUNG AVENUE,07043,MONTCLAIR,N,C,NA,C,NA
239 CLAREMONT AVENUE,07042,MONTCLAIR,N,C,NA,C,NA
239 GROVE STREET,07043,MONTCLAIR,Y,C,NA,G,NA
239 LORRAINE AVENUE,07043,MONTCLAIR,N,C,NA,C,NA
239 MIDLAND AVENUE,07042,MONTCLAIR,N,C,NA,C,NA
239 S MOUNTAIN AVENUE,07042,MONTCLAIR,N,C,NA,C,NA
239 UPPER MOUNTAIN AVENUE,07042,MONTCLAIR,N,C,NA,C,NA
239-249 LORRAINE AVENUE/FIRELINE,07043,MONTCLAIR,N,C,NA,C,NA
24 ALEXANDER AVENUE,07043,MONTCLAIR,N,C,NA,C,NA
24 APPLETON PLACE,07043,MONTCLAIR,N,C,NA,C,NA
24 AUBREY ROAD,07043,MONTCLAIR,N,C,NA,C,NA
24 ALDEN ROAD,07042,MONTCLAIR,N,C,NA,C,NA
24 BROOKFIELD ROAD,07043,MONTCLAIR,N,C,NA,C,NA
24 BRUNSWICK ROAD - KIMBERL,07042,MONTCLAIR,N,C,NA,C,NA
24 BELLAIRE DRIVE,07042,MONTCLAIR,N,C,NA,C,NA
24 CAROLIN ROAD,07043,MONTCLAIR,N,C,NA,C,NA
24 CARTERET STREET,07043,MONTCLAIR,N,C,NA,C,NA
24 CEDAR AVENUE,07042,MONTCLAIR,N,C,NA,C,NA
24 CENTRAL AVENUE,07042,MONTCLAIR,N,C,NA,C,NA
24 CHESTER ROAD,07043,MONTCLAIR,N,C,NA,C,NA
24 CHURCH STREET,07042,MONTCLAIR,N,C,NA,C,NA
24 CHURCH STREET 3E,07042,MONTCLAIR,N,C,NA,C,NA
24 CLAIRIDGE COURT,07042,MONTCLAIR,N,C,NA,C,NA
24 CLEVELAND ROAD,07042,MONTCLAIR,N,C,NA,C,NA
24 CLINTON AVENUE,07042,MONTCLAIR,N,C,NA,C,NA
24 COLUMBUS AVENUE,07042,MONTCLAIR,N,C,NA,C,NA
24 CRESTMONT ROAD,07044,MONTCLAIR,N,C,NA,C,NA
24 CLOVERHILL PLACE,07042,MONTCLAIR,Y,C,NA,UX,NA
24 COLLEGE AVENUE,07043,MONTCLAIR,N,C,NA,C,NA
24 EDGECLIFF ROAD,07043,MONTCLAIR,N,C,NA,C,NA
24 ELM STREET,07042,MONTCLAIR,N,C,NA,C,NA
24 ELMWOOD AVENUE,07042,MONTCLAIR,N,C,NA,C,NA
24 ENFIELD AVENUE,07042,MONTCLAIR,N,C,NA,C,NA
24 ERWIN PARK ROAD,07042,MONTCLAIR,N,C,NA,C,NA
24 EUCLID PLACE,07042,MONTCLAIR,Y,C,NA,G,NA
24 FAIRFIELD STREET,07042,MONTCLAIR,N,C,NA,C,NA
24 FRANKLIN AVENUE,07042,MONTCLAIR,N,C,NA,C,NA
24 FRANKLIN PLACE,07042,MONTCLAIR,N,C,NA,C,NA
24 FREDERICK STREET,07042,MONTCLAIR,N,C,NA,C,NA
24 FREMONT STREET,07042,MONTCLAIR,N,C,NA,C,NA
24 FOREST STREET,07042,MONTCLAIR,N,C,NA,O,PVC
24 FULTON STREET,07042,MONTCLAIR,Y,C,NA,UX,NA
24 GATES AVENUE,07042,MONTCLAIR,N,C,NA,C,NA
24 GEORGE STREET,07042,MONTCLAIR,N,C,NA,C,NA
24 GLENRIDGE PARKWAY,07042,MONTCLAIR,N,C,NA,C,NA
24 GREENVIEW WAY,07043,MONTCLAIR,N,C,NA,C,NA
24 GRENADA PLACE,07042,MONTCLAIR,N,C,NA,C,NA
24 GRENADA PLACE 2ND,07042,MONTCLAIR,N,C,NA,C,NA
24 GRAY STREET,07042,MONTCLAIR,N,C,NA,C,NA
24 HIGHLAND AVENUE,07043,MONTCLAIR,N,C,NA,C,NA
24 HITCHCOCK PLACE,07042,MONTCLAIR,N,C,NA,C,NA
24 HILLSIDE AVENUE,07042,MONTCLAIR,N,C,NA,C,NA
24 LAUREL PLACE,07043,MONTCLAIR,N,C,NA,C,NA
24 LEXINGTON AVENUE,07042,MONTCLAIR,N,C,NA,C,NA
24 LASALLE ROAD,07043,MONTCLAIR,N,C,NA,C,NA
24 MARION ROAD,07043,MONTCLAIR,N,C,NA,C,NA
24 MARQUETTE ROAD,07043,MONTCLAIR,N,C,NA,C,NA
24 MARSTON PLACE,07042,MONTCLAIR,N,C,NA,C,NA
24 MELROSE PLACE,07042,MONTCLAIR,N,C,NA,C,NA
24 MILLER STREET 1ST,07042,MONTCLAIR,N,C,NA,C,NA
24 MILLER STREET-2ND,07042,MONTCLAIR,N,C,NA,C,NA
24 MISSION STREET,07042,MONTCLAIR,N,C,NA,C,NA
24 MONTAGUE PLACE,07042,MONTCLAIR,N,C,NA,C,NA
24 MULFORD LANE,07042,MONTCLAIR,N,C,NA,C,NA
24 MURRAY STREET,07052,MONTCLAIR,N,C,NA,C,NA
24 MOUNT VERNON ROAD,07043,MONTCLAIR,N,C,NA,C,NA
24 N FULLERTON AVENUE,07042,MONTCLAIR,N,C,NA,C,NA
24 N MOUNTAIN AVENUE,07042,MONTCLAIR,Y,C,NA,L,NA
24 N WILLOW STREET,07042,MONTCLAIR,N,C,NA,C,NA
24 NORTHVIEW AVENUE,07043,MONTCLAIR,N,C,NA,C,NA
24 NORWOOD AVENUE,07043,MONTCLAIR,N,C,NA,C,NA
24 NOTTING HILL WAY,07042,MONTCLAIR,N,C,NA,C,NA
24 NASSAU ROAD,07043,MONTCLAIR,Y,C,NA,O,BRASS
24 OAK PLACE 1ST,07042,MONTCLAIR,N,C,NA,C,NA
24 OAK PLACE 2ND,07042,MONTCLAIR,N,C,NA,C,NA
24 OAKCROFT AVENUE,07043,MONTCLAIR,N,C,NA,C,NA
24 ORANGE ROAD,07042,MONTCLAIR,N,C,NA,C,NA
24 OXFORD STREET,07042,MONTCLAIR,N,C,NA,C,NA
24 PIERSON PLACE,07042,MONTCLAIR,N,C,NA,C,NA
24 PORTLAND PLACE,07042,MONTCLAIR,N,C,NA,C,NA
24 PRESCOTT AVENUE,07042,MONTCLAIR,N,C,NA,C,NA
24 PROSPECT AVENUE,07042,MONTCLAIR,N,C,NA,C,NA
24 PROSPECT TERRACE,07042,MONTCLAIR,N,C,NA,C,NA
24 PORTER PLACE,07042,MONTCLAIR,N,C,NA,C,NA
24 RIVERVIEW DRIVE,07043,MONTCLAIR,N,C,NA,C,NA
24 ROSEDALE AVENUE,07042,MONTCLAIR,N,C,NA,C,NA
24 S MOUNTAIN AVENUE,07042,MONTCLAIR,N,C,NA,C,NA
24 STANFORD PLACE,07042,MONTCLAIR,N,C,NA,C,NA
24 STEPHEN STREET,07042,MONTCLAIR,N,C,NA,C,NA
24 TALBOT STREET,07042,MONTCLAIR,N,C,NA,C,NA
24 THE FAIRWAY,07043,MONTCLAIR,N,C,NA,C,NA
24 TICHENOR PLACE,07042,MONTCLAIR,N,C,NA,C,NA
24 TUERS PLACE,07043,MONTCLAIR,N,C,NA,C,NA
24 UPPER MOUNTAIN AVENUE,07042,MONTCLAIR,Y,C,NA,G,NA
24 VAN BREEMEN COURT,07043,MONTCLAIR,N,C,NA,C,NA
24 VERA PLACE,07042,MONTCLAIR,N,C,NA,C,NA
24 VIRGINIA AVENUE,07042,MONTCLAIR,Y,C,NA,L,NA
24 WALNUT PARKWAY,07042,MONTCLAIR,N,C,NA,C,NA
24 WARFIELD STREET,07043,MONTCLAIR,N,C,NA,C,NA
24 WARMAN STREET,07042,MONTCLAIR,N,C,NA,C,NA
24 WATCHUNG AVENUE,07043,MONTCLAIR,N,C,NA,C,NA
24 WHEELER STREET 1ST FL,07042,MONTCLAIR,N,C,NA,C,NA
24 WHEELER STREET 2ND FL,07042,MONTCLAIR,N,C,NA,C,NA
24 WILFRED STREET,07042,MONTCLAIR,N,C,NA,C,NA
24 WILLARD PLACE,07042,MONTCLAIR,N,C,NA,C,NA
24 WILLIAM STREET,07042,MONTCLAIR,N,C,NA,C,NA
24 WILLOWDALE AVENUE,07042,MONTCLAIR,N,C,NA,C,NA
24 WINDEMERE ROAD,07043,MONTCLAIR,N,C,NA,C,NA
24 WOODMONT ROAD,07043,MONTCLAIR,N,C,NA,C,NA
24 WARD PLACE 1ST,07042,MONTCLAIR,N,C,NA,C,NA
24 WARD PLACE 2ND,07042,MONTCLAIR,N,C,NA,C,NA
24 WELLESLEY ROAD,07043,MONTCLAIR,Y,C,NA,G,NA
24 WINDSOR PLACE,07043,MONTCLAIR,N,C,NA,C,NA
24-26 MONROE PLACE,07042,MONTCLAIR,N,C,NA,C,NA
240 CHRISTOPHER STREET,07043,MONTCLAIR,N,C,NA,C,NA
240 CLAREMONT AVENUE,07042,MONTCLAIR,N,C,NA,C,NA
240 GROVE STREET,07043,MONTCLAIR,N,C,NA,C,NA
240 PARK STREET 1ST,07043,MONTCLAIR,N,C,NA,C,NA
240 PARK STREET 2ND,07043,MONTCLAIR,N,C,NA,C,NA
240 S MOUNTAIN AVENUE,07042,MONTCLAIR,N,C,NA,C,NA
241 GROVE STREET,07043,MONTCLAIR,N,C,NA,C,NA
241 LORRAINE AVENUE,07043,MONTCLAIR,N,C,NA,C,NA
241 MIDLAND AVENUE,07042,MONTCLAIR,N,C,NA,C,NA
241 N FULLERTON AVENUE,07042,MONTCLAIR,Y,C,NA,L,NA
241 N MOUNTAIN AVENUE,07042,MONTCLAIR,N,C,NA,C,NA
242 CLAREMONT AVENUE,07042,MONTCLAIR,N,C,NA,C,NA
242 GROVE STREET,07043,MONTCLAIR,Y,C,NA,G,NA
242 MIDLAND AVENUE,07042,MONTCLAIR,N,C,NA,C,NA
242 N FULLERTON AVENUE,07042,MONTCLAIR,N,C,NA,C,NA
242 PARK STREET 2ND,07043,MONTCLAIR,N,C,NA,C,NA
242 PARK STREET-1ST,07043,MONTCLAIR,N,C,NA,C,NA
243 GROVE STREET,07043,MONTCLAIR,Y,C,NA,G,NA
243 HIGHLAND AVENUE,07043,MONTCLAIR,N,C,NA,C,NA
243 N FULLERTON AVENUE,07042,MONTCLAIR,Y,C,NA,G,NA
243 N MOUNTAIN AVENUE,07042,MONTCLAIR,N,C,NA,C,NA
243 ORANGE ROAD,07042,MONTCLAIR,N,C,NA,C,NA
243 VALLEY ROAD,07043,MONTCLAIR,N,C,NA,C,NA
244 CHRISTOPHER STREET,07043,MONTCLAIR,N,C,NA,C,NA
244 CLAREMONT AVENUE,07042,MONTCLAIR,Y,C,NA,G,NA
244 GROVE STREET,07043,MONTCLAIR,N,C,NA,C,NA
244 HIGHLAND AVENUE,07043,MONTCLAIR,N,C,NA,C,NA
244 MIDLAND AVENUE,07042,MONTCLAIR,N,C,NA,C,NA
244 N FULLERTON AVENUE,07042,MONTCLAIR,N,C,NA,C,NA
244 S MOUNTAIN AVENUE,07042,MONTCLAIR,N,C,NA,C,NA
244-246 BELLEVUE AVENUE,07043,MONTCLAIR,N,C,NA,C,NA
245 GROVE STREET,07043,MONTCLAIR,N,C,NA,C,NA
245 MIDLAND AVENUE,07042,MONTCLAIR,N,C,NA,C,NA
245 N FULLERTON AVENUE,07042,MONTCLAIR,N,C,NA,C,NA
245 N MOUNTAIN AVENUE,07042,MONTCLAIR,N,C,NA,C,NA
245 ORANGE ROAD,07042,MONTCLAIR,N,C,NA,C,NA
245 PARK STREET(RAILROAD)WATC,07043,MONTCLAIR,N,C,NA,C,NA
245 S MOUNTAIN AVENUE,07042,MONTCLAIR,N,C,NA,C,NA
245 VALLEY ROAD,07043,MONTCLAIR,N,C,NA,C,NA
246 CHRISTOPHER STREET,07043,MONTCLAIR,N,C,NA,C,NA
246 GROVE STREET,07043,MONTCLAIR,N,C,NA,C,NA
246 N FULLERTON AVENUE,07042,MONTCLAIR,N,C,NA,C,NA
246 S MOUNTAIN AVENUE,07042,MONTCLAIR,N,C,NA,C,NA
246 UPPER MOUNTAIN AVENUE,07042,MONTCLAIR,N,C,NA,C,NA
246 VALLEY ROAD,07043,MONTCLAIR,N,C,NA,C,NA
247 CHRISTOPHER STREET,07043,MONTCLAIR,N,C,NA,C,NA
247 CLAREMONT AVENUE,07042,MONTCLAIR,N,C,NA,C,NA
247 MIDLAND AVENUE,07042,MONTCLAIR,N,C,NA,C,NA
247 N MOUNTAIN AVENUE,07042,MONTCLAIR,N,C,NA,C,NA
247 ORANGE ROAD,07042,MONTCLAIR,N,C,NA,C,NA
248 CHRISTOPHER STREET,07043,MONTCLAIR,N,C,NA,C,NA
248 GROVE STREET,07043,MONTCLAIR,N,C,NA,C,NA
248 MIDLAND AVENUE,07042,MONTCLAIR,N,C,NA,C,NA
248 N FULLERTON AVENUE,07042,MONTCLAIR,N,C,NA,C,NA
248 S MOUNTAIN AVENUE,07042,MONTCLAIR,N,C,NA,C,NA
249 CHRISTOPHER STREET,07043,MONTCLAIR,N,C,NA,C,NA
249 GROVE STREET,07043,MONTCLAIR,N,C,NA,C,NA
249 HIGHLAND AVENUE,07043,MONTCLAIR,N,C,NA,C,NA
249 MIDLAND AVENUE,07042,MONTCLAIR,N,C,NA,C,NA
249 N MOUNTAIN AVENUE,07042,MONTCLAIR,N,C,NA,C,NA
249 ORANGE ROAD,07042,MONTCLAIR,N,C,NA,C,NA
249 VALLEY ROAD,07043,MONTCLAIR,N,C,NA,C,NA
25 APPLETON PLACE 1ST,07043,MONTCLAIR,N,C,NA,C,NA
25 APPLETON PLACE 2ND,07043,MONTCLAIR,N,C,NA,C,NA
25 AUBREY ROAD,07043,MONTCLAIR,N,C,NA,C,NA
25 ALDEN ROAD,07042,MONTCLAIR,N,C,NA,C,NA
25 BELLAIRE DRIVE,07042,MONTCLAIR,N,C,NA,C,NA
25 BRUNSWICK ROAD,07042,MONTCLAIR,N,C,NA,C,NA
25 CARLISLE ROAD,07043,MONTCLAIR,N,C,NA,C,NA
25 CAROLIN ROAD,07043,MONTCLAIR,N,C,NA,C,NA
25 CEDAR AVENUE,07042,MONTCLAIR,N,C,NA,C,NA
25 CENTRAL AVENUE 1ST,07042,MONTCLAIR,N,C,NA,C,NA
25 CENTRAL AVENUE 2ND,07042,MONTCLAIR,N,C,NA,C,NA
25 CLAIRIDGE COURT,07042,MONTCLAIR,N,C,NA,C,NA
25 CLUB ROAD,07043,MONTCLAIR,N,C,NA,C,NA
25 COLUMBUS AVENUE,07042,MONTCLAIR,N,C,NA,C,NA
25 CROSS STREET,07042,MONTCLAIR,N,C,NA,C,NA
25 CLOVERHILL PLACE,07042,MONTCLAIR,N,C,NA,C,NA
25 DODD STREET,07042,MONTCLAIR,N,C,NA,C,NA
25 DURYEA ROAD,07043,MONTCLAIR,N,C,NA,C,NA
25 ELMWOOD AVENUE,07042,MONTCLAIR,N,C,NA,C,NA
25 ELMWOOD AVENUE 2ND,07042,MONTCLAIR,N,C,NA,C,NA
25 ELMWOOD AVENUE-1ST FL LEF,07042,MONTCLAIR,N,C,NA,C,NA
25 ERWIN PARK ROAD,07042,MONTCLAIR,N,C,NA,C,NA
25 EUCLID PLACE,07042,MONTCLAIR,N,C,NA,C,NA
25 ENFIELD AVENUE,07042,MONTCLAIR,N,C,NA,C,NA
25 ESSEX AVENUE,07042,MONTCLAIR,N,C,NA,C,NA
25 FAIRVIEW PLACE,07043,MONTCLAIR,N,C,NA,C,NA
25 FOREST STREET,07042,MONTCLAIR,N,C,NA,C,NA
25 FRANKLIN AVENUE,07042,MONTCLAIR,N,C,NA,C,NA
25 FREDERICK STREET,07042,MONTCLAIR,N,C,NA,C,NA
25 FULTON STREET,07042,MONTCLAIR,N,C,NA,C,NA
25 FAIRFIELD STREET,07042,MONTCLAIR,N,C,NA,C,NA
25 FRANKLIN PLACE,07042,MONTCLAIR,N,C,NA,C,NA
25 GLENRIDGE PARKWAY,07042,MONTCLAIR,N,C,NA,C,NA
25 GLENWOOD ROAD,07043,MONTCLAIR,N,C,NA,C,NA
25 GRAY STREET,07042,MONTCLAIR,N,C,NA,C,NA
25 GREENVIEW WAY,07043,MONTCLAIR,N,C,NA,C,NA
25 GRENADA PLACE 1ST,07042,MONTCLAIR,N,C,NA,C,NA
25 GRENADA PLACE 2ND,07042,MONTCLAIR,N,C,NA,C,NA
25 HARVARD STREET,07042,MONTCLAIR,N,C,NA,C,NA
25 HITCHCOCK PLACE,07042,MONTCLAIR,N,C,NA,C,NA
25 HIGHLAND AVENUE,07043,MONTCLAIR,N,C,NA,C,NA
25 HOWE AVENUE,07042,MONTCLAIR,Y,C,NA,O,BRASS
25 IRVING STREET,07042,MONTCLAIR,N,C,NA,C,NA
25 LASALLE ROAD,07043,MONTCLAIR,N,C,NA,C,NA
25 LINDEN AVENUE,07042,MONTCLAIR,N,C,NA,C,NA
25 LAUREL PLACE,07043,MONTCLAIR,N,C,NA,C,NA
25 MARQUETTE ROAD,07043,MONTCLAIR,N,C,NA,C,NA
25 MELROSE PLACE,07042,MONTCLAIR,N,C,NA,C,NA
25 MIDLAND AVENUE,07042,MONTCLAIR,N,C,NA,C,NA
25 MILLER STREET,07042,MONTCLAIR,N,C,NA,C,NA
25 MISSION STREET,07042,MONTCLAIR,N,C,NA,C,NA
25 MONTAGUE PLACE,07042,MONTCLAIR,N,C,NA,C,NA
25 MONTAGUE PLACE-2ND,07042,MONTCLAIR,N,C,NA,C,NA
25 MONTCLAIR AVENUE,07043,MONTCLAIR,N,C,NA,C,NA
25 MOUNT VERNON ROAD,07043,MONTCLAIR,N,C,NA,C,NA
25 MULFORD LANE,07042,MONTCLAIR,N,C,NA,C,NA
25 MACOPIN AVENUE,07043,MONTCLAIR,N,C,NA,C,NA
25 MADISON AVENUE,07042,MONTCLAIR,Y,C,NA,L,NA
25 MISSION STREET 1ST,07042,MONTCLAIR,N,C,NA,C,NA
25 N FULLERTON AVENUE,07042,MONTCLAIR,N,C,NA,C,NA
25 N MOUNTAIN AVENUE,07042,MONTCLAIR,N,C,NA,C,NA
25 N WILLOW STREET,07042,MONTCLAIR,N,C,NA,C,NA
25 NEW STREET,07042,MONTCLAIR,N,C,NA,C,NA
25 NORMAN ROAD,07043,MONTCLAIR,N,C,NA,C,NA
25 NORTHVIEW AVENUE,07043,MONTCLAIR,N,C,NA,C,NA
25 NASSAU ROAD,07043,MONTCLAIR,N,C,NA,C,NA
25 NORWOOD AVENUE,07043,MONTCLAIR,N,C,NA,C,NA
25 OXFORD STREET,07042,MONTCLAIR,N,C,NA,C,NA
25 PARK STREET,07043,MONTCLAIR,N,C,NA,C,NA
25 PARKWAY,07043,MONTCLAIR,N,C,NA,C,NA
25 PLEASANT AVENUE,07042,MONTCLAIR,N,C,NA,C,NA
25 PLEASANT WAY,07042,MONTCLAIR,N,C,NA,C,NA
25 PRESCOTT AVENUE,07042,MONTCLAIR,N,C,NA,C,NA
25 PLYMOUTH STREET,07042,MONTCLAIR,N,C,NA,C,NA
25 PRINCETON PLACE,07043,MONTCLAIR,N,C,NA,C,NA
25 PROSPECT AVENUE,07042,MONTCLAIR,N,C,NA,C,NA
25 RAMSAY ROAD,07042,MONTCLAIR,N,C,NA,C,NA
25 RIVERVIEW DRIVE,07043,MONTCLAIR,N,C,NA,C,NA
25 S WILLOW STREET,07042,MONTCLAIR,N,C,NA,C,NA
25 SAINT LUKES PLACE,07042,MONTCLAIR,N,C,NA,C,NA
25 STANFORD PLACE,07042,MONTCLAIR,N,C,NA,C,NA
25 STEPHEN STREET,07042,MONTCLAIR,N,C,NA,C,NA
25 TALBOT STREET,07042,MONTCLAIR,N,C,NA,C,NA
25 THE FAIRWAY,07043,MONTCLAIR,N,C,NA,C,NA
25 TICHENOR PLACE,07042,MONTCLAIR,N,C,NA,C,NA
25 TRINITY PLACE,07042,MONTCLAIR,Y,C,NA,UX,NA
25 UPPER MOUNTAIN AVENUE,07042,MONTCLAIR,N,C,NA,C,NA
25 VALLEY ROAD,07043,MONTCLAIR,N,C,NA,C,NA
25 VAN BREEMEN COURT,07043,MONTCLAIR,N,C,NA,C,NA
25 VIRGINIA AVENUE,07042,MONTCLAIR,N,C,NA,C,NA
25 WARD PLACE,07042,MONTCLAIR,N,C,NA,C,NA
25 WARREN PLACE,07042,MONTCLAIR,N,C,NA,C,NA
25 WASHINGTON STREET 1ST,07042,MONTCLAIR,N,C,NA,C,NA
25 WASHINGTON STREET 2ND,07042,MONTCLAIR,N,C,NA,C,NA
25 WATCHUNG PLAZA,07042,MONTCLAIR,N,C,NA,C,NA
25 WILLIAM STREET,07042,MONTCLAIR,N,C,NA,C,NA
25 WARFIELD STREET,07043,MONTCLAIR,N,C,NA,C,NA
25 WARMAN STREET 1ST,07042,MONTCLAIR,Y,C,NA,UX,NA
25 WARMAN STREET 2ND,07042,MONTCLAIR,Y,C,NA,UX,NA
250 BELLEVUE AVENUE,07043,MONTCLAIR,N,C,NA,C,NA
250 CHRISTOPHER STREET,07043,MONTCLAIR,N,C,NA,C,NA
250 GROVE STREET,07043,MONTCLAIR,N,C,NA,C,NA
250 HIGHLAND AVENUE,07043,MONTCLAIR,N,C,NA,C,NA
250 MIDLAND AVENUE,07042,MONTCLAIR,N,C,NA,C,NA
250 N MOUNTAIN AVENUE,07042,MONTCLAIR,N,C,NA,C,NA
250 PARK STREET 2ND,07043,MONTCLAIR,N,C,NA,C,NA
250 UPPER MOUNTAIN AVENUE,07042,MONTCLAIR,N,C,NA,C,NA
251 CLAREMONT AVENUE,07042,MONTCLAIR,N,C,NA,C,NA
251 GROVE STREET,07043,MONTCLAIR,N,C,NA,C,NA
251 N MOUNTAIN AVENUE,07042,MONTCLAIR,N,C,NA,C,NA
251 PARK STREET,07043,MONTCLAIR,N,C,NA,C,NA
251 S MOUNTAIN AVENUE,07042,MONTCLAIR,N,C,NA,C,NA
252 CHRISTOPHER STREET,07043,MONTCLAIR,N,C,NA,C,NA
252 GROVE STREET,07043,MONTCLAIR,N,C,NA,C,NA
252 N FULLERTON AVENUE,07042,MONTCLAIR,N,C,NA,C,NA
252 N MOUNTAIN AVENUE,07042,MONTCLAIR,N,C,NA,C,NA
252 PARK STREET,07043,MONTCLAIR,N,C,NA,C,NA
252 VALLEY ROAD,07043,MONTCLAIR,N,C,NA,C,NA
253 GROVE STREET,07043,MONTCLAIR,Y,C,NA,G,NA
253 HIGHLAND AVENUE,07043,MONTCLAIR,N,C,NA,C,NA
253 MIDLAND AVENUE,07042,MONTCLAIR,N,C,NA,C,NA
253 N FULLERTON AVENUE,07042,MONTCLAIR,N,C,NA,C,NA
253 N MOUNTAIN AVENUE,07042,MONTCLAIR,N,C,NA,C,NA
253 ORANGE ROAD,07042,MONTCLAIR,N,C,NA,C,NA
254 MIDLAND AVENUE,07042,MONTCLAIR,N,C,NA,C,NA
254 N FULLERTON AVENUE,07042,MONTCLAIR,N,C,NA,C,NA
254 N MOUNTAIN AVENUE,07042,MONTCLAIR,N,C,NA,C,NA
254 PARK STREET,07043,MONTCLAIR,N,C,NA,C,NA
255 BELLEVUE AVENUE,07043,MONTCLAIR,N,C,NA,C,NA
255 GROVE STREET,07043,MONTCLAIR,N,C,NA,C,NA
255 ORANGE ROAD,07042,MONTCLAIR,Y,C,NA,L,NA
255 PARK STREET 1ST,07043,MONTCLAIR,N,C,NA,C,NA
255 PARK STREET 2ND FL,07043,MONTCLAIR,N,C,NA,C,NA
256 GROVE STREET,07043,MONTCLAIR,N,C,NA,C,NA
256 N FULLERTON AVENUE,07042,MONTCLAIR,N,C,NA,C,NA
256 N MOUNTAIN AVENUE,07042,MONTCLAIR,N,C,NA,C,NA
256 PARK STREET,07043,MONTCLAIR,N,C,NA,C,NA
256 S MOUNTAIN AVENUE,07042,MONTCLAIR,N,C,NA,C,NA
256 VALLEY ROAD,07043,MONTCLAIR,N,C,NA,C,NA
257 MIDLAND AVENUE,07042,MONTCLAIR,N,C,NA,C,NA
257 N MOUNTAIN AVENUE,07042,MONTCLAIR,N,C,NA,C,NA
257 ORANGE ROAD,07042,MONTCLAIR,N,C,NA,C,NA
257 UPPER MOUNTAIN AVENUE,07042,MONTCLAIR,N,C,NA,C,NA
258 CLAREMONT AVENUE,07042,MONTCLAIR,N,C,NA,C,NA
258 GROVE STREET,07043,MONTCLAIR,N,C,NA,C,NA
258 MIDLAND AVENUE,07042,MONTCLAIR,N,C,NA,C,NA
258 N MOUNTAIN AVENUE,07042,MONTCLAIR,N,C,NA,C,NA
258 PARK STREET,07043,MONTCLAIR,N,C,NA,C,NA
258 VALLEY ROAD,07043,MONTCLAIR,N,C,NA,C,NA
259 CLAREMONT AVENUE,07042,MONTCLAIR,N,C,NA,C,NA
259 HIGHLAND AVENUE,07043,MONTCLAIR,N,C,NA,C,NA
259 LORRAINE AVENUE,07043,MONTCLAIR,N,C,NA,C,NA
259 PARK STREET,07043,MONTCLAIR,N,C,NA,C,NA
259 S MOUNTAIN AVENUE,07042,MONTCLAIR,N,C,NA,C,NA
26 ARDSLEY ROAD,07042,MONTCLAIR,N,C,NA,C,NA
26 AUBREY ROAD,07043,MONTCLAIR,N,C,NA,C,NA
26 BELLAIRE DRIVE,07042,MONTCLAIR,N,C,NA,C,NA
26 BRAEMORE ROAD,07043,MONTCLAIR,N,C,NA,C,NA
26 BROOKFIELD ROAD 1ST,07043,MONTCLAIR,N,C,NA,C,NA
26 BROOKFIELD ROAD 2ND,07043,MONTCLAIR,N,C,NA,C,NA
26 BELL STREET,07042,MONTCLAIR,Y,C,NA,UX,NA
26 CARTERET STREET,07043,MONTCLAIR,N,C,NA,C,NA
26 CHURCH STREET,07042,MONTCLAIR,N,C,NA,C,NA
26 CLUB ROAD,07043,MONTCLAIR,N,C,NA,C,NA
26 COLLEGE AVENUE,07043,MONTCLAIR,N,C,NA,C,NA
26 COLUMBUS AVENUE,07042,MONTCLAIR,N,C,NA,C,NA
26 CROSS STREET,07042,MONTCLAIR,N,C,NA,C,NA
26 CENTRAL AVENUE,07042,MONTCLAIR,N,C,NA,C,NA
26 CLAIRIDGE COURT,07042,MONTCLAIR,N,C,NA,C,NA
26 CLAREMONT AVENUE,07042,MONTCLAIR,N,C,NA,C,NA
26 CLINTON AVENUE,07042,MONTCLAIR,N,C,NA,C,NA
26 CLOVERHILL PLACE,07042,MONTCLAIR,N,C,NA,C,NA
26 CORNELL WAY,07043,MONTCLAIR,N,C,NA,C,NA
26 DODD STREET,07042,MONTCLAIR,N,C,NA,C,NA
26 DRAPER TERRACE,07042,MONTCLAIR,N,C,NA,C,NA
26 ELIZABETH ROAD,07043,MONTCLAIR,N,C,NA,C,NA
26 ELMWOOD AVENUE 1ST,07042,MONTCLAIR,N,C,NA,C,NA
26 ELMWOOD AVENUE-2ND,07042,MONTCLAIR,N,C,NA,C,NA
26 ENFIELD AVENUE,07042,MONTCLAIR,N,C,NA,C,NA
26 EUCLID PLACE,07042,MONTCLAIR,N,C,NA,C,NA
26 FAIRFIELD STREET,07042,MONTCLAIR,N,C,NA,C,NA
26 FOREST STREET,07042,MONTCLAIR,N,C,NA,C,NA
26 FOREST STREET 2ND,07042,MONTCLAIR,N,C,NA,C,NA
26 FREMONT STREET,07042,MONTCLAIR,N,C,NA,C,NA
26 FULTON STREET 1ST,07042,MONTCLAIR,N,C,NA,C,NA
26 FULTON STREET 2ND,07042,MONTCLAIR,N,C,NA,C,NA
26 GRENADA PLACE 1ST,07042,MONTCLAIR,N,C,NA,C,NA
26 GRENADA PLACE 2ND,07042,MONTCLAIR,N,C,NA,C,NA
26 GREENVIEW WAY,07043,MONTCLAIR,N,C,NA,C,NA
26 HARVARD STREET,07042,MONTCLAIR,N,C,NA,C,NA
26 HIGH STREET,07042,MONTCLAIR,N,C,NA,C,NA
26 HITCHCOCK PLACE,07042,MONTCLAIR,N,C,NA,C,NA
26 HOWE AVENUE 1ST,07042,MONTCLAIR,N,C,NA,C,NA
26 HOWE AVENUE 2ND,07042,MONTCLAIR,N,C,NA,C,NA
26 JAMES STREET,07042,MONTCLAIR,N,C,NA,C,NA
26 LAUREL PLACE,07043,MONTCLAIR,N,C,NA,C,NA
26 LEXINGTON AVENUE,07042,MONTCLAIR,N,C,NA,C,NA
26 LINDEN AVENUE,07042,MONTCLAIR,N,C,NA,C,NA
26 LACKAWANNA PLAZA,07042,MONTCLAIR,N,C,NA,C,NA
26 MACOPIN AVENUE,07043,MONTCLAIR,N,C,NA,C,NA
26 MARION ROAD,07043,MONTCLAIR,N,C,NA,C,NA
26 MARQUETTE ROAD,07043,MONTCLAIR,N,C,NA,C,NA
26 MARSTON PLACE,07042,MONTCLAIR,N,C,NA,C,NA
26 MONTAGUE PLACE,07042,MONTCLAIR,N,C,NA,C,NA
26 MONTCLAIR AVENUE,07043,MONTCLAIR,N,C,NA,C,NA
26 MONTCLAIR AVENUE 2ND,07043,MONTCLAIR,N,C,NA,C,NA
26 MULFORD LANE,07042,MONTCLAIR,N,C,NA,C,NA
26 MILLER STREET 1ST,07042,MONTCLAIR,Y,C,NA,UX,NA
26 MILLER STREET 2ND,07042,MONTCLAIR,Y,C,NA,UX,NA
26 MISSION STREET,07042,MONTCLAIR,Y,C,NA,O,Brass
26 N MOUNTAIN AVENUE,07042,MONTCLAIR,N,C,NA,C,NA
26 N WILLOW STREET,07042,MONTCLAIR,N,C,NA,C,NA
26 NASSAU ROAD,07043,MONTCLAIR,N,C,NA,C,NA
26 NISHUANE ROAD,07042,MONTCLAIR,N,C,NA,C,NA
26 NORMAN ROAD,07043,MONTCLAIR,N,C,NA,C,NA
26 NORTHVIEW AVENUE,07043,MONTCLAIR,N,C,NA,C,NA
26 NOTTING HILL WAY,07042,MONTCLAIR,N,C,NA,C,NA
26 OAK PLACE,07042,MONTCLAIR,N,C,NA,C,NA
26 ORANGE ROAD,07042,MONTCLAIR,N,C,NA,C,NA
26 OXFORD STREET,07042,MONTCLAIR,N,C,NA,C,NA
26 PLEASANT AVENUE,07042,MONTCLAIR,N,C,NA,C,NA
26 PRESCOTT AVENUE,07042,MONTCLAIR,N,C,NA,C,NA
26 RIVERVIEW DRIVE,07043,MONTCLAIR,N,C,NA,C,NA
26 STEPHEN STREET,07042,MONTCLAIR,N,C,NA,C,NA
26 SAINT LUKES PLACE,07042,MONTCLAIR,Y,C,NA,UX,NA
26 THE CRESCENT,07042,MONTCLAIR,N,C,NA,C,NA
26 THE FAIRWAY,07043,MONTCLAIR,N,C,NA,C,NA
26 TICHENOR PLACE,07042,MONTCLAIR,N,C,NA,C,NA
26 TUERS PLACE,07043,MONTCLAIR,N,C,NA,C,NA
26 VERA PLACE,07042,MONTCLAIR,N,C,NA,C,NA
26 VIRGINIA AVENUE,07042,MONTCLAIR,N,C,NA,C,NA
26 WALNUT PARKWAY,07042,MONTCLAIR,N,C,NA,C,NA
26 WALNUT STREET 1ST,07042,MONTCLAIR,N,C,NA,C,NA
26 WALNUT STREET 2ND,07042,MONTCLAIR,N,C,NA,C,NA
26 WARREN PLACE,07042,MONTCLAIR,N,C,NA,C,NA
26 WASHINGTON STREET,07042,MONTCLAIR,N,C,NA,C,NA
26 WASHINGTON STREET 1ST RIGH,07042,MONTCLAIR,N,C,NA,C,NA
26 WASHINGTON STREET 2ND RIGH,07042,MONTCLAIR,N,C,NA,C,NA
26 WASHINGTON STREET-1ST,07042,MONTCLAIR,N,C,NA,C,NA
26 WATERBURY ROAD,07043,MONTCLAIR,N,C,NA,C,NA
26 WELLESLEY ROAD,07043,MONTCLAIR,N,C,NA,C,NA
26 WHEELER STREET 1ST,07042,MONTCLAIR,N,C,NA,C,NA
26 WHEELER STREET 2ND,07042,MONTCLAIR,N,C,NA,C,NA
26 WILFRED STREET,07042,MONTCLAIR,N,C,NA,C,NA
26 WILLIAM STREET,07042,MONTCLAIR,N,C,NA,C,NA
26 WILLOWDALE AVENUE,07042,MONTCLAIR,N,C,NA,C,NA
26 WARD PLACE 1ST,07042,MONTCLAIR,Y,C,NA,G,NA
26 WARD PLACE 2ND,07042,MONTCLAIR,Y,C,NA,UX,NA
26-24 WILLIAM STREET,07042,MONTCLAIR,Y,C,NA,UX,NA
26-28 GATES AVENUE,07042,MONTCLAIR,Y,C,NA,UX,NA
260 BELLEVUE AVENUE,07043,MONTCLAIR,N,C,NA,C,NA
260 GROVE STREET,07043,MONTCLAIR,N,C,NA,C,NA
260 HIGHLAND AVENUE,07043,MONTCLAIR,N,C,NA,C,NA
260 N FULLERTON AVENUE,07042,MONTCLAIR,N,C,NA,C,NA
260 PARK STREET 1ST,07043,MONTCLAIR,N,C,NA,C,NA
260 PARK STREET 2ND,07043,MONTCLAIR,N,C,NA,C,NA
260-2 BELLEVUE AVENUE,07043,MONTCLAIR,N,C,NA,C,NA
261 CLAREMONT AVENUE,07042,MONTCLAIR,N,C,NA,C,NA
261 GROVE STREET,07043,MONTCLAIR,N,C,NA,C,NA
261 MIDLAND AVENUE,07042,MONTCLAIR,N,C,NA,C,NA
261 PARK STREET 1ST,07043,MONTCLAIR,N,C,NA,C,NA
261 PARK STREET 2ND,07043,MONTCLAIR,N,C,NA,C,NA
261 UPPER MOUNTAIN AVENUE,07042,MONTCLAIR,N,C,NA,C,NA
262 CLAREMONT AVENUE,07042,MONTCLAIR,N,C,NA,C,NA
262 GROVE STREET,07043,MONTCLAIR,N,C,NA,C,NA
262 N FULLERTON AVENUE,07042,MONTCLAIR,N,C,NA,C,NA
262 N MOUNTAIN AVENUE,07042,MONTCLAIR,N,C,NA,C,NA
262 ORANGE ROAD,07042,MONTCLAIR,N,C,NA,C,NA
262 PARK STREET,07043,MONTCLAIR,N,C,NA,C,NA
262 S MOUNTAIN AVENUE,07042,MONTCLAIR,N,C,NA,C,NA
263 GROVE STREET,07043,MONTCLAIR,N,C,NA,C,NA
263 MIDLAND AVENUE,07042,MONTCLAIR,N,C,NA,C,NA
263 PARK STREET,07043,MONTCLAIR,N,C,NA,C,NA
264 BLOOMFIELD AVENUE,07042,MONTCLAIR,N,C,NA,C,NA
264 CLAREMONT AVENUE,07042,MONTCLAIR,N,C,NA,C,NA
264 MIDLAND AVENUE,07042,MONTCLAIR,N,C,NA,C,NA
264 N MOUNTAIN AVENUE,07042,MONTCLAIR,N,C,NA,C,NA
264 PARK STREET 1ST,07043,MONTCLAIR,N,C,NA,C,NA
264 PARK STREET 2ND,07043,MONTCLAIR,N,C,NA,C,NA
264 UPPER MOUNTAIN AVENUE,07042,MONTCLAIR,N,C,NA,C,NA
265 GROVE STREET,07043,MONTCLAIR,N,C,NA,C,NA
265 HIGHLAND AVENUE,07043,MONTCLAIR,N,C,NA,C,NA
265 MIDLAND AVENUE,07042,MONTCLAIR,Y,C,NA,G,NA
265 PARK STREET 1ST,07043,MONTCLAIR,N,C,NA,C,NA
265 PARK STREET 2ND,07043,MONTCLAIR,N,C,NA,C,NA
266 CLAREMONT AVENUE,07042,MONTCLAIR,N,C,NA,C,NA
266 MIDLAND AVENUE,07042,MONTCLAIR,N,C,NA,C,NA
266 N FULLERTON AVENUE,07042,MONTCLAIR,N,C,NA,C,NA
266 N MOUNTAIN AVENUE,07042,MONTCLAIR,N,C,NA,C,NA
266 ORANGE ROAD,07042,MONTCLAIR,N,C,NA,C,NA
266 PARK STREET-1ST FL,07043,MONTCLAIR,N,C,NA,C,NA
266 PARK STREET-2ND FL,07043,MONTCLAIR,N,C,NA,C,NA
267 GROVE STREET,07043,MONTCLAIR,N,C,NA,C,NA
267 MIDLAND AVENUE,07042,MONTCLAIR,N,C,NA,C,NA
267 PARK STREET,07043,MONTCLAIR,N,C,NA,C,NA
267 UPPER MOUNTAIN AVENUE,07042,MONTCLAIR,N,C,NA,C,NA
268 CLAREMONT AVENUE,07042,MONTCLAIR,N,C,NA,C,NA
268 MIDLAND AVENUE,07042,MONTCLAIR,N,C,NA,C,NA
268 N FULLERTON AVENUE,07042,MONTCLAIR,Y,C,NA,G,NA
268 N MOUNTAIN AVENUE,07042,MONTCLAIR,N,C,NA,C,NA
268 ORANGE ROAD,07042,MONTCLAIR,N,C,NA,C,NA
268 PARK STREET 1ST,07043,MONTCLAIR,N,C,NA,C,NA
268 PARK STREET 2ND,07043,MONTCLAIR,N,C,NA,C,NA
269 GROVE STREET,07043,MONTCLAIR,N,C,NA,C,NA
269 PARK STREET 1ST,07043,MONTCLAIR,N,C,NA,C,NA
269 PARK STREET 2ND,07043,MONTCLAIR,N,C,NA,C,NA
269 UPPER MOUNTAIN AVENUE,07042,MONTCLAIR,N,C,NA,C,NA
27 ALEXANDER AVENUE,07043,MONTCLAIR,N,C,NA,C,NA
27 APPLETON PLACE,07043,MONTCLAIR,N,C,NA,C,NA
27 AUBREY ROAD,07043,MONTCLAIR,N,C,NA,C,NA
27 ARDSLEY ROAD,07042,MONTCLAIR,N,C,NA,C,NA
27 BROOKFIELD ROAD,07043,MONTCLAIR,N,C,NA,C,NA
27 BRAEMORE ROAD,07043,MONTCLAIR,N,C,NA,C,NA
27 CLAIRIDGE COURT,07042,MONTCLAIR,N,C,NA,C,NA
27 CLAREMONT AVENUE,07042,MONTCLAIR,N,C,NA,C,NA
27 CLOVERHILL PLACE,07042,MONTCLAIR,N,C,NA,C,NA
27 COLLEGE AVENUE,07043,MONTCLAIR,N,C,NA,C,NA
27 CORNELL WAY,07043,MONTCLAIR,N,C,NA,C,NA
27 CROSS STREET,07042,MONTCLAIR,N,C,NA,C,NA
27 CAROLIN ROAD,07043,MONTCLAIR,N,C,NA,C,NA
27 COLUMBUS AVENUE,07042,MONTCLAIR,Y,C,NA,L,NA
27 DODD STREET,07042,MONTCLAIR,N,C,NA,C,NA
27 DURYEA ROAD,07043,MONTCLAIR,N,C,NA,C,NA
27 EDGECLIFF ROAD,07043,MONTCLAIR,N,C,NA,C,NA
27 ENFIELD AVENUE,07042,MONTCLAIR,N,C,NA,C,NA
27 ESSEX AVENUE,07042,MONTCLAIR,Y,C,NA,G,NA
27 FAIRFIELD STREET,07042,MONTCLAIR,N,C,NA,C,NA
27 FAIRVIEW PLACE,07043,MONTCLAIR,N,C,NA,C,NA
27 FOREST STREET,07042,MONTCLAIR,N,C,NA,C,NA
27 FRANKLIN AVENUE,07042,MONTCLAIR,N,C,NA,C,NA
27 FRANKLIN PLACE,07042,MONTCLAIR,Y,C,NA,UX,NA
27 GLENRIDGE PKWY,07042,MONTCLAIR,N,C,NA,C,NA
27 GREENVIEW WAY,07043,MONTCLAIR,N,C,NA,C,NA
27 GRENADA PLACE,07042,MONTCLAIR,N,C,NA,C,NA
27 GRANT STREET,07042,MONTCLAIR,N,C,NA,C,NA
27 HARVARD STREET,07042,MONTCLAIR,N,C,NA,C,NA
27 HILLSIDE AVENUE,07042,MONTCLAIR,N,C,NA,C,NA
27 HELLER DRIVE,07043,MONTCLAIR,N,C,NA,C,NA
27 IRVING STREET,07042,MONTCLAIR,N,C,NA,C,NA
27 JAMES STREET,07042,MONTCLAIR,N,C,NA,C,NA
27 LINDEN AVENUE,07042,MONTCLAIR,N,C,NA,C,NA
27 MACOPIN AVENUE,07043,MONTCLAIR,N,C,NA,C,NA
27 MADISON AVENUE,07042,MONTCLAIR,N,C,NA,C,NA
27 MARION ROAD,07043,MONTCLAIR,N,C,NA,C,NA
27 MARQUETTE ROAD,07043,MONTCLAIR,N,C,NA,C,NA
27 MIDLAND AVENUE,07042,MONTCLAIR,N,C,NA,C,NA
27 MILLER STREET,07042,MONTCLAIR,N,C,NA,C,NA
27 MISSION STREET,07042,MONTCLAIR,N,C,NA,C,NA
27 MONTCLAIR AVENUE,07043,MONTCLAIR,N,C,NA,C,NA
27 MULFORD LANE,07042,MONTCLAIR,N,C,NA,C,NA
27 MONROE PLACE,07042,MONTCLAIR,N,C,NA,C,NA
27 N MOUNTAIN AVENUE,07042,MONTCLAIR,N,C,NA,C,NA
27 N WILLOW STREET,07042,MONTCLAIR,N,C,NA,C,NA
27 NASSAU ROAD,07043,MONTCLAIR,N,C,NA,C,NA
27 NEW STREET,07042,MONTCLAIR,N,C,NA,C,NA
27 NISHUANE ROAD,07042,MONTCLAIR,N,C,NA,C,NA
27 NORWOOD AVENUE,07043,MONTCLAIR,N,C,NA,C,NA
27 PARKWAY,07043,MONTCLAIR,N,C,NA,C,NA
27 PLEASANT WAY,07042,MONTCLAIR,N,C,NA,C,NA
27 PRESCOTT AVENUE,07042,MONTCLAIR,N,C,NA,C,NA
27 RIVERVIEW DRIVE,07043,MONTCLAIR,N,C,NA,C,NA
27 ROSEDALE AVENUE,07042,MONTCLAIR,N,C,NA,C,NA
27 STANFORD PLACE,07042,MONTCLAIR,N,C,NA,C,NA
27 STEPHEN STREET,07042,MONTCLAIR,N,C,NA,C,NA
27 SAINT LUKES PLACE,07042,MONTCLAIR,N,C,NA,C,NA
27 THE CRESCENT,07042,MONTCLAIR,N,C,NA,C,NA
27 THE FAIRWAY,07043,MONTCLAIR,N,C,NA,C,NA
27 TUERS PLACE,07043,MONTCLAIR,N,C,NA,C,NA
27 TALBOT STREET,07042,MONTCLAIR,N,C,NA,C,NA
27 UNDERCLIFF ROAD,07042,MONTCLAIR,N,C,NA,C,NA
27 VALLEY ROAD,07043,MONTCLAIR,N,C,NA,C,NA
27 VIRGINIA AVENUE,07042,MONTCLAIR,N,C,NA,C,NA
27 WALNUT STREET,07042,MONTCLAIR,N,C,NA,C,NA
27 WARFIELD STREET,07043,MONTCLAIR,N,C,NA,C,NA
27 WATERBURY ROAD,07043,MONTCLAIR,N,C,NA,C,NA
27 WELLESLEY ROAD,07043,MONTCLAIR,N,C,NA,C,NA
27 WHEELER STREET,07042,MONTCLAIR,N,C,NA,C,NA
27 WILLIAM STREET 1ST,07042,MONTCLAIR,N,C,NA,C,NA
27 WILLIAM STREET 2ND,07042,MONTCLAIR,N,C,NA,C,NA
27 WILLIAM STREET 3RD,07042,MONTCLAIR,N,C,NA,C,NA
27 WARD PLACE,07042,MONTCLAIR,Y,C,NA,G,NA
27 WARMAN STREET,07042,MONTCLAIR,N,C,NA,C,NA
27 WARREN PLACE,07042,MONTCLAIR,Y,C,NA,UX,NA
27 WATCHUNG AVENUE,07043,MONTCLAIR,Y,C,NA,G,NA
270 BELLEVUE AVENUE,07043,MONTCLAIR,N,C,NA,C,NA
270 CLAREMONT AVENUE,07042,MONTCLAIR,N,C,NA,C,NA
270 MIDLAND AVENUE,07042,MONTCLAIR,N,C,NA,C,NA
270 N FULLERTON AVENUE,07042,MONTCLAIR,N,C,NA,C,NA
270 N MOUNTAIN AVENUE,07042,MONTCLAIR,N,C,NA,C,NA
270 UPPER MOUNTAIN AVENUE,07042,MONTCLAIR,N,C,NA,C,NA
271 CLAREMONT AVENUE,07042,MONTCLAIR,N,C,NA,C,NA
271 GROVE STREET,07043,MONTCLAIR,N,C,NA,C,NA
271 MIDLAND AVENUE,07042,MONTCLAIR,N,C,NA,C,NA
271 PARK STREET 1ST,07043,MONTCLAIR,N,C,NA,C,NA
271 PARK STREET 2ND,07043,MONTCLAIR,N,C,NA,C,NA
272 CLAREMONT AVENUE,07042,MONTCLAIR,N,C,NA,C,NA
272 GROVE STREET,07043,MONTCLAIR,N,C,NA,C,NA
272 HIGHLAND AVENUE,07043,MONTCLAIR,N,C,NA,C,NA
272 MIDLAND AVENUE,07042,MONTCLAIR,Y,C,NA,L,NA
272 N FULLERTON AVENUE,07042,MONTCLAIR,N,C,NA,C,NA
272 N MOUNTAIN AVENUE,07042,MONTCLAIR,N,C,NA,C,NA
272 ORANGE ROAD,07042,MONTCLAIR,N,C,NA,C,NA
272 PARK STREET,07043,MONTCLAIR,N,C,NA,C,NA
272 VALLEY WAY,07042,MONTCLAIR,N,C,NA,C,NA
273 PARK STREET,07043,MONTCLAIR,N,C,NA,C,NA
273 UPPER MOUNTAIN AVENUE,07042,MONTCLAIR,N,C,NA,C,NA
273 VALLEY ROAD,07043,MONTCLAIR,Y,C,NA,G,NA
274 GROVE STREET,07043,MONTCLAIR,N,C,NA,C,NA
274 N FULLERTON AVENUE,07042,MONTCLAIR,N,C,NA,C,NA
274 ORANGE ROAD,07042,MONTCLAIR,N,C,NA,C,NA
274 PARK STREET,07043,MONTCLAIR,N,C,NA,C,NA
274 UPPER MOUNTAIN AVENUE,07042,MONTCLAIR,Y,G,NA,C,NA
274 VALLEY WAY,07042,MONTCLAIR,N,C,NA,C,NA
275 CLAREMONT AVENUE,07042,MONTCLAIR,N,C,NA,C,NA
275 GROVE STREET,07043,MONTCLAIR,N,C,NA,C,NA
275 HIGHLAND AVENUE,07043,MONTCLAIR,N,C,NA,C,NA
275 PARK STREET,07043,MONTCLAIR,N,C,NA,C,NA
276 CLAREMONT AVENUE,07042,MONTCLAIR,N,C,NA,C,NA
276 GROVE STREET,07043,MONTCLAIR,N,C,NA,C,NA
276 N0 FULLERTON AVENUE,07042,MONTCLAIR,N,C,NA,C,NA
276 ORANGE ROAD,07042,MONTCLAIR,N,C,NA,C,NA
276 PARK STREET,07043,MONTCLAIR,N,C,NA,C,NA
276 VALLEY WAY,07042,MONTCLAIR,N,C,NA,C,NA
277 GROVE STREET,07043,MONTCLAIR,Y,C,NA,G,NA
277 UPPER MOUNTAIN AVENUE,07042,MONTCLAIR,N,C,NA,C,NA
277 VALLEY ROAD,07043,MONTCLAIR,N,C,NA,C,NA
277 VALLEY WAY,07042,MONTCLAIR,N,C,NA,C,NA
278 N FULLERTON AVENUE,07042,MONTCLAIR,N,C,NA,C,NA
278 PARK STREET,07043,MONTCLAIR,N,C,NA,C,NA
278 VALLEY WAY,07042,MONTCLAIR,N,C,NA,C,NA
279 GROVE STREET,07043,MONTCLAIR,N,C,NA,C,NA
279 ORANGE ROAD,07042,MONTCLAIR,N,C,NA,C,NA
279 PARK STREET,07043,MONTCLAIR,N,C,NA,C,NA
279 VALLEY WAY,07042,MONTCLAIR,N,C,NA,C,NA
28 ARDSLEY ROAD,07042,MONTCLAIR,N,C,NA,C,NA
28 AUBREY ROAD,07043,MONTCLAIR,N,C,NA,C,NA
28 BROOKFIELD ROAD 1ST,07043,MONTCLAIR,N,C,NA,C,NA
28 BROOKFIELD ROAD 2ND,07043,MONTCLAIR,N,C,NA,C,NA
28 BRUCE ROAD,07043,MONTCLAIR,N,C,NA,C,NA
28 CARTERET STREET,07043,MONTCLAIR,N,C,NA,C,NA
28 CLAIRIDGE COURT,07042,MONTCLAIR,N,C,NA,C,NA
28 CLINTON AVENUE,07042,MONTCLAIR,N,C,NA,C,NA
28 COLLEGE AVENUE,07043,MONTCLAIR,N,C,NA,C,NA
28 COLUMBUS AVENUE,07042,MONTCLAIR,N,C,NA,C,NA
28 CAROLIN ROAD,07043,MONTCLAIR,N,C,NA,C,NA
28 CLOVERHILL PLACE,07042,MONTCLAIR,N,C,NA,C,NA
28 EDGECLIFF ROAD,07043,MONTCLAIR,N,C,NA,C,NA
28 ELMWOOD AVENUE,07042,MONTCLAIR,N,C,NA,C,NA
28 ENFIELD AVENUE,07042,MONTCLAIR,N,C,NA,C,NA
28 ESSEX AVENUE -FOR FIELD HOUSE,07042,MONTCLAIR,N,C,NA,C,NA
28 FOREST STREET,07042,MONTCLAIR,N,C,NA,C,NA
28 FRANKLIN AVENUE,07042,MONTCLAIR,N,C,NA,C,NA
28 FREMONT STREET,07042,MONTCLAIR,N,C,NA,C,NA
28 FULTON STREET-1ST,07042,MONTCLAIR,N,C,NA,C,NA
28 FULTON STREET-2ND,07042,MONTCLAIR,N,C,NA,C,NA
28 FREDERICK STREET,07042,MONTCLAIR,Y,C,NA,G,NA
28 GEORGE STREET,07042,MONTCLAIR,N,C,NA,C,NA
28 GRANT STREET,07042,MONTCLAIR,N,C,NA,C,NA
28 GRAY STREET,07042,MONTCLAIR,N,C,NA,C,NA
28 GREENVIEW WAY,07043,MONTCLAIR,N,C,NA,C,NA
28 GRENADA PLACE-1ST,07042,MONTCLAIR,N,C,NA,C,NA
28 GRENADA PLACE-2ND FL,07042,MONTCLAIR,N,C,NA,C,NA
28 GODFREY ROAD,07043,MONTCLAIR,N,C,NA,C,NA
28 HARRISON AVENUE,07042,MONTCLAIR,N,C,NA,C,NA
28 HARVARD STREET,07042,MONTCLAIR,N,C,NA,C,NA
28 HILLSIDE AVENUE,07042,MONTCLAIR,Y,C,NA,L,NA
28 IRVING STREET,07042,MONTCLAIR,N,C,NA,C,NA
28 JAMES STREET,07042,MONTCLAIR,N,C,NA,C,NA
28 LAUREL PLACE,07043,MONTCLAIR,N,C,NA,C,NA
28 LINDEN AVENUE,07042,MONTCLAIR,N,C,NA,C,NA
28 LEXINGTON AVENUE,07042,MONTCLAIR,Y,C,NA,G,NA
28 MACOPIN AVENUE,07043,MONTCLAIR,N,C,NA,C,NA
28 MADISON AVENUE,07042,MONTCLAIR,N,C,NA,C,NA
28 MAPLE AVENUE,07042,MONTCLAIR,N,C,NA,C,NA
28 MARION ROAD,07043,MONTCLAIR,N,C,NA,C,NA
28 MARQUETTE ROAD,07043,MONTCLAIR,N,C,NA,C,NA
28 MELROSE PLACE,07042,MONTCLAIR,N,C,NA,C,NA
28 MONROE PLACE,07042,MONTCLAIR,N,C,NA,C,NA
28 MONTAGUE PLACE,07042,MONTCLAIR,N,C,NA,C,NA
28 MONTCLAIR AVENUE,07043,MONTCLAIR,N,C,NA,C,NA
28 MOUNTAINSIDE PARK TERRACE,07043,MONTCLAIR,N,C,NA,C,NA
28 MISSION STREET,07042,MONTCLAIR,Y,C,NA,L,NA
28 N WILLOW STREET,07042,MONTCLAIR,N,C,NA,C,NA
28 NASSAU ROAD,07043,MONTCLAIR,N,C,NA,C,NA
28 OAK PLACE,07042,MONTCLAIR,N,C,NA,C,NA
28 ORANGE ROAD,07042,MONTCLAIR,N,C,NA,C,NA
28 PARK TERRACE,07043,MONTCLAIR,N,C,NA,C,NA
28 PARKSIDE,07043,MONTCLAIR,N,C,NA,C,NA
28 PORTER PLACE,07042,MONTCLAIR,N,C,NA,C,NA
28 PROSPECT AVENUE,07042,MONTCLAIR,N,C,NA,C,NA
28 PRESCOTT AVENUE,07042,MONTCLAIR,N,C,NA,C,NA
28 RIVERVIEW DRIVE,07043,MONTCLAIR,N,C,NA,C,NA
28 ROSEDALE AVENUE,07042,MONTCLAIR,N,C,NA,C,NA
28 S MOUNTAIN AVENUE,07042,MONTCLAIR,N,C,NA,C,NA
28 STANFORD PLACE,07042,MONTCLAIR,N,C,NA,C,NA
28 STEPHEN STREET,07042,MONTCLAIR,N,C,NA,C,NA
28 THE CRESCENT,07042,MONTCLAIR,N,C,NA,C,NA
28 THE FAIRWAY,07043,MONTCLAIR,N,C,NA,C,NA
28 TICHENOR PLACE,07042,MONTCLAIR,N,C,NA,C,NA
28 TUERS PLACE,07043,MONTCLAIR,N,C,NA,C,NA
28 UNION STREET,07042,MONTCLAIR,N,C,NA,C,NA
28 VIRGINIA AVENUE,07042,MONTCLAIR,Y,UX,NA,C,NA
28 WALNUT PARKWAY,07042,MONTCLAIR,N,C,NA,C,NA
28 WALNUT STREET,07042,MONTCLAIR,N,C,NA,C,NA
28 WASHINGTON STREET,07042,MONTCLAIR,N,C,NA,C,NA
28 WATERBURY ROAD,07043,MONTCLAIR,N,C,NA,C,NA
28 WILLOWDALE AVENUE,07042,MONTCLAIR,N,C,NA,C,NA
28 WINDEMERE ROAD,07043,MONTCLAIR,N,C,NA,C,NA
28 WOODMONT ROAD,07043,MONTCLAIR,N,C,NA,C,NA
28 WALNUT CRESCENT 1ST,07042,MONTCLAIR,N,C,NA,C,NA
28 WALNUT CRESCENT 2ND,07042,MONTCLAIR,N,C,NA,C,NA
28 WARD PLACE 1ST,07042,MONTCLAIR,Y,C,NA,G,NA
28 WARD PLACE 2ND,07042,MONTCLAIR,Y,C,NA,UX,NA
28 WHEELER STREET,07042,MONTCLAIR,N,C,NA,C,NA
280 CLAREMONT AVENUE,07042,MONTCLAIR,N,C,NA,C,NA
280 GROVE STREET,07043,MONTCLAIR,N,C,NA,C,NA
280 HIGHLAND AVENUE,07043,MONTCLAIR,N,C,NA,C,NA
280 N FULLERTON AVENUE,07042,MONTCLAIR,N,C,NA,C,NA
280 N MOUNTAIN AVENUE,07042,MONTCLAIR,N,C,NA,C,NA
280 ORANGE ROAD,07042,MONTCLAIR,N,C,NA,C,NA
280 PARK STREET,07043,MONTCLAIR,N,C,NA,C,NA
280 UPPER MOUNTAIN AVENUE,07042,MONTCLAIR,N,C,NA,C,NA
281 GROVE STREET,07043,MONTCLAIR,N,C,NA,C,NA
281 HIGHLAND AVENUE,07043,MONTCLAIR,N,C,NA,C,NA
281 ORANGE ROAD,07042,MONTCLAIR,N,C,NA,C,NA
281 PARK STREET,07043,MONTCLAIR,N,C,NA,C,NA
281 VALLEY ROAD,07043,MONTCLAIR,N,C,NA,C,NA
282 N FULLERTON AVENUE,07042,MONTCLAIR,N,C,NA,C,NA
282 N MOUNTAIN AVENUE,07042,MONTCLAIR,N,C,NA,C,NA
282 ORANGE ROAD,07042,MONTCLAIR,N,C,NA,C,NA
283 BELLEVUE AVENUE,07043,MONTCLAIR,N,C,NA,C,NA
283 ORANGE ROAD,07042,MONTCLAIR,N,C,NA,C,NA
283 UPPER MOUNTAIN AVENUE,07042,MONTCLAIR,N,C,NA,C,NA
283 VALLEY ROAD,07043,MONTCLAIR,N,C,NA,C,NA
284 BELLEVUE AVENUE,07043,MONTCLAIR,N,C,NA,C,NA
284 GROVE STREET,07043,MONTCLAIR,Y,C,NA,UX,NA
284 HIGHLAND AVENUE,07043,MONTCLAIR,N,C,NA,C,NA
284 N FULLERTON AVENUE,07042,MONTCLAIR,N,C,NA,C,NA
284 PARK STREET,07043,MONTCLAIR,N,C,NA,C,NA
284 UPPER MOUNTAIN AVENUE,07042,MONTCLAIR,Y,C,NA,L,NA
285 CLAREMONT AVENUE,07042,MONTCLAIR,Y,C,NA,UX,NA
285 GROVE STREET,07043,MONTCLAIR,N,C,NA,C,NA
285 ORANGE ROAD,07042,MONTCLAIR,N,C,NA,C,NA
285 VALLEY ROAD,07043,MONTCLAIR,N,C,NA,C,NA
286 GROVE STREET,07043,MONTCLAIR,Y,C,NA,G,NA
286 N MOUNTAIN AVENUE,07042,MONTCLAIR,N,C,NA,C,NA
286 ORANGE ROAD,07042,MONTCLAIR,Y,C,NA,G,NA
286 PARK STREET,07043,MONTCLAIR,N,C,NA,C,NA
287 CLAREMONT AVENUE,07042,MONTCLAIR,Y,C,NA,UX,NA
287 HIGHLAND AVENUE,07043,MONTCLAIR,N,C,NA,C,NA
287 N MOUNTAIN AVENUE,07042,MONTCLAIR,N,C,NA,C,NA
287 ORANGE ROAD,07042,MONTCLAIR,N,C,NA,C,NA
287 UPPER MOUNTAIN AVENUE,07042,MONTCLAIR,N,C,NA,C,NA
288 BELLEVUE AVENUE,07043,MONTCLAIR,N,C,NA,C,NA
288 CLAREMONT AVENUE,07042,MONTCLAIR,N,C,NA,C,NA
288 GROVE STREET,07043,MONTCLAIR,N,C,NA,C,NA
288 N MOUNTAIN AVENUE,07042,MONTCLAIR,N,C,NA,C,NA
288 ORANGE ROAD,07042,MONTCLAIR,N,C,NA,C,NA
288 UPPER MOUNTAIN AVENUE,07042,MONTCLAIR,Y,UX,NA,C,NA
289 CLAREMONT AVENUE,07042,MONTCLAIR,N,C,NA,C,NA
289 GROVE STREET,07043,MONTCLAIR,N,C,NA,C,NA
289 ORANGE ROAD,07042,MONTCLAIR,N,C,NA,C,NA
289 PARK STREET,07043,MONTCLAIR,N,C,NA,C,NA
29 APPLETON PLACE,07043,MONTCLAIR,N,C,NA,C,NA
29 AFTERGLOW WAY,07044,MONTCLAIR,N,C,NA,C,NA
29 ARDSLEY ROAD,07042,MONTCLAIR,Y,C,NA,UX,NA
29 AUBREY ROAD,07043,MONTCLAIR,N,C,NA,C,NA
29 BROOKFIELD ROAD,07043,MONTCLAIR,N,C,NA,C,NA
29 BRUNSWICK ROAD,07042,MONTCLAIR,N,C,NA,C,NA
29 CAROLIN ROAD,07043,MONTCLAIR,N,C,NA,C,NA
29 CLAIRIDGE COURT,07042,MONTCLAIR,N,C,NA,C,NA
29 CLAREMONT AVENUE,07042,MONTCLAIR,N,C,NA,C,NA
29 CLOVERHILL PLACE,07042,MONTCLAIR,N,C,NA,C,NA
29 CEDAR AVENUE,07042,MONTCLAIR,Y,C,NA,C,NA
29 CENTRAL AVENUE 1ST,07042,MONTCLAIR,Y,C,NA,UX,NA
29 CENTRAL AVENUE 2ND,07042,MONTCLAIR,Y,C,NA,UX,NA
29 COLLEGE AVENUE,07043,MONTCLAIR,N,C,NA,C,NA
29 COLUMBUS AVENUE,07042,MONTCLAIR,N,C,NA,C,NA
29 CROSS STREET,07042,MONTCLAIR,Y,C,NA,G,NA
29 DODD STREET,07042,MONTCLAIR,N,C,NA,C,NA
29 DRAPER TERRACE,07042,MONTCLAIR,N,C,NA,C,NA
29 ELMWOOD AVENUE 1ST,07042,MONTCLAIR,N,C,NA,C,NA
29 ELMWOOD AVENUE 2ND,07042,MONTCLAIR,N,C,NA,C,NA
29 ENFIELD AVENUE,07042,MONTCLAIR,N,C,NA,C,NA
29 ESSEX AVENUE,07042,MONTCLAIR,N,C,NA,C,NA
29 EAGLE ROCK WAY,07042,MONTCLAIR,Y,C,NA,L,NA
29 EDGEWOOD ROAD,07042,MONTCLAIR,Y,UX,NA,C,NA
29 ERWIN PARK ROAD,07042,MONTCLAIR,Y,C,NA,UX,NA
29 FAIRVIEW PLACE,07043,MONTCLAIR,N,C,NA,C,NA
29 FOREST STREET,07042,MONTCLAIR,N,C,NA,C,NA
29 FAIRFIELD STREET,07042,MONTCLAIR,N,C,NA,C,NA
29 FRANKLIN PLACE,07042,MONTCLAIR,N,C,NA,C,NA
29 FREDERICK STREET,07042,MONTCLAIR,N,C,NA,C,NA
29 GLENRIDGE PARKWAY,07042,MONTCLAIR,N,C,NA,C,NA
29 GRANT STREET,07042,MONTCLAIR,N,C,NA,C,NA
29 GRAY STREET,07042,MONTCLAIR,N,C,NA,C,NA
29 GRENADA PLACE,07042,MONTCLAIR,N,C,NA,C,NA
29 GREENVIEW WAY,07043,MONTCLAIR,N,C,NA,C,NA
29 HARRISON AVENUE,07042,MONTCLAIR,N,C,NA,C,NA
29 HIGHLAND AVENUE,07043,MONTCLAIR,N,C,NA,C,NA
29 HOWE AVENUE,07042,MONTCLAIR,N,C,NA,C,NA
29 HIGH STREET,07042,MONTCLAIR,N,C,NA,C,NA
29 JAMES STREET,07042,MONTCLAIR,Y,C,NA,UX,NA
29 LAUREL PLACE,07043,MONTCLAIR,N,C,NA,C,NA
29 LLOYD ROAD,07042,MONTCLAIR,N,C,NA,C,NA
29 MACOPIN AVENUE,07043,MONTCLAIR,N,C,NA,C,NA
29 MELROSE PLACE,07042,MONTCLAIR,N,C,NA,C,NA
29 MIDLAND AVENUE,07042,MONTCLAIR,N,C,NA,C,NA
29 MISSION STREET 1ST,07042,MONTCLAIR,N,C,NA,C,NA
29 MISSION STREET 2ND FL,07042,MONTCLAIR,N,C,NA,C,NA
29 MONTAGUE PLACE,07042,MONTCLAIR,N,C,NA,C,NA
29 MONTCLAIR AVENUE,07043,MONTCLAIR,N,C,NA,C,NA
29 MULFORD LANE,07042,MONTCLAIR,N,C,NA,C,NA
29 MARQUETTE ROAD,07043,MONTCLAIR,N,C,NA,C,NA
29 N FULLERTON AVENUE,07042,MONTCLAIR,N,C,NA,C,NA
29 NORWOOD AVENUE,07043,MONTCLAIR,N,C,NA,C,NA
29 NASSAU ROAD,07043,MONTCLAIR,N,C,NA,C,NA
29 NORTHVIEW AVENUE,07043,MONTCLAIR,N,C,NA,C,NA
29 OXFORD STREET,07042,MONTCLAIR,N,C,NA,C,NA
29 PARK STREET,07043,MONTCLAIR,N,C,NA,C,NA
29 PLEASANT WAY,07042,MONTCLAIR,N,C,NA,C,NA
29 PRESCOTT AVENUE,07042,MONTCLAIR,N,C,NA,C,NA
29 RIVERVIEW DRIVE,07043,MONTCLAIR,N,C,NA,C,NA
29 S MOUNTAIN AVENUE,07042,MONTCLAIR,N,C,NA,C,NA
29 S WILLOW STREET-#1,07042,MONTCLAIR,N,C,NA,C,NA
29 S WILLOW STREET-#2,07042,MONTCLAIR,N,C,NA,C,NA
29 STANFORD PLACE,07042,MONTCLAIR,N,C,NA,C,NA
29 STEPHEN STREET,07042,MONTCLAIR,N,C,NA,C,NA
29 THE CRESCENT,07042,MONTCLAIR,N,C,NA,C,NA
29 TUERS PLACE,07043,MONTCLAIR,N,C,NA,C,NA
29 THE FAIRWAY,07043,MONTCLAIR,N,C,NA,C,NA
29 UNION STREET,07042,MONTCLAIR,N,C,NA,C,NA
29 VALLEY ROAD,07043,MONTCLAIR,N,C,NA,C,NA
29 VIRGINIA AVENUE,07042,MONTCLAIR,N,C,NA,C,NA
29 WARD PLACE,07042,MONTCLAIR,N,C,NA,C,NA
29 WARFIELD STREET,07043,MONTCLAIR,N,C,NA,C,NA
29 WARMAN STREET 1ST,07042,MONTCLAIR,N,C,NA,C,NA
29 WARMAN STREET 2ND,07042,MONTCLAIR,N,C,NA,C,NA
29 WARREN PLACE,07042,MONTCLAIR,N,C,NA,C,NA
29 WASHINGTON STREET,07042,MONTCLAIR,N,C,NA,C,NA
29 WATCHUNG PLAZA,07042,MONTCLAIR,N,C,NA,C,NA
29 WATERBURY ROAD,07043,MONTCLAIR,N,C,NA,C,NA
29 WAYSIDE PLACE,07042,MONTCLAIR,N,C,NA,C,NA
29 WHEELER STREET,07042,MONTCLAIR,N,C,NA,C,NA
29 WINDEMERE ROAD,07043,MONTCLAIR,N,C,NA,C,NA
29 WALNUT STREET,07042,MONTCLAIR,Y,C,NA,UX,NA
29 WOODLAND AVENUE,07042,MONTCLAIR,Y,C,NA,UX,NA
29-31 GLENRIDGE AVENUE,07042,MONTCLAIR,N,C,NA,C,NA
29-A NEW STREET,07042,MONTCLAIR,N,C,NA,C,NA
29-B N WILLOW STREET,07042,MONTCLAIR,N,C,NA,C,NA
290 CLAREMONT AVENUE,07042,MONTCLAIR,N,C,NA,C,NA
290 GROVE STREET,07043,MONTCLAIR,Y,C,NA,L,NA
290 HIGHLAND AVENUE,07043,MONTCLAIR,N,C,NA,C,NA
290 N MOUNTAIN AVENUE,07042,MONTCLAIR,N,C,NA,C,NA
290 PARK STREET,07043,MONTCLAIR,Y,L,NA,UX,NA
290-292 BLOOMFIELD AVENUE,07042,MONTCLAIR,N,C,NA,C,NA
290A HIGHLAND AVENUE/14 BRADFOROAD,07043,MONTCLAIR,N,C,NA,C,NA
291 CLAREMONT AVENUE,07042,MONTCLAIR,N,C,NA,C,NA
291 GROVE STREET,07043,MONTCLAIR,N,C,NA,C,NA
291 ORANGE ROAD,07042,MONTCLAIR,N,C,NA,C,NA
292 CLAREMONT AVENUE,07042,MONTCLAIR,N,C,NA,C,NA
292 GROVE STREET,07043,MONTCLAIR,N,C,NA,C,NA
292 ORANGE ROAD,07042,MONTCLAIR,N,C,NA,C,NA
293 CLAREMONT AVENUE,07042,MONTCLAIR,N,C,NA,C,NA
293 N MOUNTAIN AVENUE,07042,MONTCLAIR,Y,C,NA,L,NA
293 ORANGE ROAD,07042,MONTCLAIR,Y,C,NA,UX,NA
293 PARK STREET,07043,MONTCLAIR,N,C,NA,C,NA
293 UPPER MOUNTAIN AVENUE,07042,MONTCLAIR,N,C,NA,C,NA
293 VALLEY ROAD,07043,MONTCLAIR,N,C,NA,C,NA
294 BLOOMFIELD AVENUE,07042,MONTCLAIR,N,C,NA,C,NA
294 CLAREMONT AVENUE,07042,MONTCLAIR,N,C,NA,C,NA
294 GROVE STREET,07043,MONTCLAIR,Y,C,NA,UX,NA
294 HIGHLAND AVENUE,07043,MONTCLAIR,N,C,NA,C,NA
294 N MOUNTAIN AVENUE,07042,MONTCLAIR,N,C,NA,C,NA
294 PARK STREET,07043,MONTCLAIR,N,C,NA,C,NA
295 CLAREMONT AVENUE,07042,MONTCLAIR,N,C,NA,C,NA
295 HIGHLAND AVENUE,07043,MONTCLAIR,N,C,NA,C,NA
295 N MOUNTAIN AVENUE,07042,MONTCLAIR,N,C,NA,C,NA
295 ORANGE ROAD,07042,MONTCLAIR,N,C,NA,C,NA
295-301 BLOOMFIELD AVENUE,07042,MONTCLAIR,N,C,NA,C,NA
296 CLAREMONT AVENUE,07042,MONTCLAIR,N,C,NA,C,NA
296 GROVE STREET,07043,MONTCLAIR,N,C,NA,C,NA
296 N MOUNTAIN AVENUE,07042,MONTCLAIR,N,C,NA,C,NA
296 PARK STREET,07043,MONTCLAIR,N,C,NA,C,NA
297 N MOUNTAIN AVENUE,07042,MONTCLAIR,N,C,NA,C,NA
297 ORANGE ROAD,07042,MONTCLAIR,N,C,NA,C,NA
297 PARK STREET,07043,MONTCLAIR,N,C,NA,C,NA
297 UPPER MOUNTAIN AVENUE,07042,MONTCLAIR,N,C,NA,C,NA
298 CLAREMONT AVENUE,07042,MONTCLAIR,N,C,NA,C,NA
298 GROVE STREET,07043,MONTCLAIR,N,C,NA,C,NA
298 N MOUNTAIN AVENUE,07042,MONTCLAIR,N,C,NA,C,NA
298 PARK STREET,07043,MONTCLAIR,N,C,NA,C,NA
299 GROVE STREET,07043,MONTCLAIR,N,C,NA,C,NA
299 N MOUNTAIN AVENUE,07042,MONTCLAIR,N,C,NA,C,NA
299 ORANGE ROAD,07042,MONTCLAIR,N,C,NA,C,NA
299 PARK STREET,07043,MONTCLAIR,N,C,NA,C,NA
299-A ORANGE ROAD,07042,MONTCLAIR,N,C,NA,C,NA
29A & 29B TALBOT STREET,07042,MONTCLAIR,N,C,NA,C,NA
29A N WILLOW STREET,07042,MONTCLAIR,N,C,NA,C,NA
3 AMHERST PLACE,07043,MONTCLAIR,N,C,NA,C,NA
3 ARGYLE ROAD,07043,MONTCLAIR,N,C,NA,C,NA
3 BELLAIRE DRIVE,07042,MONTCLAIR,N,C,NA,C,NA
3 BELLEGROVE DRIVE,07043,MONTCLAIR,N,C,NA,C,NA
3 BELLEVUE AVENUE,07043,MONTCLAIR,N,C,NA,C,NA
3 BELVIDERE PLACE,07042,MONTCLAIR,N,C,NA,C,NA
3 BERKELEY PLACE,07042,MONTCLAIR,N,C,NA,C,NA
3 BRIAR HILL ROAD,07042,MONTCLAIR,N,C,NA,C,NA
3 BROOKLAWN ROAD,07042,MONTCLAIR,N,C,NA,C,NA
3 BRUNSWICK ROAD,07042,MONTCLAIR,N,C,NA,C,NA
3 BRAEMORE ROAD,07043,MONTCLAIR,N,C,NA,C,NA
3 CANTERBURY DRIVE,07042,MONTCLAIR,N,C,NA,C,NA
3 CAROLIN ROAD,07043,MONTCLAIR,N,C,NA,C,NA
3 CARRIAGE WAY,07042,MONTCLAIR,N,C,NA,C,NA
3 CHARLES STREET,07042,MONTCLAIR,N,C,NA,C,NA
3 CHESTER ROAD,07043,MONTCLAIR,N,C,NA,C,NA
3 CHRISTOPHER COURT,07042,MONTCLAIR,N,C,NA,C,NA
3 CLAIRIDGE COURT,07042,MONTCLAIR,N,C,NA,C,NA
3 CLOVERHILL PLACE,07042,MONTCLAIR,N,C,NA,C,NA
3 CAREY COURT,07042,MONTCLAIR,N,C,NA,C,NA
3 CHAMPLAIN TERRACE,07042,MONTCLAIR,N,C,NA,C,NA
3 CLAREMONT PLACE,07042,MONTCLAIR,Y,C,NA,UX,NA
3 COLUMBUS AVENUE,07042,MONTCLAIR,N,C,NA,C,NA
3 DODD STREET,07042,MONTCLAIR,N,C,NA,C,NA
3 DURYEA ROAD,07043,MONTCLAIR,N,C,NA,C,NA
3 EAGLE ROCK WAY,07042,MONTCLAIR,N,C,NA,C,NA
3 EMERSON PLACE,07043,MONTCLAIR,N,C,NA,C,NA
3 ERWIN PARK ROAD,07042,MONTCLAIR,N,C,NA,C,NA
3 ELIZABETH ROAD,07043,MONTCLAIR,N,C,NA,C,NA
3 FERNCLIFF TERRACE,07042,MONTCLAIR,N,C,NA,C,NA
3 GLENRIDGE PARKWAY,07042,MONTCLAIR,N,C,NA,C,NA
3 GLENSIDE TERRACE,07043,MONTCLAIR,N,C,NA,C,NA
3 GODFREY ROAD,07043,MONTCLAIR,N,C,NA,C,NA
3 GARFIELD PLACE,07043,MONTCLAIR,N,C,NA,C,NA
3 GREENVIEW WAY,07043,MONTCLAIR,N,C,NA,C,NA
3 HARVARD STREET,07042,MONTCLAIR,N,C,NA,C,NA
3 HAWTHORNE PLACE,07042,MONTCLAIR,N,C,NA,C,NA
3 HOLLYWOOD AVENUE,07042,MONTCLAIR,N,C,NA,C,NA
3 HIGHLAND TERRACE,07043,MONTCLAIR,N,C,NA,C,NA
3 HILLTOP PLACE,07042,MONTCLAIR,N,C,NA,C,NA
3 INWOOD TERRACE,07043,MONTCLAIR,N,C,NA,C,NA
3 JEFFERSON PLACE,07042,MONTCLAIR,N,C,NA,C,NA
3 KENNETH ROAD,07043,MONTCLAIR,N,C,NA,C,NA
3 KIPS RIDGE,07044,MONTCLAIR,N,C,NA,C,NA
3 LANSING PLACE,07043,MONTCLAIR,N,C,NA,C,NA
3 LASALLE ROAD,07043,MONTCLAIR,N,C,NA,C,NA
3 LEWIS COURT,07042,MONTCLAIR,N,C,NA,C,NA
3 LINDEN AVENUE,07042,MONTCLAIR,Y,C,NA,O,BRASS
3 MACOPIN AVENUE,07043,MONTCLAIR,N,C,NA,C,NA
3 MADISON AVENUE,07042,MONTCLAIR,N,C,NA,C,NA
3 MANOR COURT,07042,MONTCLAIR,N,C,NA,C,NA
3 MARQUETTE ROAD,07043,MONTCLAIR,N,C,NA,C,NA
3 MIDLAND AVENUE 1ST,07042,MONTCLAIR,N,C,NA,C,NA
3 MONTCLAIR AVENUE,07043,MONTCLAIR,N,C,NA,C,NA
3 MOUNT VERNON ROAD,07043,MONTCLAIR,N,C,NA,C,NA
3 MOUNTAIN PLACE,07043,MONTCLAIR,N,C,NA,C,NA
3 N BROOKWOOD DRIVE,07042,MONTCLAIR,Y,C,NA,UX,NA
3 N WILLOW STREET,07042,MONTCLAIR,Y,C,NA,UX,NA
3 NASSAU ROAD,07043,MONTCLAIR,N,C,NA,C,NA
3 OAK STREET,07042,MONTCLAIR,N,C,NA,C,NA
3 ORCHARD COURT,07042,MONTCLAIR,N,C,NA,C,NA
3 PIERSON PLACE,07042,MONTCLAIR,N,C,NA,C,NA
3 PLEASANT AVENUE,07042,MONTCLAIR,N,C,NA,C,NA
3 PRINCETON PLACE,07043,MONTCLAIR,N,C,NA,C,NA
3 PARK TERRACE,07043,MONTCLAIR,N,C,NA,C,NA
3 PARKWAY,07043,MONTCLAIR,N,C,NA,C,NA
3 PROSPECT AVENUE,07042,MONTCLAIR,N,C,NA,C,NA
3 RUSSELL TERRACE,07042,MONTCLAIR,N,C,NA,C,NA
3 RUTGERS PLACE,07043,MONTCLAIR,N,C,NA,C,NA
3 RYDAL PLACE,07042,MONTCLAIR,N,C,NA,C,NA
3 RYDAL PLACE 2ND,07042,MONTCLAIR,N,C,NA,C,NA
3 RIVERVIEW DRIVE W,07043,MONTCLAIR,N,C,NA,C,NA
3 S BROOKWOOD DRIVE,07042,MONTCLAIR,N,C,NA,C,NA
3 S MOUNTAIN AVENUE,07042,MONTCLAIR,N,C,NA,C,NA
3 S MOUNTAIN TERRACE,07042,MONTCLAIR,N,C,NA,C,NA
3 S MOUNTAIN AVENUE,07042,MONTCLAIR,N,C,NA,C,NA
3 SENECA PLACE,07043,MONTCLAIR,N,C,NA,C,NA
3 STONEBRIDGE COURT,07042,MONTCLAIR,N,C,NA,C,NA
3 SUTHERLAND ROAD,07042,MONTCLAIR,N,C,NA,C,NA
3 THE FAIRWAY,07043,MONTCLAIR,N,C,NA,C,NA
3 UPPER MOUNTAIN AVENUE,07042,MONTCLAIR,N,C,NA,C,NA
3 VALLEY PLACE,07043,MONTCLAIR,N,C,NA,C,NA
3 VINCENT PLACE,07042,MONTCLAIR,N,C,NA,C,NA
3 VIRGINIA AVENUE,07042,MONTCLAIR,N,C,NA,C,NA
3 WENDOVER ROAD,07042,MONTCLAIR,N,C,NA,C,NA
3 WILLOWDALE COURT,07042,MONTCLAIR,N,C,NA,C,NA
3 WINDEMERE ROAD,07043,MONTCLAIR,N,C,NA,C,NA
3 WOODLAND AVENUE 1ST,07042,MONTCLAIR,N,C,NA,C,NA
3 WOODLAND AVENUE 2ND,07042,MONTCLAIR,N,C,NA,C,NA
3 WOODMONT ROAD,07043,MONTCLAIR,N,C,NA,C,NA
3 WELLESLEY ROAD,07043,MONTCLAIR,Y,C,NA,G,NA
3 WILFRED STREET,07042,MONTCLAIR,N,C,NA,C,NA
3 WILLIAM STREET,07042,MONTCLAIR,N,C,NA,C,NA
3 WINDSOR PLACE,07043,MONTCLAIR,N,C,NA,C,NA
3 YALE TERRACE,07042,MONTCLAIR,N,C,NA,C,NA
30 AUBREY ROAD,07043,MONTCLAIR,Y,C,NA,L,NA
30 BRADFORD AVENUE,07043,MONTCLAIR,N,C,NA,C,NA
30 BROOKFIELD ROAD,07043,MONTCLAIR,N,C,NA,C,NA
30 BRUCE ROAD,07043,MONTCLAIR,N,C,NA,C,NA
30 BELLAIRE DRIVE,07042,MONTCLAIR,Y,C,NA,UX,NA
30 CAROLIN ROAD,07043,MONTCLAIR,N,C,NA,C,NA
30 CENTRAL AVENUE,07042,MONTCLAIR,N,C,NA,C,NA
30 CLAREMONT AVENUE,07042,MONTCLAIR,N,C,NA,C,NA
30 CLINTON AVENUE,07042,MONTCLAIR,N,C,NA,C,NA
30 CLUB ROAD,07043,MONTCLAIR,N,C,NA,C,NA
30 COLUMBUS AVENUE,07042,MONTCLAIR,N,C,NA,C,NA
30 CROSS STREET,07042,MONTCLAIR,N,C,NA,C,NA
30 CLOVERHILL PLACE,07042,MONTCLAIR,N,C,NA,C,NA
30 COLLEGE AVENUE,07043,MONTCLAIR,N,C,NA,C,NA
30 DODD STREET,07042,MONTCLAIR,N,C,NA,C,NA
30 DRAPER TERRACE,07042,MONTCLAIR,N,C,NA,C,NA
30 EDGECLIFF ROAD,07043,MONTCLAIR,N,C,NA,C,NA
30 ELMWOOD AVENUE 1ST,07042,MONTCLAIR,N,C,NA,C,NA
30 ELMWOOD AVENUE 2ND,07042,MONTCLAIR,N,C,NA,C,NA
30 ENFIELD AVENUE,07042,MONTCLAIR,N,C,NA,C,NA
30 ELSTON ROAD,07043,MONTCLAIR,N,C,NA,C,NA
30 FAIRVIEW PLACE,07043,MONTCLAIR,N,C,NA,C,NA
30 FOREST STREET,07042,MONTCLAIR,N,C,NA,C,NA
30 FRANKLIN PLACE,07042,MONTCLAIR,N,C,NA,C,NA
30 FREDERICK STREET,07042,MONTCLAIR,N,C,NA,C,NA
30 FULTON STREET-1ST,07042,MONTCLAIR,N,C,NA,C,NA
30 FULTON STREET-2ND,07042,MONTCLAIR,N,C,NA,C,NA
30 FAIRFIELD STREET,07042,MONTCLAIR,N,C,NA,C,NA
30 FREMONT STREET,07042,MONTCLAIR,N,C,NA,C,NA
30 GLENRIDGE PARKWAY,07042,MONTCLAIR,N,C,NA,C,NA
30 GRAY STREET,07042,MONTCLAIR,N,C,NA,C,NA
30 GREENVIEW WAY,07043,MONTCLAIR,N,C,NA,C,NA
30 GRENADA PLACE 1ST,07042,MONTCLAIR,N,C,NA,C,NA
30 GRENADA PLACE 2ND,07042,MONTCLAIR,N,C,NA,C,NA
30 GATES AVENUE,07042,MONTCLAIR,N,C,NA,C,NA
30 GEORGE STREET,07042,MONTCLAIR,N,C,NA,C,NA
30 HARVARD STREET,07042,MONTCLAIR,N,C,NA,C,NA
30 HELLER DRIVE,07043,MONTCLAIR,N,C,NA,C,NA
30 HIGHLAND AVENUE,07043,MONTCLAIR,N,C,NA,C,NA
30 IRVING STREET 1ST,07042,MONTCLAIR,N,C,NA,C,NA
30 IRVING STREET 2ND,07042,MONTCLAIR,N,C,NA,C,NA
30 JAMES STREET,07042,MONTCLAIR,N,C,NA,C,NA
30 LEXINGTON AVENUE,07042,MONTCLAIR,N,C,NA,C,NA
30 MACOPIN AVENUE,07043,MONTCLAIR,N,C,NA,C,NA
30 MAPLE AVENUE,07042,MONTCLAIR,N,C,NA,C,NA
30 MARION ROAD,07043,MONTCLAIR,N,C,NA,C,NA
30 MARQUETTE ROAD,07043,MONTCLAIR,N,C,NA,C,NA
30 MIDLAND AVENUE,07042,MONTCLAIR,N,C,NA,C,NA
30 MIDLAND AVENUE-2ND,07042,MONTCLAIR,N,C,NA,C,NA
30 MISSION STREET,07042,MONTCLAIR,N,C,NA,C,NA
30 MULFORD LANE,07042,MONTCLAIR,N,C,NA,C,NA
30 MARSTON PLACE,07042,MONTCLAIR,Y,C,NA,G,NA
30 N FULLERTON AVENUE,07042,MONTCLAIR,N,C,NA,C,NA
30 N MOUNTAIN AVENUE,07042,MONTCLAIR,N,C,NA,C,NA
30 N WILLOW STREET,07042,MONTCLAIR,N,C,NA,G,NA
30 N WILLOW STREET,07042,MONTCLAIR,Y,C,NA,G,NA
30 NORMAL AVENUE,07043,MONTCLAIR,N,C,NA,C,NA
30 NORMAN ROAD,07043,MONTCLAIR,N,C,NA,C,NA
30 NEW STREET,07042,MONTCLAIR,Y,C,NA,UX,NA
30 ORANGE ROAD,07042,MONTCLAIR,N,C,NA,C,NA
30 ORANGE ROAD 2ND,07042,MONTCLAIR,N,C,NA,C,NA
30 OXFORD STREET,07042,MONTCLAIR,N,C,NA,C,NA
30 PARK STREET,07043,MONTCLAIR,N,C,NA,C,NA
30 PLEASANT WAY,07042,MONTCLAIR,N,C,NA,C,NA
30 PLYMOUTH STREET,07042,MONTCLAIR,N,C,NA,C,NA
30 PORTER PLACE,07042,MONTCLAIR,N,C,NA,C,NA
30 PRESCOTT AVENUE,07042,MONTCLAIR,N,C,NA,C,NA
30 RIVERVIEW DRIVE,07043,MONTCLAIR,N,C,NA,C,NA
30 SAINT LUKES PLACE,07042,MONTCLAIR,N,C,NA,C,NA
30 STEPHEN STREET,07042,MONTCLAIR,N,C,NA,C,NA
30 THE CRESCENT,07042,MONTCLAIR,N,C,NA,C,NA
30 THE FAIRWAY,07043,MONTCLAIR,N,C,NA,C,NA
30 TICHENOR PLACE,07042,MONTCLAIR,N,C,NA,C,NA
30 TUERS PLACE,07043,MONTCLAIR,N,C,NA,C,NA
30 VIRGINIA AVENUE,07042,MONTCLAIR,N,C,NA,C,NA
30 WALNUT PARKWAY,07042,MONTCLAIR,N,C,NA,C,NA
30 WARREN PLACE,07042,MONTCLAIR,N,C,NA,C,NA
30 WATCHUNG AVENUE,07043,MONTCLAIR,N,C,NA,C,NA
30 WAYSIDE PLACE,07042,MONTCLAIR,N,C,NA,C,NA
30 WHEELER STREET,07042,MONTCLAIR,N,C,NA,C,NA
30 WILLIAM STREET,07042,MONTCLAIR,N,C,NA,C,NA
30 WALNUT CRESCENT,07042,MONTCLAIR,N,C,NA,C,NA
30 WELLESLEY ROAD,07043,MONTCLAIR,N,C,NA,C,NA
30-32 WARMAN STREET,07042,MONTCLAIR,N,C,NA,C,NA
30.5 IRVING STREET,07042,MONTCLAIR,N,C,NA,C,NA
300 BLOOMFIELD AVENUE,07042,MONTCLAIR,N,C,NA,C,NA
300 GROVE STREET,07043,MONTCLAIR,Y,C,NA,G,NA
300 HIGHLAND AVENUE,07043,MONTCLAIR,N,C,NA,C,NA
300 N MOUNTAIN AVENUE,07042,MONTCLAIR,N,C,NA,C,NA
300 UPPER MOUNTAIN AVENUE,07042,MONTCLAIR,N,C,NA,C,NA
301 CLAREMONT AVENUE,07042,MONTCLAIR,N,C,NA,C,NA
301 HIGHLAND AVENUE,07043,MONTCLAIR,Y,C,NA,O,BRASS
301 N MOUNTAIN AVENUE,07042,MONTCLAIR,N,C,NA,C,NA
301 ORANGE ROAD,07042,MONTCLAIR,N,C,NA,C,NA
301 PARK STREET,07043,MONTCLAIR,N,C,NA,C,NA
301 UPPER MOUNTAIN AVENUE,07042,MONTCLAIR,N,C,NA,C,NA
301 VALLEY ROAD,07043,MONTCLAIR,N,C,NA,C,NA
301-A ORANGE ROAD,07042,MONTCLAIR,N,C,NA,C,NA
302 GROVE STREET,07043,MONTCLAIR,N,C,NA,C,NA
302 N MOUNTAIN AVENUE,07042,MONTCLAIR,N,C,NA,C,NA
302 PARK STREET,07043,MONTCLAIR,N,C,NA,C,NA
303 CLAREMONT AVENUE,07042,MONTCLAIR,N,C,NA,C,NA
303 HIGHLAND AVENUE,07043,MONTCLAIR,N,C,NA,C,NA
303 N MOUNTAIN AVENUE,07042,MONTCLAIR,N,C,NA,C,NA
303 ORANGE ROAD 1ST,07042,MONTCLAIR,N,C,NA,C,NA
303 ORANGE ROAD 2ND,07042,MONTCLAIR,N,C,NA,C,NA
303 UPPER MOUNTAIN AVENUE,07042,MONTCLAIR,N,C,NA,C,NA
304 GROVE STREET,07043,MONTCLAIR,N,C,NA,C,NA
304 HIGHLAND AVENUE,07043,MONTCLAIR,N,C,NA,C,NA
304 N MOUNTAIN AVENUE,07042,MONTCLAIR,N,C,NA,C,NA
304 PARK STREET,07043,MONTCLAIR,N,C,NA,C,NA
305 GROVE STREET,07043,MONTCLAIR,N,C,NA,C,NA
305 N MOUNTAIN AVENUE,07042,MONTCLAIR,N,C,NA,C,NA
305 ORANGE ROAD,07042,MONTCLAIR,N,C,NA,C,NA
305 PARK STREET,07043,MONTCLAIR,N,C,NA,C,NA
305 VALLEY ROAD,07043,MONTCLAIR,N,C,NA,C,NA
306 GROVE STREET,07043,MONTCLAIR,N,C,NA,C,NA
306 LINDEN AVENUE,07042,MONTCLAIR,N,C,NA,C,NA
306 N FULLERTON AVENUE,07042,MONTCLAIR,N,C,NA,C,NA
306 N MOUNTAIN AVENUE,07042,MONTCLAIR,N,C,NA,C,NA
306 UPPER MOUNTAIN AVENUE,07042,MONTCLAIR,N,C,NA,C,NA
307 GROVE STREET,07043,MONTCLAIR,N,C,NA,C,NA
307 N FULLERTON AVENUE,07042,MONTCLAIR,N,C,NA,C,NA
307 ORANGE ROAD,07042,MONTCLAIR,N,C,NA,C,NA
308 GROVE STREET,07043,MONTCLAIR,N,C,NA,C,NA
308 N FULLERTON AVENUE,07042,MONTCLAIR,N,C,NA,C,NA
308 N MOUNTAIN AVENUE,07042,MONTCLAIR,N,C,NA,C,NA
308 PARK STREET,07043,MONTCLAIR,N,C,NA,C,NA
308 VALLEY ROAD,07043,MONTCLAIR,N,C,NA,C,NA
309 GROVE STREET,07043,MONTCLAIR,N,C,NA,C,NA
309 N FULLERTON AVENUE,07042,MONTCLAIR,N,C,NA,C,NA
309 PARK STREET,07043,MONTCLAIR,N,C,NA,C,NA
309 UPPER MOUNTAIN AVENUE,07042,MONTCLAIR,N,C,NA,C,NA
31 AUBREY ROAD,07043,MONTCLAIR,N,C,NA,C,NA
31 AFTERGLOW WAY,07044,MONTCLAIR,Y,C,NA,UX,NA
31 ARDSLEY ROAD,07042,MONTCLAIR,N,C,NA,C,NA
31 BELLEVUE AVENUE,07043,MONTCLAIR,N,C,NA,C,NA
31 BRAEMORE ROAD,07043,MONTCLAIR,N,C,NA,C,NA
31 BROOKFIELD ROAD,07043,MONTCLAIR,N,C,NA,C,NA
31 BRUNSWICK ROAD,07042,MONTCLAIR,N,C,NA,C,NA
31 CAROLIN ROAD,07043,MONTCLAIR,N,C,NA,C,NA
31 CENTRAL AVENUE,07042,MONTCLAIR,N,C,NA,C,NA
31 CLOVERHILL PLACE,07042,MONTCLAIR,N,C,NA,C,NA
31 CLUB ROAD,07043,MONTCLAIR,N,C,NA,C,NA
31 COLUMBUS AVENUE,07042,MONTCLAIR,N,C,NA,C,NA
31 CORNELL WAY,07043,MONTCLAIR,N,C,NA,C,NA
31 CROSS STREET,07042,MONTCLAIR,N,C,NA,C,NA
31 CLAREMONT AVENUE,07042,MONTCLAIR,N,C,NA,C,NA
31 CLINTON AVENUE,07042,MONTCLAIR,Y,C,NA,L,NA
31 COLLEGE AVENUE,07043,MONTCLAIR,N,C,NA,C,NA
31 DODD STREET,07042,MONTCLAIR,N,C,NA,C,NA
31 ELSTON ROAD,07043,MONTCLAIR,N,C,NA,C,NA
31 ENFIELD AVENUE,07042,MONTCLAIR,N,C,NA,C,NA
31 ESSEX AVENUE,07042,MONTCLAIR,N,C,NA,C,NA
31 EAGLE ROCK WAY,07042,MONTCLAIR,N,C,NA,C,NA
31 EDGECLIFF ROAD,07043,MONTCLAIR,N,C,NA,C,NA
31 ELMWOOD AVENUE 1ST,07042,MONTCLAIR,Y,C,NA,UX,NA
31 ELMWOOD AVENUE 2ND,07042,MONTCLAIR,Y,C,NA,UX,NA
31 FAIRFIELD STREET,07042,MONTCLAIR,N,C,NA,C,NA
31 FAIRVIEW PLACE,07043,MONTCLAIR,N,C,NA,C,NA
31 FOREST STREET,07042,MONTCLAIR,N,C,NA,C,NA
31 FRANKLIN PLACE,07042,MONTCLAIR,N,C,NA,C,NA
31 GRANT STREET,07042,MONTCLAIR,N,C,NA,C,NA
31 GREENVIEW WAY,07043,MONTCLAIR,N,C,NA,C,NA
31 GRENADA PLACE,07042,MONTCLAIR,N,C,NA,C,NA
31 GATES AVENUE,07042,MONTCLAIR,Y,C,NA,G,NA
31 GRAY STREET,07042,MONTCLAIR,N,C,NA,C,NA
31 HARRISON AVENUE,07042,MONTCLAIR,N,C,NA,C,NA
31 HARVARD STREET,07042,MONTCLAIR,N,C,NA,C,NA
31 IRVING STREET,07042,MONTCLAIR,N,C,NA,C,NA
31 JAMES STREET,07042,MONTCLAIR,N,C,NA,C,NA
31 LEXINGTON AVENUE,07042,MONTCLAIR,N,C,NA,C,NA
31 LLOYD ROAD,07042,MONTCLAIR,N,C,NA,C,NA
31 MACOPIN AVENUE,07043,MONTCLAIR,N,C,NA,C,NA
31 MADISON AVENUE,07042,MONTCLAIR,N,C,NA,C,NA
31 MARION ROAD,07043,MONTCLAIR,N,C,NA,C,NA
31 MARQUETTE ROAD,07043,MONTCLAIR,N,C,NA,C,NA
31 MIDLAND AVENUE,07042,MONTCLAIR,N,C,NA,C,NA
31 MISSION STREET 1ST,07042,MONTCLAIR,N,C,NA,C,NA
31 MISSION STREET 2ND,07042,MONTCLAIR,N,C,NA,C,NA
31 MONTAGUE PLACE,07042,MONTCLAIR,N,C,NA,C,NA
31 MONTCLAIR AVENUE,07043,MONTCLAIR,N,C,NA,C,NA
31 N MOUNTAIN AVENUE,07042,MONTCLAIR,N,C,NA,C,NA
31 N WILLOW STREET,07042,MONTCLAIR,N,C,NA,C,NA
31 NASSAU ROAD,07043,MONTCLAIR,N,C,NA,C,NA
31 NORWOOD AVENUE,07043,MONTCLAIR,N,C,NA,C,NA
31 OAKWOOD AVENUE,07043,MONTCLAIR,N,C,NA,C,NA
31 OXFORD STREET,07042,MONTCLAIR,N,C,NA,C,NA
31 PARK STREET,07043,MONTCLAIR,N,C,NA,C,NA
31 PARKWAY,07043,MONTCLAIR,N,C,NA,C,NA
31 PLEASANT WAY,07042,MONTCLAIR,N,C,NA,C,NA
31 PRESCOTT AVENUE,07042,MONTCLAIR,N,C,NA,C,NA
31 RIVERVIEW DRIVE,07043,MONTCLAIR,N,C,NA,C,NA
31 ROSEDALE AVENUE,07042,MONTCLAIR,N,C,NA,C,NA
31 S FULLERTON AVENUE,07042,MONTCLAIR,N,C,NA,C,NA
31 S WILLOW STREET,07042,MONTCLAIR,N,C,NA,C,NA
31 STEPHEN STREET,07042,MONTCLAIR,N,C,NA,C,NA
31 STANFORD PLACE,07042,MONTCLAIR,N,C,NA,C,NA
31 THE FAIRWAY,07043,MONTCLAIR,N,C,NA,C,NA
31 TRINITY PLACE,07042,MONTCLAIR,N,C,NA,C,NA
31 TUERS PLACE,07043,MONTCLAIR,N,C,NA,C,NA
31 THE CRESCENT,07042,MONTCLAIR,Y,C,NA,G,NA
31 TICHENOR PLACE,07042,MONTCLAIR,N,C,NA,C,NA
31 UNION STREET,07042,MONTCLAIR,N,C,NA,C,NA
31 VALLEY ROAD,07043,MONTCLAIR,N,C,NA,C,NA
31 VIRGINIA AVENUE,07042,MONTCLAIR,N,C,NA,C,NA
31 WALNUT STREET,07042,MONTCLAIR,N,C,NA,C,NA
31 WARD PLACE,07042,MONTCLAIR,N,C,NA,C,NA
31 WASHINGTON STREET,07042,MONTCLAIR,N,C,NA,C,NA
31 WAYSIDE PLACE,07042,MONTCLAIR,N,C,NA,C,NA
31 WELLESLEY ROAD,07043,MONTCLAIR,N,C,NA,C,NA
31 WHEELER STREET 1ST,07042,MONTCLAIR,N,C,NA,C,NA
31 WHEELER STREET 2ND,07042,MONTCLAIR,N,C,NA,C,NA
31 WINDSOR PLACE,07043,MONTCLAIR,N,C,NA,C,NA
31 WOODMONT ROAD,07043,MONTCLAIR,N,C,NA,C,NA
310 BLOOMFIELD AVENUE,07042,MONTCLAIR,N,C,NA,C,NA
310 HIGHLAND AVENUE,07043,MONTCLAIR,N,C,NA,C,NA
310 N FULLERTON AVENUE,07042,MONTCLAIR,N,C,NA,C,NA
310 N MOUNTAIN AVENUE,07042,MONTCLAIR,N,C,NA,C,NA
310 ORANGE ROAD,07042,MONTCLAIR,N,C,NA,C,NA
310 PARK STREET,07043,MONTCLAIR,N,C,NA,C,NA
310 UPPER MOUNTAIN AVENUE,07042,MONTCLAIR,N,C,NA,C,NA
310 VALLEY ROAD,07043,MONTCLAIR,N,C,NA,C,NA
311 BAY AVENUE,07042,MONTCLAIR,N,C,NA,C,NA
311 CLAREMONT AVENUE,07042,MONTCLAIR,N,C,NA,C,NA
311 GROVE STREET,07043,MONTCLAIR,N,C,NA,C,NA
311 N FULLERTON AVENUE,07042,MONTCLAIR,N,C,NA,C,NA
311 ORANGE ROAD,07042,MONTCLAIR,N,C,NA,C,NA
311 ORANGE ROAD,07042,MONTCLAIR,Y,L,NA,C,NA
311 PARK STREET,07043,MONTCLAIR,N,C,NA,C,NA
312 LINDEN AVENUE,07042,MONTCLAIR,N,C,NA,C,NA
312 N FULLERTON AVENUE,07042,MONTCLAIR,N,C,NA,C,NA
312 ORANGE ROAD,07042,MONTCLAIR,N,C,NA,C,NA
312-314 ORANGE ROAD,07042,MONTCLAIR,N,C,NA,C,NA
314 GROVE STREET,07043,MONTCLAIR,N,C,NA,C,NA
314 LINDEN AVENUE,07042,MONTCLAIR,N,C,NA,C,NA
314 N FULLERTON AVENUE,07042,MONTCLAIR,N,C,NA,C,NA
314 PARK STREET,07043,MONTCLAIR,N,C,NA,C,NA
314 UPPER MOUNTAIN AVENUE,07042,MONTCLAIR,N,C,NA,C,NA
314 VALLEY ROAD,07043,MONTCLAIR,N,C,NA,C,NA
315 CLAREMONT AVENUE,07042,MONTCLAIR,N,C,NA,C,NA
315 GROVE STREET,07043,MONTCLAIR,N,C,NA,C,NA
315 HIGHLAND AVENUE,07043,MONTCLAIR,N,C,NA,C,NA
315 ORANGE ROAD,07042,MONTCLAIR,N,C,NA,C,NA
315 UPPER MOUNTAIN AVENUE,07042,MONTCLAIR,N,C,NA,C,NA
316 CLAREMONT AVENUE,07042,MONTCLAIR,N,C,NA,C,NA
316 GROVE STREET,07043,MONTCLAIR,N,C,NA,C,NA
316 HIGHLAND AVENUE,07043,MONTCLAIR,N,C,NA,C,NA
316 N FULLERTON AVENUE,07042,MONTCLAIR,N,C,NA,C,NA
316 N MOUNTAIN AVENUE,07042,MONTCLAIR,N,C,NA,C,NA
316 ORANGE ROAD,07042,MONTCLAIR,N,C,NA,C,NA
316 PARK STREET,07043,MONTCLAIR,N,C,NA,C,NA
317 GROVE STREET,07043,MONTCLAIR,N,C,NA,C,NA
317 N FULLERTON AVENUE,07042,MONTCLAIR,N,C,NA,C,NA
317 VALLEY ROAD,07043,MONTCLAIR,N,C,NA,C,NA
318 CLAREMONT AVENUE,07042,MONTCLAIR,N,C,NA,C,NA
318 GROVE STREET,07043,MONTCLAIR,N,C,NA,C,NA
318 HIGHLAND AVENUE,07043,MONTCLAIR,N,C,NA,C,NA
318 LINDEN AVENUE,07042,MONTCLAIR,N,C,NA,C,NA
318 N FULLERTON AVENUE 1ST,07042,MONTCLAIR,Y,C,NA,UX,NA
318 N FULLERTON AVENUE 2ND,07042,MONTCLAIR,Y,C,NA,UX,NA
318 ORANGE ROAD,07042,MONTCLAIR,N,C,NA,C,NA
318 PARK STREET,07043,MONTCLAIR,N,C,NA,C,NA
319 CLAREMONT AVENUE,07042,MONTCLAIR,N,C,NA,C,NA
319 N FULLERTON AVENUE,07042,MONTCLAIR,N,C,NA,C,NA
319 ORANGE ROAD,07042,MONTCLAIR,N,C,NA,C,NA
319 PARK STREET,07043,MONTCLAIR,N,C,NA,C,NA
31A & 31B TALBOT STREET,07042,MONTCLAIR,N,C,NA,C,NA
32 ARDSLEY ROAD,07042,MONTCLAIR,N,C,NA,C,NA
32 AUBREY ROAD,07043,MONTCLAIR,N,C,NA,C,NA
32 BROOKFIELD ROAD 1ST,07043,MONTCLAIR,N,C,NA,C,NA
32 BROOKFIELD ROAD 2ND,07043,MONTCLAIR,N,C,NA,C,NA
32 BRUCE ROAD,07043,MONTCLAIR,N,C,NA,C,NA
32 CENTRAL AVENUE,07042,MONTCLAIR,N,C,NA,C,NA
32 CHURCH STREET,07042,MONTCLAIR,N,C,NA,C,NA
32 CAROLIN ROAD,07043,MONTCLAIR,N,C,NA,C,NA
32 CLINTON AVENUE,07042,MONTCLAIR,N,C,NA,C,NA
32 CLOVERHILL PLACE,07042,MONTCLAIR,N,C,NA,C,NA
32 DODD STREET,07042,MONTCLAIR,N,C,NA,C,NA
32 ELMWOOD AVENUE,07042,MONTCLAIR,N,C,NA,C,NA
32 EDGEMONT ROAD,07042,MONTCLAIR,N,C,NA,C,NA
32 ENFIELD AVENUE,07042,MONTCLAIR,N,C,NA,C,NA
32 ERWIN PARK ROAD,07042,MONTCLAIR,N,C,NA,C,NA
32 FOREST STREET 1ST,07042,MONTCLAIR,N,C,NA,C,NA
32 FOREST STREET 2ND,07042,MONTCLAIR,N,C,NA,C,NA
32 FRANKLIN AVENUE,07042,MONTCLAIR,N,C,NA,C,NA
32 FRANKLIN PLACE,07042,MONTCLAIR,N,C,NA,C,NA
32 FREDERICK STREET,07042,MONTCLAIR,N,C,NA,C,NA
32 FREMONT STREET,07042,MONTCLAIR,N,C,NA,C,NA
32 GATES AVENUE,07042,MONTCLAIR,N,C,NA,C,NA
32 GODFREY ROAD,07043,MONTCLAIR,N,C,NA,C,NA
32 GRANT STREET,07042,MONTCLAIR,N,C,NA,C,NA
32 GLENRIDGE PARKWAY,07042,MONTCLAIR,Y,C,NA,O,BRASS
32 HARVARD STREET,07042,MONTCLAIR,N,C,NA,C,NA
32 HIGH STREET,07042,MONTCLAIR,N,C,NA,C,NA
32 HILLSIDE AVENUE,07042,MONTCLAIR,N,C,NA,C,NA
32 IRVING STREET 1ST,07042,MONTCLAIR,N,C,NA,C,NA
32 IRVING STREET 2ND,07042,MONTCLAIR,N,C,NA,C,NA
32 JAMES STREET,07042,MONTCLAIR,N,C,NA,O,BRASS
32 LAUREL PLACE,07043,MONTCLAIR,N,C,NA,C,NA
32 LEXINGTON AVENUE 1ST,07042,MONTCLAIR,N,C,NA,C,NA
32 LEXINGTON AVENUE 2ND,07042,MONTCLAIR,N,C,NA,C,NA
32 LLEWELLYN ROAD,07042,MONTCLAIR,N,C,NA,C,NA
32 LINDEN AVENUE,07042,MONTCLAIR,Y,C,NA,C,NA
32 MACOPIN AVENUE,07043,MONTCLAIR,N,C,NA,C,NA
32 MARQUETTE ROAD,07043,MONTCLAIR,N,C,NA,C,NA
32 MONROE PLACE,07042,MONTCLAIR,N,C,NA,C,NA
32 MONTCLAIR AVENUE 1ST,07043,MONTCLAIR,N,C,NA,C,NA
32 MONTCLAIR AVENUE 2ND,07043,MONTCLAIR,N,C,NA,C,NA
32 MADISON AVENUE,07042,MONTCLAIR,N,C,NA,C,NA
32 MARSTON PLACE,07042,MONTCLAIR,Y,C,NA,UX,NA
32 N WILLOW STREET 1ST,07042,MONTCLAIR,N,C,NA,C,NA
32 N WILLOW STREET 2ND,07042,MONTCLAIR,N,C,NA,C,NA
32 NEW STREET,07042,MONTCLAIR,N,C,NA,C,NA
32 NORMAL AVENUE,07043,MONTCLAIR,N,C,NA,C,NA
32 OAKWOOD AVENUE,07043,MONTCLAIR,N,C,NA,C,NA
32 OXFORD STREET,07042,MONTCLAIR,N,C,NA,C,NA
32 PLEASANT AVENUE,07042,MONTCLAIR,N,C,NA,C,NA
32 PRESCOTT AVENUE,07042,MONTCLAIR,N,C,NA,C,NA
32 PROSPECT AVENUE,07042,MONTCLAIR,N,C,NA,C,NA
32 PARK STREET,07043,MONTCLAIR,Y,C,NA,UX,NA
32 RIVERVIEW DRIVE,07043,MONTCLAIR,N,C,NA,C,NA
32 S MOUNTAIN AVENUE,07042,MONTCLAIR,N,C,NA,C,NA
32 S WILLOW STREET,07042,MONTCLAIR,N,C,NA,C,NA
32 STEPHEN STREET,07042,MONTCLAIR,N,C,NA,C,NA
32 SAINT LUKES PLACE,07042,MONTCLAIR,Y,C,NA,UX,NA
32 STANFORD PLACE,07042,MONTCLAIR,N,C,NA,C,NA
32 THE CRESCENT,07042,MONTCLAIR,N,C,NA,C,NA
32 TICHENOR PLACE,07042,MONTCLAIR,N,C,NA,C,NA
32 THE FAIRWAY,07043,MONTCLAIR,N,C,NA,C,NA
32 TUERS PLACE,07043,MONTCLAIR,N,C,NA,C,NA
32 VALLEY ROAD,07043,MONTCLAIR,N,C,NA,C,NA
32 WALNUT STREET-1ST FL,07042,MONTCLAIR,N,C,NA,C,NA
32 WALNUT STREET-2ND FL,07042,MONTCLAIR,N,C,NA,C,NA
32 WARREN PLACE,07042,MONTCLAIR,N,C,NA,C,NA
32 WILLIAM STREET,07042,MONTCLAIR,N,C,NA,C,NA
32 WILLOWDALE AVENUE,07042,MONTCLAIR,N,C,NA,C,NA
32 WINDEMERE ROAD,07043,MONTCLAIR,N,C,NA,C,NA
32 WOODMONT ROAD,07043,MONTCLAIR,N,C,NA,C,NA
32 WALNUT CRESCENT 1ST,07042,MONTCLAIR,Y,C,NA,UX,NA
32 WALNUT CRESCENT 2ND,07042,MONTCLAIR,Y,C,NA,UX,NA
32 WELLESLEY ROAD,07043,MONTCLAIR,N,C,NA,C,NA
32.5 CHURCH STREET,07042,MONTCLAIR,N,C,NA,C,NA
320 CLAREMONT AVENUE,07042,MONTCLAIR,N,C,NA,C,NA
320 GROVE STREET,07043,MONTCLAIR,N,C,NA,C,NA
320 HIGHLAND AVENUE,07043,MONTCLAIR,N,C,NA,C,NA
320 LINDEN AVENUE,07042,MONTCLAIR,N,C,NA,C,NA
320 N MOUNTAIN AVENUE,07042,MONTCLAIR,N,C,NA,C,NA
320 ORANGE ROAD,07042,MONTCLAIR,Y,UX,NA,UX,NA
320 PARK STREET,07043,MONTCLAIR,N,C,NA,C,NA
320 UPPER MOUNTAIN AVENUE,07042,MONTCLAIR,N,C,NA,C,NA
321 GROVE STREET,07043,MONTCLAIR,Y,C,NA,G,NA
321 HIGHLAND AVENUE,07043,MONTCLAIR,N,C,NA,C,NA
321 N FULLERTON AVENUE,07042,MONTCLAIR,N,C,NA,C,NA
321 ORANGE ROAD,07042,MONTCLAIR,N,C,NA,C,NA
321 UPPER MOUNTAIN AVENUE,07042,MONTCLAIR,N,C,NA,C,NA
322 BLOOMFIELD AVENUE,07042,MONTCLAIR,N,C,NA,C,NA
322 CLAREMONT AVENUE,07042,MONTCLAIR,N,C,NA,C,NA
322 GROVE STREET,07043,MONTCLAIR,N,C,NA,C,NA
322 HIGHLAND AVENUE,07043,MONTCLAIR,N,C,NA,C,NA
322 N FULLERTON AVENUE 1ST,07042,MONTCLAIR,N,C,NA,C,NA
322 N FULLERTON AVENUE 2ND,07042,MONTCLAIR,N,C,NA,C,NA
322 ORANGE ROAD,07042,MONTCLAIR,N,C,NA,C,NA
322 PARK STREET,07043,MONTCLAIR,N,C,NA,C,NA
323 CLAREMONT AVENUE,07042,MONTCLAIR,N,C,NA,C,NA
323 GROVE STREET,07043,MONTCLAIR,N,C,NA,C,NA
323 N FULLERTON AVENUE,07042,MONTCLAIR,N,C,NA,C,NA
323 ORANGE ROAD,07042,MONTCLAIR,Y,UX,NA,UX,NA
324 CLAREMONT AVENUE,07042,MONTCLAIR,N,C,NA,C,NA
324 GROVE STREET,07043,MONTCLAIR,N,C,NA,C,NA
324 N FULLERTON AVENUE,07042,MONTCLAIR,N,C,NA,C,NA
324 ORANGE ROAD,07042,MONTCLAIR,N,C,NA,C,NA
324-A ORANGE ROAD,07042,MONTCLAIR,N,C,NA,C,NA
324-B ORANGE ROAD,07042,MONTCLAIR,N,C,NA,C,NA
324-C ORANGE ROAD,07042,MONTCLAIR,N,C,NA,C,NA
325 CLAREMONT AVENUE,07042,MONTCLAIR,N,C,NA,C,NA
325 GROVE STREET,07043,MONTCLAIR,N,C,NA,C,NA
325 ORANGE ROAD,07042,MONTCLAIR,N,C,NA,C,NA
325 PARK STREET,07043,MONTCLAIR,N,C,NA,C,NA
326 GROVE STREET,07043,MONTCLAIR,N,C,NA,C,NA
326 HIGHLAND AVENUE,07043,MONTCLAIR,N,C,NA,C,NA
326 N MOUNTAIN AVENUE,07042,MONTCLAIR,N,C,NA,C,NA
326 PARK STREET,07043,MONTCLAIR,N,C,NA,C,NA
327 GROVE STREET,07043,MONTCLAIR,N,C,NA,C,NA
327 ORANGE ROAD,07042,MONTCLAIR,Y,G,NA,C,NA
327 UPPER MOUNTAIN AVENUE,07042,MONTCLAIR,N,C,NA,C,NA
328 ORANGE ROAD,07042,MONTCLAIR,Y,C,NA,L,NA
329 ORANGE ROAD,07042,MONTCLAIR,N,C,NA,C,NA
329 PARK STREET,07043,MONTCLAIR,N,C,NA,C,NA
33 ALEXANDER AVENUE,07043,MONTCLAIR,N,C,NA,C,NA
33 AFTERGLOW WAY,07044,MONTCLAIR,N,C,NA,C,NA
33 AUBREY ROAD,07043,MONTCLAIR,N,C,NA,C,NA
33 BROOKFIELD ROAD,07043,MONTCLAIR,N,C,NA,C,NA
33 BRUNSWICK ROAD,07042,MONTCLAIR,N,C,NA,C,NA
33 CAROLIN ROAD,07043,MONTCLAIR,N,C,NA,C,NA
33 CEDAR AVENUE,07042,MONTCLAIR,N,C,NA,C,NA
33 CLAREMONT AVENUE,07042,MONTCLAIR,N,C,NA,C,NA
33 CLOVERHILL PLACE,07042,MONTCLAIR,N,C,NA,C,NA
33 COLLEGE AVENUE,07043,MONTCLAIR,N,C,NA,C,NA
33 DODD STREET,07042,MONTCLAIR,N,C,NA,C,NA
33 DRAPER TERRACE,07042,MONTCLAIR,N,C,NA,C,NA
33 ELMWOOD AVENUE 1ST,07042,MONTCLAIR,N,C,NA,C,NA
33 ELMWOOD AVENUE 2ND,07042,MONTCLAIR,N,C,NA,C,NA
33 ENFIELD AVENUE,07042,MONTCLAIR,N,C,NA,C,NA
33 ERWIN PARK ROAD,07042,MONTCLAIR,N,C,NA,C,NA
33 ESSEX AVENUE,07042,MONTCLAIR,N,C,NA,C,NA
33 FAIRFIELD STREET,07042,MONTCLAIR,N,C,NA,C,NA
33 FAIRVIEW PLACE,07043,MONTCLAIR,N,C,NA,C,NA
33 FOREST STREET,07042,MONTCLAIR,N,C,NA,C,NA
33 FRANKLIN PLACE,07042,MONTCLAIR,N,C,NA,C,NA
33 FULTON STREET,07042,MONTCLAIR,N,C,NA,C,NA
33 GATES AVENUE,07042,MONTCLAIR,N,C,NA,C,NA
33 GEORGE STREET,07042,MONTCLAIR,N,C,NA,C,NA
33 GLENRIDGE PARKWAY,07042,MONTCLAIR,N,C,NA,C,NA
33 GRAY STREET,07042,MONTCLAIR,N,C,NA,C,NA
33 GREENVIEW WAY,07043,MONTCLAIR,N,C,NA,C,NA
33 GRENADA PLACE,07042,MONTCLAIR,N,C,NA,C,NA
33 HILLSIDE AVENUE,07042,MONTCLAIR,N,C,NA,C,NA
33 HARRISON AVENUE,07042,MONTCLAIR,N,C,NA,C,NA
33 HOWE AVENUE,07042,MONTCLAIR,Y,C,NA,UX,NA
33 IRVING STREET,07042,MONTCLAIR,N,C,NA,C,NA
33 JAMES STREET,07042,MONTCLAIR,N,C,NA,C,NA
33 LAUREL PLACE,07043,MONTCLAIR,N,C,NA,C,NA
33 LINDEN AVENUE,07042,MONTCLAIR,N,C,NA,C,NA
33 LEXINGTON AVENUE,07042,MONTCLAIR,Y,C,NA,L,NA
33 LLOYD ROAD,07042,MONTCLAIR,Y,C,NA,O,BRASS
33 MACOPIN AVENUE,07043,MONTCLAIR,N,C,NA,C,NA
33 MARQUETTE ROAD,07043,MONTCLAIR,N,C,NA,C,NA
33 MELROSE PLACE,07042,MONTCLAIR,N,C,NA,C,NA
33 MONROE PLACE,07042,MONTCLAIR,N,C,NA,C,NA
33 MONTAGUE PLACE-1ST,07042,MONTCLAIR,N,C,NA,C,NA
33 MONTAGUE PLACE-2ND,07042,MONTCLAIR,N,C,NA,C,NA
33 MONTCLAIR AVENUE 1ST,07043,MONTCLAIR,N,C,NA,C,NA
33 MONTCLAIR AVENUE 2ND,07043,MONTCLAIR,N,C,NA,C,NA
33 MARION ROAD,07043,MONTCLAIR,N,C,NA,C,NA
33 MIDLAND AVENUE,07042,MONTCLAIR,N,C,NA,C,NA
33 N FULLERTON AVENUE,07042,MONTCLAIR,N,C,NA,C,NA
33 N WILLOW STREET,07042,MONTCLAIR,N,C,NA,C,NA
33 NEW STREET,07042,MONTCLAIR,N,C,NA,C,NA
33 NORMAN ROAD,07043,MONTCLAIR,N,C,NA,C,NA
33 NORTHVIEW AVENUE,07043,MONTCLAIR,N,C,NA,C,NA
33 NORWOOD AVENUE,07043,MONTCLAIR,N,C,NA,C,NA
33 ORANGE ROAD,07042,MONTCLAIR,N,C,NA,C,NA
33 OXFORD STREET,07042,MONTCLAIR,Y,C,NA,UX,NA
33 PARK STREET,07043,MONTCLAIR,N,C,NA,C,NA
33 PLEASANT AVENUE,07042,MONTCLAIR,N,C,NA,C,NA
33 PLEASANT WAY,07042,MONTCLAIR,N,C,NA,C,NA
33 PLYMOUTH STREET,07042,MONTCLAIR,N,C,NA,C,NA
33 PORTLAND PLACE,07042,MONTCLAIR,N,C,NA,C,NA
33 PORTLAND PLACE 2ND,07042,MONTCLAIR,N,C,NA,C,NA
33 PRESCOTT AVENUE,07042,MONTCLAIR,N,C,NA,C,NA
33 PROSPECT AVENUE,07042,MONTCLAIR,N,C,NA,C,NA
33 RIVERVIEW DRIVE,07043,MONTCLAIR,N,C,NA,C,NA
33 S FULLERTON AVENUE,07042,MONTCLAIR,N,C,NA,C,NA
33 S WILLOW STREET,07042,MONTCLAIR,N,C,NA,C,NA
33 SENECA PLACE,07043,MONTCLAIR,N,C,NA,C,NA
33 STEPHEN STREET,07042,MONTCLAIR,N,C,NA,C,NA
33 STONEBRIDGE ROAD,07042,MONTCLAIR,N,C,NA,C,NA
33 STANFORD PLACE,07042,MONTCLAIR,N,C,NA,C,NA
33 THE FAIRWAY,07043,MONTCLAIR,N,C,NA,C,NA
33 TICHENOR PLACE,07042,MONTCLAIR,N,C,NA,C,NA
33 TUERS PLACE,07043,MONTCLAIR,N,C,NA,C,NA
33 TUXEDO ROAD,07042,MONTCLAIR,Y,C,NA,G,NA
33 UNION STREET,07042,MONTCLAIR,N,C,NA,C,NA
33 WARMAN STREET,07042,MONTCLAIR,N,C,NA,C,NA
33 WASHINGTON STREET,07042,MONTCLAIR,N,C,NA,C,NA
33 WHEELER STREET 2ND,07042,MONTCLAIR,N,C,NA,C,NA
33 WHEELER STREET-1ST,07042,MONTCLAIR,N,C,NA,C,NA
33 WINDEMERE ROAD,07043,MONTCLAIR,N,C,NA,C,NA
33 WALNUT STREET,07042,MONTCLAIR,Y,C,NA,UX,NA
33 WATCHUNG AVENUE,07043,MONTCLAIR,N,C,NA,O,Iron
33 WATCHUNG PLAZA,07042,MONTCLAIR,Y,C,NA,L,NA
33 WATERBURY ROAD,07043,MONTCLAIR,N,C,NA,C,NA
33 WILLIAM STREET,07042,MONTCLAIR,Y,C,NA,UX,NA
33 WOODLAND AVENUE,07042,MONTCLAIR,Y,C,NA,UX,NA
33-35 GLENRIDGE AVENUE,07042,MONTCLAIR,N,C,NA,C,NA
33-39 GREENWOOD AVENUE,07042,MONTCLAIR,N,C,NA,C,NA
330 BLOOMFIELD AVENUE,07042,MONTCLAIR,N,C,NA,C,NA
330 N MOUNTAIN AVENUE,07042,MONTCLAIR,N,C,NA,C,NA
330 ORANGE ROAD,07042,MONTCLAIR,N,C,NA,C,NA
330 PARK STREET,07043,MONTCLAIR,N,C,NA,C,NA
330 UPPER MOUNTAIN AVENUE,07042,MONTCLAIR,N,C,NA,C,NA
331 BLOOMFIELD AVENUE,07042,MONTCLAIR,N,C,NA,C,NA
331 GROVE STREET,07043,MONTCLAIR,N,C,NA,C,NA
331 ORANGE ROAD,07042,MONTCLAIR,N,C,NA,C,NA
331-337 BLOOMFIELD AVENUE,07042,MONTCLAIR,N,C,NA,C,NA
332 BLOOMFIELD AVENUE,07042,MONTCLAIR,N,C,NA,C,NA
333 PARK STREET,07043,MONTCLAIR,N,C,NA,C,NA
334 BLOOMFIELD AVENUE,07042,MONTCLAIR,N,C,NA,C,NA
334 HIGHLAND AVENUE,07043,MONTCLAIR,N,C,NA,C,NA
334 N MOUNTAIN AVENUE,07042,MONTCLAIR,N,C,NA,C,NA
335 ORANGE ROAD,07042,MONTCLAIR,N,C,NA,C,NA
335 UPPER MOUNTAIN AVENUE,07042,MONTCLAIR,N,C,NA,C,NA
336 BLOOMFIELD AVENUE,07042,MONTCLAIR,N,C,NA,C,NA
336 N FULLERTON AVENUE,07042,MONTCLAIR,N,C,NA,C,NA
337 GROVE STREET,07043,MONTCLAIR,N,C,NA,C,NA
337 HIGHLAND AVENUE,07043,MONTCLAIR,N,C,NA,C,NA
337 UPPER MOUNTAIN AVENUE,07042,MONTCLAIR,N,C,NA,C,NA
338 BLOOMFIELD AVENUE,07042,MONTCLAIR,N,C,NA,C,NA
338 HIGHLAND AVENUE,07043,MONTCLAIR,N,C,NA,C,NA
338 N FULLERTON AVENUE,07042,MONTCLAIR,N,C,NA,C,NA
338 N MOUNTAIN AVENUE,07042,MONTCLAIR,N,C,NA,C,NA
339 GROVE STREET,07043,MONTCLAIR,N,C,NA,C,NA
339 N FULLERTON AVENUE,07042,MONTCLAIR,N,C,NA,C,NA
339 ORANGE ROAD,07042,MONTCLAIR,N,C,NA,C,NA
33A & 33B TALBOT STREET,07042,MONTCLAIR,N,C,NA,C,NA
34 ARDSLEY ROAD,07042,MONTCLAIR,N,C,NA,C,NA
34 AUBREY ROAD,07043,MONTCLAIR,N,C,NA,C,NA
34 BRADFORD AVENUE,07043,MONTCLAIR,N,C,NA,C,NA
34 BRUCE ROAD,07043,MONTCLAIR,N,C,NA,C,NA
34 CAROLIN ROAD,07043,MONTCLAIR,N,C,NA,C,NA
34 CENTRAL AVENUE,07042,MONTCLAIR,N,C,NA,C,NA
34 CENTRAL AVENUE-1ST,07042,MONTCLAIR,N,C,NA,C,NA
34 CHURCH STREET,07042,MONTCLAIR,N,C,NA,C,NA
34 CLAREMONT AVENUE,07042,MONTCLAIR,N,C,NA,C,NA
34 CLINTON AVENUE,07042,MONTCLAIR,N,C,NA,C,NA
34 CLUB ROAD,07043,MONTCLAIR,N,C,NA,C,NA
34 COLLEGE AVENUE,07043,MONTCLAIR,N,C,NA,C,NA
34 CROSS STREET,07042,MONTCLAIR,N,C,NA,C,NA
34 CLOVERHILL PLACE,07042,MONTCLAIR,Y,C,NA,L,NA
34 DODD STREET,07042,MONTCLAIR,N,C,NA,C,NA
34 DRAPER TERRACE,07042,MONTCLAIR,N,C,NA,C,NA
34 EDGECLIFF ROAD,07043,MONTCLAIR,N,C,NA,C,NA
34 ERWIN PARK ROAD,07042,MONTCLAIR,N,C,NA,C,NA
34 ELMWOOD AVENUE 1ST,07042,MONTCLAIR,Y,C,NA,UX,NA
34 ELMWOOD AVENUE 2ND,07042,MONTCLAIR,Y,C,NA,UX,NA
34 ELSTON ROAD,07043,MONTCLAIR,N,C,NA,C,NA
34 ENFIELD AVENUE 1ST,07042,MONTCLAIR,Y,C,NA,UX,NA
34 ENFIELD AVENUE 2ND,07042,MONTCLAIR,Y,C,NA,UX,NA
34 FAIRVIEW PLACE,07043,MONTCLAIR,N,C,NA,C,NA
34 FOREST STREET,07042,MONTCLAIR,N,C,NA,C,NA
34 FREDERICK STREET,07042,MONTCLAIR,N,C,NA,C,NA
34 FREMONT STREET,07042,MONTCLAIR,N,C,NA,C,NA
34 FULTON STREET,07042,MONTCLAIR,N,C,NA,C,NA
34 FULTON STREET 1ST,07042,MONTCLAIR,N,C,NA,C,NA
34 GATES AVENUE,07042,MONTCLAIR,N,C,NA,C,NA
34 GLENWOOD ROAD,07043,MONTCLAIR,N,C,NA,C,NA
34 GODFREY ROAD,07043,MONTCLAIR,N,C,NA,C,NA
34 GRANT STREET,07042,MONTCLAIR,N,C,NA,C,NA
34 GRAY STREET,07042,MONTCLAIR,N,C,NA,C,NA
34 GREENVIEW WAY,07043,MONTCLAIR,N,C,NA,C,NA
34 GLENRIDGE PARKWAY,07042,MONTCLAIR,N,C,NA,C,NA
34 HARRISON AVENUE,07042,MONTCLAIR,N,C,NA,C,NA
34 HARVARD STREET,07042,MONTCLAIR,N,C,NA,C,NA
34 HIGHLAND AVENUE,07043,MONTCLAIR,N,C,NA,C,NA
34 HILLSIDE AVENUE,07042,MONTCLAIR,N,C,NA,C,NA
34 HOWE AVENUE,07042,MONTCLAIR,N,C,NA,C,NA
34 IRVING STREET,07042,MONTCLAIR,N,C,NA,C,NA
34 LABEL STREET,07042,MONTCLAIR,N,C,NA,C,NA
34 LEXINGTON AVENUE,07042,MONTCLAIR,N,C,NA,C,NA
34 LABEL STREET,07042,MONTCLAIR,Y,C,NA,UX,NA
34 MACOPIN AVENUE,07043,MONTCLAIR,N,C,NA,C,NA
34 MAPLE AVENUE,07042,MONTCLAIR,N,C,NA,C,NA
34 MARQUETTE ROAD,07043,MONTCLAIR,N,C,NA,C,NA
34 MARSTON PLACE,07042,MONTCLAIR,N,C,NA,C,NA
34 MELROSE PLACE,07042,MONTCLAIR,N,C,NA,C,NA
34 MONROE PLACE,07042,MONTCLAIR,N,C,NA,C,NA
34 MONTCLAIR AVENUE,07043,MONTCLAIR,N,C,NA,C,NA
34 MARION ROAD,07043,MONTCLAIR,Y,C,NA,UX,NA
34 N WILLOW STREET,07042,MONTCLAIR,N,C,NA,C,NA
34 NEW STREET,07042,MONTCLAIR,N,C,NA,C,NA
34 NISHUANE ROAD,07042,MONTCLAIR,N,C,NA,C,NA
34 NORMAL AVENUE,07043,MONTCLAIR,N,C,NA,C,NA
34 NORMAN ROAD,07043,MONTCLAIR,N,C,NA,C,NA
34 OXFORD STREET,07042,MONTCLAIR,N,C,NA,C,NA
34 OAKWOOD AVENUE 1ST,07043,MONTCLAIR,Y,C,NA,O,BRASS
34 OAKWOOD AVENUE 2ND,07043,MONTCLAIR,Y,C,NA,UX,NA
34 PLEASANT WAY,07042,MONTCLAIR,N,C,NA,C,NA
34 PLYMOUTH STREET,07042,MONTCLAIR,N,C,NA,C,NA
34 PRESCOTT AVENUE,07042,MONTCLAIR,N,C,NA,C,NA
34 PARK STREET,07043,MONTCLAIR,N,C,NA,O,Iron
34 RIVERVIEW DRIVE,07043,MONTCLAIR,N,C,NA,C,NA
34 S WILLOW STREET,07042,MONTCLAIR,N,C,NA,C,NA
34 SAINT LUKES PLACE,07042,MONTCLAIR,N,C,NA,C,NA
34 STEPHEN STREET,07042,MONTCLAIR,N,C,NA,C,NA
34 STANFORD PLACE,07042,MONTCLAIR,N,C,NA,C,NA
34 THE FAIRWAY,07043,MONTCLAIR,N,C,NA,C,NA
34 TUXEDO ROAD,07042,MONTCLAIR,N,C,NA,C,NA
34 TUERS PLACE,07043,MONTCLAIR,N,C,NA,C,NA
34 UNION STREET,07042,MONTCLAIR,N,C,NA,C,NA
34 WARMAN STREET,07042,MONTCLAIR,N,C,NA,C,NA
34 WINDEMERE ROAD,07043,MONTCLAIR,N,C,NA,C,NA
34 WATCHUNG AVENUE,07043,MONTCLAIR,Y,C,NA,G,NA
34 WELLESLEY ROAD,07043,MONTCLAIR,N,C,NA,C,NA
34 WILLIAM STREET,07042,MONTCLAIR,N,C,NA,C,NA
34 WILLOWDALE AVENUE,07042,MONTCLAIR,N,C,NA,C,NA
34 WINDSOR PLACE,07043,MONTCLAIR,N,C,NA,C,NA
340 BLOOMFIELD AVENUE,07042,MONTCLAIR,N,C,NA,C,NA
340 HIGHLAND AVENUE,07043,MONTCLAIR,N,C,NA,C,NA
340 N FULLERTON AVENUE,07042,MONTCLAIR,N,C,NA,C,NA
340 ORANGE ROAD,07042,MONTCLAIR,N,C,NA,C,NA
340 UPPER MOUNTAIN AVENUE,07042,MONTCLAIR,Y,UX,NA,G,NA
341 HIGHLAND AVENUE,07043,MONTCLAIR,N,C,NA,C,NA
341 N FULLERTON AVENUE,07042,MONTCLAIR,N,C,NA,C,NA
341 ORANGE ROAD,07042,MONTCLAIR,N,C,NA,C,NA
342 BLOOMFIELD AVENUE,07042,MONTCLAIR,N,C,NA,C,NA
342 PARK STREET,07043,MONTCLAIR,N,C,NA,C,NA
343 BLOOMFIELD AVENUE,07042,MONTCLAIR,N,C,NA,C,NA
343 N FULLERTON AVENUE,07042,MONTCLAIR,Y,C,NA,UX,NA
343 ORANGE ROAD,07042,MONTCLAIR,N,C,NA,C,NA
343 UPPER MOUNTAIN AVENUE,07042,MONTCLAIR,N,C,NA,C,NA
344 BLOOMFIELD AVENUE,07042,MONTCLAIR,N,C,NA,C,NA
344 HIGHLAND AVENUE,07043,MONTCLAIR,N,C,NA,C,NA
344 N FULLERTON AVENUE,07042,MONTCLAIR,N,C,NA,C,NA
344 N MOUNTAIN AVENUE,07042,MONTCLAIR,N,C,NA,C,NA
345 BLOOMFIELD AVENUE,07042,MONTCLAIR,N,C,NA,C,NA
345 CLAREMONT AVENUE,07042,MONTCLAIR,N,C,NA,C,NA
345 GROVE STREET,07043,MONTCLAIR,N,C,NA,C,NA
345 HIGHLAND AVENUE,07043,MONTCLAIR,Y,C,NA,UX,NA
345 N FULLERTON AVENUE,07042,MONTCLAIR,Y,C,NA,G,NA
345 PARK STREET,07043,MONTCLAIR,N,C,NA,C,NA
346 BLOOMFIELD AVENUE,07042,MONTCLAIR,N,C,NA,C,NA
346 N MOUNTAIN AVENUE,07042,MONTCLAIR,N,C,NA,C,NA
346 PARK STREET,07043,MONTCLAIR,N,C,NA,C,NA
346 UPPER MOUNTAIN AVENUE,07042,MONTCLAIR,N,C,NA,C,NA
347 GROVE STREET,07043,MONTCLAIR,N,C,NA,C,NA
347 N FULLERTON AVENUE,07042,MONTCLAIR,N,C,NA,C,NA
347 ORANGE ROAD,07042,MONTCLAIR,N,C,NA,C,NA
347 UPPER MOUNTAIN AVENUE,07042,MONTCLAIR,N,C,NA,C,NA
347-9 BLOOMFIELD AVENUE,07042,MONTCLAIR,N,C,NA,C,NA
347-A ORANGE ROAD,07042,MONTCLAIR,N,C,NA,C,NA
348 BLOOMFIELD AVENUE,07042,MONTCLAIR,N,C,NA,C,NA
348 HIGHLAND AVENUE,07043,MONTCLAIR,Y,C,NA,G,NA
348 N FULLERTON AVENUE,07042,MONTCLAIR,N,C,NA,C,NA
349 GROVE STREET,07043,MONTCLAIR,N,C,NA,C,NA
349 HIGHLAND AVENUE,07043,MONTCLAIR,N,C,NA,C,NA
349 N FULLERTON AVENUE,07042,MONTCLAIR,N,C,NA,C,NA
349 ORANGE ROAD,07042,MONTCLAIR,N,C,NA,C,NA
349 PARK STREET,07043,MONTCLAIR,N,C,NA,C,NA
349 UPPER MOUNTAIN AVENUE,07042,MONTCLAIR,N,C,NA,C,NA
35 AFTERGLOW WAY,07044,MONTCLAIR,N,C,NA,C,NA
35 ALEXANDER AVENUE,07043,MONTCLAIR,N,C,NA,C,NA
35 AUBREY ROAD,07043,MONTCLAIR,N,C,NA,C,NA
35 BROOKFIELD ROAD 1ST,07043,MONTCLAIR,N,C,NA,C,NA
35 BROOKFIELD ROAD 2ND,07043,MONTCLAIR,N,C,NA,C,NA
35 BRUCE ROAD,07043,MONTCLAIR,N,C,NA,C,NA
35 CAROLIN ROAD,07043,MONTCLAIR,N,C,NA,C,NA
35 CLAREMONT AVENUE,07042,MONTCLAIR,N,C,NA,C,NA
35 CLINTON AVENUE,07042,MONTCLAIR,N,C,NA,C,NA
35 CLOVERHILL PLACE,07042,MONTCLAIR,N,C,NA,C,NA
35 COLLEGE AVENUE,07043,MONTCLAIR,N,C,NA,C,NA
35 CAMBRIDGE ROAD,07042,MONTCLAIR,N,C,NA,C,NA
35 DRAPER TERRACE,07042,MONTCLAIR,N,C,NA,C,NA
35 DODD STREET,07042,MONTCLAIR,Y,C,NA,G,NA
35 ELMWOOD AVENUE,07042,MONTCLAIR,N,C,NA,C,NA
35 EDGECLIFF ROAD,07043,MONTCLAIR,N,C,NA,C,NA
35 EDGEWOOD ROAD,07042,MONTCLAIR,N,C,NA,C,NA
35 ELSTON ROAD,07043,MONTCLAIR,Y,C,NA,G,NA
35 ENFIELD AVENUE,07042,MONTCLAIR,N,C,NA,C,NA
35 ESSEX AVENUE,07042,MONTCLAIR,N,C,NA,C,NA
35 FAIRVIEW PLACE,07043,MONTCLAIR,N,C,NA,C,NA
35 FOREST STREET,07042,MONTCLAIR,N,C,NA,C,NA
35 FRANKLIN PLACE,07042,MONTCLAIR,N,C,NA,C,NA
35 GATES AVENUE,07042,MONTCLAIR,N,C,NA,C,NA
35 GEORGE STREET,07042,MONTCLAIR,N,C,NA,C,NA
35 GLENWOOD ROAD,07043,MONTCLAIR,N,C,NA,C,NA
35 GODFREY ROAD,07043,MONTCLAIR,N,C,NA,C,NA
35 GRENADA PLACE,07042,MONTCLAIR,N,C,NA,C,NA
35 GEORGE STREET,07042,MONTCLAIR,N,C,NA,C,NA
35 HARVARD STREET,07042,MONTCLAIR,N,C,NA,C,NA
35 HIGH STREET,07042,MONTCLAIR,N,C,NA,C,NA
35 HILLSIDE AVENUE,07042,MONTCLAIR,N,C,NA,C,NA
35 HOWE AVENUE,07042,MONTCLAIR,N,C,NA,C,NA
35 IRVING STREET,07042,MONTCLAIR,N,C,NA,C,NA
35 JAMES STREET,07042,MONTCLAIR,Y,C,NA,O,BRASS
35 LINDEN AVENUE:SEE 821400-1,07042,MONTCLAIR,N,C,NA,C,NA
35 LLOYD ROAD,07042,MONTCLAIR,N,C,NA,C,NA
35 LEXINGTON AVENUE,07042,MONTCLAIR,N,C,NA,C,NA
35 MACOPIN AVENUE,07043,MONTCLAIR,N,C,NA,C,NA
35 MADISON AVENUE,07042,MONTCLAIR,N,C,NA,C,NA
35 MARQUETTE ROAD,07043,MONTCLAIR,N,C,NA,C,NA
35 MIDLAND AVENUE,07042,MONTCLAIR,N,C,NA,C,NA
35 MONTCLAIR AVENUE,07043,MONTCLAIR,N,C,NA,C,NA
35 MONTCLAIR AVENUE 2ND,07043,MONTCLAIR,N,C,NA,C,NA
35 MONTCLAIR AVENUE 3RD,07043,MONTCLAIR,N,C,NA,C,NA
35 MONTAGUE PLACE,07042,MONTCLAIR,N,C,NA,C,NA
35 N WILLOW STREET 2ND,07042,MONTCLAIR,N,C,NA,C,NA
35 N WILLOW STREET-1ST,07042,MONTCLAIR,N,C,NA,C,NA
35 NEW STREET,07042,MONTCLAIR,N,C,NA,C,NA
35 NORMAN ROAD,07043,MONTCLAIR,N,C,NA,C,NA
35 OXFORD STREET,07042,MONTCLAIR,N,C,NA,C,NA
35 PARK STREET,07043,MONTCLAIR,N,C,NA,C,NA
35 PARKWAY,07043,MONTCLAIR,N,C,NA,C,NA
35 PLEASANT AVENUE,07042,MONTCLAIR,N,C,NA,C,NA
35 PORTER PLACE,07042,MONTCLAIR,N,C,NA,C,NA
35 RIVERVIEW DRIVE,07043,MONTCLAIR,N,C,NA,C,NA
35 S WILLOW STREET,07042,MONTCLAIR,N,C,NA,C,NA
35 STEPHEN STREET,07042,MONTCLAIR,N,C,NA,C,NA
35 STONEBRIDGE ROAD,07042,MONTCLAIR,Y,C,NA,O,BRASS
35 TUXEDO ROAD,07042,MONTCLAIR,N,C,NA,C,NA
35 THE FAIRWAY,07043,MONTCLAIR,N,C,NA,C,NA
35 VIRGINIA AVENUE,07042,MONTCLAIR,N,C,NA,C,NA
35 WARFIELD STREET,07043,MONTCLAIR,N,C,NA,C,NA
35 WARREN PLACE,07042,MONTCLAIR,N,C,NA,C,NA
35 WATCHUNG PLAZA,07042,MONTCLAIR,N,C,NA,C,NA
35 WAYSIDE PLACE,07042,MONTCLAIR,N,C,NA,C,NA
35 WOODMONT ROAD,07043,MONTCLAIR,N,C,NA,C,NA
35 WATCHUNG AVENUE,07043,MONTCLAIR,N,C,NA,C,NA
35 WHEELER STREET,07042,MONTCLAIR,Y,C,NA,UX,NA
35-37 CENTRAL AVENUE,07042,MONTCLAIR,N,C,NA,C,NA
35-37 PORTLAND PLACE,07042,MONTCLAIR,N,C,NA,C,NA
350 BLOOMFIELD AVENUE,07042,MONTCLAIR,N,C,NA,C,NA
350 GROVE STREET,07043,MONTCLAIR,N,C,NA,C,NA
350 HIGHLAND AVENUE,07043,MONTCLAIR,N,C,NA,C,NA
350 N FULLERTON AVENUE,07042,MONTCLAIR,N,C,NA,C,NA
350 PARK STREET,07043,MONTCLAIR,N,C,NA,C,NA
350 UPPER MOUNTAIN AVENUE,07042,MONTCLAIR,N,C,NA,C,NA
351 GROVE STREET,07043,MONTCLAIR,N,C,NA,C,NA
351 HIGHLAND AVENUE,07043,MONTCLAIR,N,C,NA,C,NA
351 N FULLERTON AVENUE,07042,MONTCLAIR,N,C,NA,C,NA
351 ORANGE ROAD,07042,MONTCLAIR,Y,G,NA,C,NA
352 BLOOMFIELD AVENUE,07042,MONTCLAIR,N,C,NA,C,NA
352 N FULLERTON AVENUE,07042,MONTCLAIR,N,C,NA,C,NA
352 N MOUNTAIN AVENUE,07042,MONTCLAIR,N,C,NA,C,NA
353 HIGHLAND AVENUE,07043,MONTCLAIR,N,C,NA,C,NA
353 N FULLERTON AVENUE,07042,MONTCLAIR,N,C,NA,C,NA
353 ORANGE ROAD,07042,MONTCLAIR,N,C,NA,C,NA
353 UPPER MOUNTAIN AVENUE,07042,MONTCLAIR,N,C,NA,C,NA
354 GROVE STREET,07043,MONTCLAIR,N,C,NA,C,NA
354 N FULLERTON AVENUE,07042,MONTCLAIR,N,C,NA,C,NA
354 ORANGE ROAD,07042,MONTCLAIR,N,C,NA,C,NA
354 ORANGE ROAD - A/NORTH,07042,MONTCLAIR,N,C,NA,C,NA
354 ORANGE ROAD - B/SOUTH,07042,MONTCLAIR,N,C,NA,C,NA
354 UPPER MOUNTAIN AVENUE,07042,MONTCLAIR,N,C,NA,C,NA
354 WASHINGTON STREET,07042,MONTCLAIR,N,C,NA,C,NA
355 N FULLERTON AVENUE,07042,MONTCLAIR,N,C,NA,C,NA
356 HIGHLAND AVENUE,07043,MONTCLAIR,N,C,NA,C,NA
356 N MOUNTAIN AVENUE,07042,MONTCLAIR,N,C,NA,C,NA
356 PARK STREET,07043,MONTCLAIR,N,C,NA,C,NA
357 N FULLERTON AVENUE,07042,MONTCLAIR,N,C,NA,C,NA
357 ORANGE ROAD,07042,MONTCLAIR,N,C,NA,C,NA
357 PARK STREET,07043,MONTCLAIR,N,C,NA,C,NA
358 GROVE STREET,07043,MONTCLAIR,N,C,NA,C,NA
358 N FULLERTON AVENUE,07042,MONTCLAIR,N,C,NA,C,NA
359 N FULLERTON AVENUE,07042,MONTCLAIR,N,C,NA,C,NA
359 ORANGE ROAD,07042,MONTCLAIR,N,C,NA,C,NA
359 UPPER MOUNTAIN AVENUE,07042,MONTCLAIR,N,C,NA,C,NA
35B AFTERGLOW WAY,07044,MONTCLAIR,N,C,NA,C,NA
36 AFTERGLOW WAY,07044,MONTCLAIR,N,C,NA,C,NA
36 AUBREY ROAD,07043,MONTCLAIR,N,C,NA,C,NA
36 BROOKFIELD ROAD,07043,MONTCLAIR,N,C,NA,C,NA
36 BRUCE ROAD,07043,MONTCLAIR,N,C,NA,C,NA
36 CLOVERHILL PLACE,07042,MONTCLAIR,N,C,NA,C,NA
36 COLLEGE AVENUE,07043,MONTCLAIR,N,C,NA,C,NA
36 CROSS STREET,07042,MONTCLAIR,N,C,NA,C,NA
36 CAMBRIDGE ROAD,07042,MONTCLAIR,N,C,NA,C,NA
36 CAROLIN ROAD,07043,MONTCLAIR,N,C,NA,C,NA
36 CENTRAL AVENUE,07042,MONTCLAIR,N,C,NA,C,NA
36 DODD STREET,07042,MONTCLAIR,N,C,NA,C,NA
36 DRAPER TERRACE,07042,MONTCLAIR,N,C,NA,C,NA
36 EAGLE ROCK WAY,07042,MONTCLAIR,N,C,NA,C,NA
36 ERWIN PARK ROAD,07042,MONTCLAIR,N,C,NA,C,NA
36 EDGEMONT ROAD,07042,MONTCLAIR,N,C,NA,C,NA
36 ELSTON ROAD,07043,MONTCLAIR,Y,C,NA,G,NA
36 FAIRVIEW PLACE,07043,MONTCLAIR,N,C,NA,C,NA
36 FRANKLIN AVENUE,07042,MONTCLAIR,N,C,NA,C,NA
36 FAIRFIELD STREET,07042,MONTCLAIR,N,C,NA,C,NA
36 FOREST STREET,07042,MONTCLAIR,N,C,NA,C,NA
36 FREDERICK STREET,07042,MONTCLAIR,N,C,NA,C,NA
36 GATES AVENUE,07042,MONTCLAIR,N,C,NA,C,NA
36 GLENWOOD ROAD,07043,MONTCLAIR,N,C,NA,C,NA
36 GODFREY ROAD,07043,MONTCLAIR,N,C,NA,C,NA
36 GRAY STREET,07042,MONTCLAIR,N,C,NA,C,NA
36 GREENVIEW WAY,07043,MONTCLAIR,N,C,NA,C,NA
36 GLENRIDGE PARKWAY,07042,MONTCLAIR,N,C,NA,C,NA
36 HARVARD STREET,07042,MONTCLAIR,N,C,NA,C,NA
36 HAWTHORNE PLACE,07042,MONTCLAIR,N,C,NA,C,NA
36 JAMES STREET,07042,MONTCLAIR,N,C,NA,C,NA
36 LINDEN AVENUE,07042,MONTCLAIR,N,C,NA,C,NA
36 LLOYD ROAD,07042,MONTCLAIR,N,C,NA,C,NA
36 LEXINGTON AVENUE,07042,MONTCLAIR,N,C,NA,C,NA
36 MAPLE AVENUE,07042,MONTCLAIR,N,C,NA,C,NA
36 MARQUETTE ROAD,07043,MONTCLAIR,N,C,NA,C,NA
36 MARSTON PLACE,07042,MONTCLAIR,N,C,NA,C,NA
36 MELROSE PLACE,07042,MONTCLAIR,N,C,NA,C,NA
36 MISSION STREET,07042,MONTCLAIR,N,C,NA,C,NA
36 MONTAGUE PLACE,07042,MONTCLAIR,N,C,NA,C,NA
36 MONTCLAIR AVENUE,07043,MONTCLAIR,N,C,NA,C,NA
36 MACOPIN AVENUE,07043,MONTCLAIR,Y,C,NA,G,NA
36 MARION ROAD,07043,MONTCLAIR,N,C,NA,C,NA
36 MOUNTAINSIDE PARK TERRACE,07043,MONTCLAIR,Y,C,NA,UX,NA
36 N WILLOW STREET,07042,MONTCLAIR,N,C,NA,C,NA
36 NISHUANE ROAD,07042,MONTCLAIR,N,C,NA,C,NA
36 NORMAL AVENUE,07043,MONTCLAIR,N,C,NA,C,NA
36 PARK STREET,07043,MONTCLAIR,N,C,NA,C,NA
36 PLYMOUTH STREET,07042,MONTCLAIR,N,C,NA,C,NA
36 PORTLAND PLACE,07042,MONTCLAIR,N,C,NA,C,NA
36 PRESCOTT AVENUE,07042,MONTCLAIR,N,C,NA,C,NA
36 PROSPECT AVENUE,07042,MONTCLAIR,N,C,NA,C,NA
36 S WILLOW STREET,07042,MONTCLAIR,N,C,NA,C,NA
36 SAINT LUKES PLACE,07042,MONTCLAIR,N,C,NA,C,NA
36 STEPHEN STREET,07042,MONTCLAIR,N,C,NA,C,NA
36 STONEBRIDGE ROAD,07042,MONTCLAIR,N,C,NA,C,NA
36 THE FAIRWAY,07043,MONTCLAIR,N,C,NA,C,NA
36 TUERS PLACE,07043,MONTCLAIR,N,C,NA,C,NA
36 TUXEDO ROAD,07042,MONTCLAIR,N,C,NA,C,NA
36 VALLEY ROAD,07043,MONTCLAIR,N,O,I,O,I
36 VALLEY ROAD,07043,MONTCLAIR,N,O,Iron,O,Iron
36 WALNUT STREET,07042,MONTCLAIR,N,C,NA,C,NA
36 WARFIELD STREET,07043,MONTCLAIR,N,C,NA,C,NA
36 WARREN PLACE,07042,MONTCLAIR,N,C,NA,C,NA
36 WHEELER STREET,07042,MONTCLAIR,N,C,NA,C,NA
36 WILLIAM STREET,07042,MONTCLAIR,N,C,NA,C,NA
36 WILLOWDALE AVENUE,07042,MONTCLAIR,N,C,NA,C,NA
36 WINDEMERE ROAD,07043,MONTCLAIR,N,C,NA,C,NA
36 WINDSOR PLACE,07043,MONTCLAIR,N,C,NA,C,NA
36 WOODMONT ROAD,07043,MONTCLAIR,N,C,NA,C,NA
36 WATCHUNG AVENUE,07043,MONTCLAIR,N,C,NA,C,NA
360 HIGHLAND AVENUE,07043,MONTCLAIR,N,C,NA,C,NA
360 N FULLERTON AVENUE,07042,MONTCLAIR,N,C,NA,C,NA
360 UPPER MOUNTAIN AVENUE,07042,MONTCLAIR,N,C,NA,C,NA
361 N FULLERTON AVENUE,07042,MONTCLAIR,N,C,NA,C,NA
361 ORANGE ROAD,07042,MONTCLAIR,Y,C,NA,C,NA
362 HIGHLAND AVENUE,07043,MONTCLAIR,N,C,NA,C,NA
362 PARK STREET,07043,MONTCLAIR,N,C,NA,C,NA
363 BLOOMFIELD AVENUE,07042,MONTCLAIR,N,C,NA,C,NA
363 BLOOMFIELD AVENUE-#1,07042,MONTCLAIR,N,C,NA,C,NA
363 BLOOMFIELD AVENUE-#8,07042,MONTCLAIR,N,C,NA,C,NA
363 BLOOMFIELD AVENUE-HOUSE/BATHR,07042,MONTCLAIR,N,C,NA,C,NA
363 BLOOMFIELD AVENUE/HOUSE METER,07042,MONTCLAIR,N,C,NA,C,NA
363 BLOOMFIELD AVENUE,07042,MONTCLAIR,Y,C,NA,UX,NA
363 GROVE STREET,07043,MONTCLAIR,N,C,NA,C,NA
363 PARK STREET,07043,MONTCLAIR,N,C,NA,C,NA
363 UPPER MOUNTAIN AVENUE,07042,MONTCLAIR,N,C,NA,C,NA
364 HIGHLAND AVENUE,07043,MONTCLAIR,N,C,NA,C,NA
364 N FULLERTON AVENUE,07042,MONTCLAIR,N,C,NA,C,NA
364 N MOUNTAIN AVENUE,07042,MONTCLAIR,N,C,NA,C,NA
364 ORANGE ROAD,07042,MONTCLAIR,N,C,NA,C,NA
364 PARK STREET,07043,MONTCLAIR,N,C,NA,C,NA
365 N FULLERTON AVENUE,07042,MONTCLAIR,N,C,NA,C,NA
365 ORANGE ROAD,07042,MONTCLAIR,N,C,NA,C,NA
365 PARK STREET,07043,MONTCLAIR,N,C,NA,C,NA
366 N MOUNTAIN AVENUE,07042,MONTCLAIR,N,C,NA,C,NA
366 UPPER MOUNTAIN AVENUE,07042,MONTCLAIR,N,C,NA,C,NA
367 ORANGE ROAD,07042,MONTCLAIR,Y,C,NA,L,NA
368 HIGHLAND AVENUE,07043,MONTCLAIR,N,C,NA,C,NA
368 ORANGE ROAD,07042,MONTCLAIR,N,O,Iron,UX,NA
369 BLOOMFIELD AVENUE,07042,MONTCLAIR,N,C,NA,C,NA
369 CLAREMONT AVENUE,07042,MONTCLAIR,N,C,NA,C,NA
369 ORANGE ROAD,07042,MONTCLAIR,N,C,NA,C,NA
369 PARK STREET,07043,MONTCLAIR,N,C,NA,C,NA
369 UPPER MOUNTAIN AVENUE,07042,MONTCLAIR,N,C,NA,C,NA
37 ARDSLEY ROAD,07042,MONTCLAIR,N,C,NA,C,NA
37 AUBREY ROAD,07043,MONTCLAIR,N,C,NA,C,NA
37 AFTERGLOW WAY,07044,MONTCLAIR,Y,C,NA,UX,NA
37 BRADFORD AVENUE,07043,MONTCLAIR,N,C,NA,C,NA
37 BROOKFIELD ROAD,07043,MONTCLAIR,N,C,NA,C,NA
37 BRUNSWICK ROAD,07042,MONTCLAIR,N,C,NA,C,NA
37 CAROLIN ROAD,07043,MONTCLAIR,N,C,NA,C,NA
37 CLAREMONT AVENUE,07042,MONTCLAIR,N,C,NA,C,NA
37 CLOVERHILL PLACE,07042,MONTCLAIR,N,C,NA,C,NA
37 COLLEGE AVENUE,07043,MONTCLAIR,N,C,NA,C,NA
37 CAMBRIDGE ROAD,07042,MONTCLAIR,Y,C,NA,G,NA
37 DRAPER TERRACE,07042,MONTCLAIR,N,C,NA,C,NA
37 DODD STREET,07042,MONTCLAIR,N,C,NA,C,NA
37 ELMWOOD AVENUE,07042,MONTCLAIR,N,C,NA,C,NA
37 ENFIELD AVENUE,07042,MONTCLAIR,Y,C,NA,UX,NA
37 ERWIN PARK ROAD,07042,MONTCLAIR,N,C,NA,C,NA
37 ESSEX AVENUE,07042,MONTCLAIR,Y,C,NA,G,NA
37 FAIRVIEW PLACE,07043,MONTCLAIR,N,C,NA,C,NA
37 FOREST STREET,07042,MONTCLAIR,N,C,NA,C,NA
37 FRANKLIN PLACE,07042,MONTCLAIR,Y,C,NA,UX,NA
37 GATES AVENUE,07042,MONTCLAIR,N,C,NA,C,NA
37 GLENWOOD ROAD,07043,MONTCLAIR,N,C,NA,C,NA
37 GRAY STREET,07042,MONTCLAIR,N,C,NA,C,NA
37 GREENVIEW WAY,07043,MONTCLAIR,N,C,NA,C,NA
37 HARVARD STREET,07042,MONTCLAIR,N,C,NA,C,NA
37 IRVING STREET,07042,MONTCLAIR,N,C,NA,C,NA
37 JAMES STREET,07042,MONTCLAIR,N,C,NA,C,NA
37 LINDEN AVENUE 1ST,07042,MONTCLAIR,N,C,NA,C,NA
37 LINDEN AVENUE 2ND,07042,MONTCLAIR,N,C,NA,C,NA
37 MARION ROAD,07043,MONTCLAIR,N,C,NA,C,NA
37 MARQUETTE ROAD,07043,MONTCLAIR,N,C,NA,C,NA
37 MELROSE PLACE,07042,MONTCLAIR,N,C,NA,C,NA
37 MONTCLAIR AVENUE,07043,MONTCLAIR,N,C,NA,C,NA
37 MACOPIN AVENUE,07043,MONTCLAIR,N,C,NA,C,NA
37 MIDLAND AVENUE 1ST,07042,MONTCLAIR,Y,C,NA,UX,NA
37 MIDLAND AVENUE 2ND,07042,MONTCLAIR,Y,C,NA,UX,NA
37 N FULLERTON AVENUE,07042,MONTCLAIR,N,C,NA,C,NA
37 N MOUNTAIN AVENUE,07042,MONTCLAIR,N,C,NA,C,NA
37 NISHUANE ROAD,07042,MONTCLAIR,N,C,NA,C,NA
37 NWILLOW STREET,07042,MONTCLAIR,N,C,NA,C,NA
37 ORANGE ROAD,07042,MONTCLAIR,N,C,NA,C,NA
37 OXFORD STREET,07042,MONTCLAIR,N,C,NA,C,NA
37 OAKWOOD AVENUE,07043,MONTCLAIR,N,C,NA,C,NA
37 PLEASANT AVENUE,07042,MONTCLAIR,N,C,NA,C,NA
37 THE CRESCENT,07042,MONTCLAIR,N,C,NA,C,NA
37 THE FAIRWAY,07043,MONTCLAIR,N,C,NA,C,NA
37 TICHENOR PLACE,07042,MONTCLAIR,N,C,NA,C,NA
37 TUXEDO ROAD,07042,MONTCLAIR,Y,C,NA,G,NA
37 VIRGINIA AVENUE,07042,MONTCLAIR,Y,UX,NA,C,NA
37 WARFIELD STREET,07043,MONTCLAIR,N,C,NA,C,NA
37 WARREN PLACE,07042,MONTCLAIR,N,C,NA,C,NA
37 WASHINGTON STREET,07042,MONTCLAIR,N,C,NA,C,NA
37 WASHINGTON STREET-1ST,07042,MONTCLAIR,N,C,NA,C,NA
37 WASHINGTON STREET-2ND,07042,MONTCLAIR,N,C,NA,C,NA
37 WASHINGTON STREET-2ND RIGHT,07042,MONTCLAIR,N,C,NA,C,NA
37 WATCHUNG AVENUE,07043,MONTCLAIR,N,C,NA,C,NA
37 WATCHUNG PLAZA,07042,MONTCLAIR,N,C,NA,C,NA
37 WHEELER STREET 1ST,07042,MONTCLAIR,N,C,NA,C,NA
37 WHEELER STREET 2ND,07042,MONTCLAIR,N,C,NA,C,NA
370 BLOOMFIELD AVENUE,07042,MONTCLAIR,Y,C,NA,UX,NA
370 CLAREMONT AVENUE,07042,MONTCLAIR,N,C,NA,C,NA
370 N MOUNTAIN AVENUE,07042,MONTCLAIR,N,C,NA,C,NA
370 ORANGE ROAD,07042,MONTCLAIR,N,C,NA,C,NA
371 CLAREMONT AVENUE,07042,MONTCLAIR,N,C,NA,C,NA
371 ORANGE ROAD,07042,MONTCLAIR,N,C,NA,C,NA
371 UPPER MOUNTAIN AVENUE,07042,MONTCLAIR,N,C,NA,C,NA
372 HIGHLAND AVENUE,07043,MONTCLAIR,N,C,NA,C,NA
372 N MOUNTAIN AVENUE,07042,MONTCLAIR,N,C,NA,C,NA
372 ORANGE ROAD,07042,MONTCLAIR,N,O,Iron,C,NA
372 PARK STREET,07043,MONTCLAIR,N,C,NA,C,NA
372 UPPER MOUNTAIN AVENUE,07042,MONTCLAIR,N,C,NA,C,NA
373 CLAREMONT AVENUE,07042,MONTCLAIR,N,C,NA,C,NA
373 ORANGE ROAD,07042,MONTCLAIR,N,C,NA,C,NA
374 N FULLERTON AVENUE,07042,MONTCLAIR,N,C,NA,C,NA
374 PARK STREET,07043,MONTCLAIR,Y,C,NA,O,BRASS
375 BLOOMFIELD AVENUE,07042,MONTCLAIR,N,C,NA,C,NA
375 CLAREMONT AVENUE,07042,MONTCLAIR,N,C,NA,C,NA
375 HIGHLAND AVENUE,07043,MONTCLAIR,N,C,NA,C,NA
375 ORANGE ROAD,07042,MONTCLAIR,N,C,NA,C,NA
375 PARK STREET,07043,MONTCLAIR,N,C,NA,C,NA
375 UPPER MOUNTAIN AVENUE,07042,MONTCLAIR,N,C,NA,C,NA
376 HIGHLAND AVENUE,07043,MONTCLAIR,N,C,NA,C,NA
376 N FULLERTON AVENUE,07042,MONTCLAIR,N,C,NA,C,NA
376 N MOUNTAIN AVENUE,07042,MONTCLAIR,N,C,NA,C,NA
376 ORANGE ROAD,07042,MONTCLAIR,Y,C,NA,G,NA
376 UPPER MOUNTAIN AVENUE,07042,MONTCLAIR,N,C,NA,C,NA
377 BLOOMFIELD AVENUE,07042,MONTCLAIR,N,C,NA,C,NA
377 PARK STREET,07043,MONTCLAIR,N,C,NA,C,NA
378 N MOUNTAIN AVENUE,07042,MONTCLAIR,N,C,NA,C,NA
378 ORANGE ROAD,07042,MONTCLAIR,N,C,NA,C,NA
378 PARK STREET,07043,MONTCLAIR,Y,C,NA,L,NA
378 UPPER MOUNTAIN AVENUE,07042,MONTCLAIR,N,C,NA,C,NA
379 BLOOMFIELD AVENUE,07042,MONTCLAIR,N,C,NA,C,NA
379 GROVE STREET,07043,MONTCLAIR,N,C,NA,C,NA
379 HIGHLAND AVENUE,07043,MONTCLAIR,N,C,NA,C,NA
379 N FULLERTON AVENUE,07042,MONTCLAIR,N,C,NA,C,NA
379 ORANGE ROAD,07042,MONTCLAIR,N,C,NA,C,NA
379 PARK STREET,07043,MONTCLAIR,N,C,NA,C,NA
379 UPPER MOUNTAIN AVENUE,07042,MONTCLAIR,N,C,NA,C,NA
38 AFTERGLOW WAY,07044,MONTCLAIR,N,C,NA,C,NA
38 ARDSLEY ROAD,07042,MONTCLAIR,N,C,NA,C,NA
38 AUBREY ROAD,07043,MONTCLAIR,N,C,NA,C,NA
38 BROOKFIELD ROAD 1ST,07043,MONTCLAIR,N,C,NA,C,NA
38 BROOKFIELD ROAD 2ND,07043,MONTCLAIR,N,C,NA,C,NA
38 BRUCE ROAD,07043,MONTCLAIR,N,C,NA,C,NA
38 CAROLIN ROAD,07043,MONTCLAIR,N,C,NA,C,NA
38 CENTRAL AVENUE,07042,MONTCLAIR,N,C,NA,C,NA
38 CLAREMONT AVENUE,07042,MONTCLAIR,N,C,NA,C,NA
38 COLLEGE AVENUE,07043,MONTCLAIR,N,C,NA,C,NA
38 CAMBRIDGE ROAD,07042,MONTCLAIR,N,C,NA,C,NA
38 CHRISTOPHER STREET,07043,MONTCLAIR,Y,C,NA,UX,NA
38 DODD STREET,07042,MONTCLAIR,N,C,NA,C,NA
38 ELMWOOD AVENUE,07042,MONTCLAIR,N,C,NA,C,NA
38 ERWIN PARK ROAD,07042,MONTCLAIR,N,C,NA,C,NA
38 FAIRVIEW PLACE,07043,MONTCLAIR,N,C,NA,C,NA
38 FOREST STREET,07042,MONTCLAIR,N,C,NA,C,NA
38 FRANKLIN PLACE,07042,MONTCLAIR,N,C,NA,C,NA
38 GATES AVENUE,07042,MONTCLAIR,N,C,NA,C,NA
38 GLENWOOD ROAD,07043,MONTCLAIR,N,C,NA,C,NA
38 GODFREY ROAD,07043,MONTCLAIR,N,C,NA,C,NA
38 GREENVIEW WAY,07043,MONTCLAIR,N,C,NA,C,NA
38 HIGHLAND AVENUE,07043,MONTCLAIR,N,C,NA,C,NA
38 HILLSIDE AVENUE,07042,MONTCLAIR,N,C,NA,C,NA
38 HOWE AVENUE,07042,MONTCLAIR,Y,C,NA,UX,NA
38 IRVING STREET,07042,MONTCLAIR,N,C,NA,C,NA
38 JAMES STREET,07042,MONTCLAIR,N,C,NA,C,NA
38 LEXINGTON AVENUE 1ST,07042,MONTCLAIR,Y,C,NA,UX,NA
38 LEXINGTON AVENUE 2ND,07042,MONTCLAIR,Y,C,NA,UX,NA
38 MARION ROAD,07043,MONTCLAIR,N,C,NA,C,NA
38 MARQUETTE ROAD,07043,MONTCLAIR,N,C,NA,C,NA
38 MELROSE PLACE,07042,MONTCLAIR,N,C,NA,C,NA
38 MONTAGUE PLACE,07042,MONTCLAIR,N,C,NA,C,NA
38 MONTCLAIR AVENUE,07043,MONTCLAIR,N,C,NA,C,NA
38 MACOPIN AVENUE,07043,MONTCLAIR,N,C,NA,C,NA
38 MADISON AVENUE,07042,MONTCLAIR,Y,C,NA,G,NA
38 MAPLE AVENUE,07042,MONTCLAIR,N,C,NA,C,NA
38 N WILLOW STREET,07042,MONTCLAIR,N,C,NA,C,NA
38 NORMAL AVENUE,07043,MONTCLAIR,N,C,NA,C,NA
38 NISHUANE ROAD,07042,MONTCLAIR,N,C,NA,C,TOWN SIDE REPLACED 9-5-24
38 NORMAN ROAD,07043,MONTCLAIR,N,C,NA,C,NA
38 OXFORD STREET,07042,MONTCLAIR,N,C,NA,C,NA
38 PARK STREET,07043,MONTCLAIR,N,C,NA,C,NA
38 PORTER PLACE,07042,MONTCLAIR,N,C,NA,C,NA
38 PROSPECT AVENUE,07042,MONTCLAIR,N,C,NA,C,NA
38 S WILLOW STREET,07042,MONTCLAIR,Y,C,NA,G,NA
38 SAINT LUKES PLACE 1ST,07042,MONTCLAIR,N,C,NA,C,NA
38 SAINT LUKES PLACE 2ND,07042,MONTCLAIR,N,C,NA,C,NA
38 SHERMAN STREET,07042,MONTCLAIR,N,C,NA,C,NA
38 STEPHEN STREET,07042,MONTCLAIR,N,C,NA,C,NA
38 THE FAIRWAY,07043,MONTCLAIR,N,C,NA,C,NA
38 WALNUT STREET 1ST,07042,MONTCLAIR,N,C,NA,C,NA
38 WALNUT STREET 2ND,07042,MONTCLAIR,N,C,NA,C,NA
38 WARMAN STREET,07042,MONTCLAIR,N,C,NA,C,NA
38 WARREN PLACE,07042,MONTCLAIR,N,C,NA,C,NA
38 WATCHUNG AVENUE,07043,MONTCLAIR,N,C,NA,C,NA
38 WILLOWDALE AVENUE,07042,MONTCLAIR,N,C,NA,C,NA
38 WINDEMERE ROAD,07043,MONTCLAIR,N,C,NA,C,NA
38 WINDSOR PLACE,07043,MONTCLAIR,N,C,NA,C,NA
38 WARFIELD STREET,07043,MONTCLAIR,Y,C,NA,G,NA
38 WARMAN STREET 1ST,07042,MONTCLAIR,N,C,NA,C,NA
380 CLAREMONT AVENUE,07042,MONTCLAIR,N,C,NA,C,NA
380 GROVE STREET,07043,MONTCLAIR,N,C,NA,C,NA
380 N FULLERTON AVENUE,07042,MONTCLAIR,N,C,NA,C,NA
380 N MOUNTAIN AVENUE,07042,MONTCLAIR,N,C,NA,C,NA
381 BLOOMFIELD AVENUE,07042,MONTCLAIR,N,C,NA,C,NA
381 HIGHLAND AVENUE,07043,MONTCLAIR,N,C,NA,C,NA
381 PARK STREET,07043,MONTCLAIR,N,C,NA,C,NA
382 GROVE STREET,07043,MONTCLAIR,N,C,NA,C,NA
382 HIGHLAND AVENUE,07043,MONTCLAIR,N,C,NA,C,NA
382 ORANGE ROAD 1ST,07042,MONTCLAIR,N,C,NA,C,NA
382 ORANGE ROAD 2ND,07042,MONTCLAIR,N,C,NA,C,NA
382 PARK STREET,07043,MONTCLAIR,N,C,NA,C,NA
383 ORANGE ROAD,07042,MONTCLAIR,N,C,NA,C,NA
383 PARK STREET,07043,MONTCLAIR,N,C,NA,C,NA
383 UPPER MOUNTAIN AVENUE,07042,MONTCLAIR,N,C,NA,C,NA
384 HIGHLAND AVENUE,07043,MONTCLAIR,N,C,NA,C,NA
384 N FULLERTON AVENUE,07042,MONTCLAIR,N,C,NA,C,NA
384 UPPER MOUNTAIN AVENUE,07042,MONTCLAIR,N,C,NA,C,NA
385 BLOOMFIELD AVENUE,07042,MONTCLAIR,N,C,NA,C,NA
385 GROVE STREET,07043,MONTCLAIR,N,C,NA,C,NA
385 HIGHLAND AVENUE,07043,MONTCLAIR,N,C,NA,C,NA
386 N FULLERTON AVENUE,07042,MONTCLAIR,N,C,NA,C,NA
386 ORANGE ROAD 1ST,07042,MONTCLAIR,N,C,NA,C,NA
386 ORANGE ROAD 2ND,07042,MONTCLAIR,N,C,NA,C,NA
386 PARK STREET,07043,MONTCLAIR,N,C,NA,C,NA
386 UPPER MOUNTAIN AVENUE,07042,MONTCLAIR,N,C,NA,C,NA
387 BLOOMFIELD AVENUE,07042,MONTCLAIR,N,C,NA,C,NA
387 HIGHLAND AVENUE,07043,MONTCLAIR,N,C,NA,C,NA
387 ORANGE ROAD,07042,MONTCLAIR,N,C,NA,C,NA
387 PARK STREET,07043,MONTCLAIR,N,C,NA,C,NA
387 UPPER MOUNTAIN AVENUE,07042,MONTCLAIR,N,C,NA,C,NA
388 N FULLERTON AVENUE,07042,MONTCLAIR,N,C,NA,C,NA
388 ORANGE ROAD,07042,MONTCLAIR,N,C,NA,C,NA
389 GROVE STREET,07043,MONTCLAIR,N,C,NA,C,NA
389 ORANGE ROAD,07042,MONTCLAIR,Y,G,NA,C,NA
39 AFTERGLOW WAY,07044,MONTCLAIR,N,C,NA,C,NA
39 ALEXANDER AVENUE,07043,MONTCLAIR,N,C,NA,C,NA
39 ARDSLEY ROAD,07042,MONTCLAIR,N,C,NA,C,NA
39 BRADFORD AVENUE,07043,MONTCLAIR,N,C,NA,C,NA
39 BRUNSWICK ROAD,07042,MONTCLAIR,N,C,NA,C,NA
39 CENTRAL AVENUE 2ND,07042,MONTCLAIR,N,C,NA,C,NA
39 CENTRAL AVENUE-1ST,07042,MONTCLAIR,N,C,NA,C,NA
39 CLUB ROAD,07043,MONTCLAIR,N,C,NA,C,NA
39 COLLEGE AVENUE,07043,MONTCLAIR,N,C,NA,C,NA
39 CLAREMONT AVENUE,07042,MONTCLAIR,Y,C,NA,UX,NA
39 DRAPER TERRACE,07042,MONTCLAIR,N,C,NA,C,NA
39 ELSTON ROAD,07043,MONTCLAIR,N,C,NA,C,NA
39 ERWIN PARK ROAD,07042,MONTCLAIR,N,C,NA,C,NA
39 ESSEX AVENUE,07042,MONTCLAIR,N,C,NA,C,NA
39 ELMWOOD AVENUE 1ST,07042,MONTCLAIR,N,C,NA,C,NA
39 ELMWOOD AVENUE 2ND,07042,MONTCLAIR,N,C,NA,C,NA
39 ENFIELD AVENUE,07042,MONTCLAIR,N,C,NA,C,NA
39 FOREST STREET,07042,MONTCLAIR,N,C,NA,C,NA
39 FAIRVIEW PLACE,07043,MONTCLAIR,Y,C,NA,O,BRASS
39 GATES AVENUE,07042,MONTCLAIR,N,C,NA,C,NA
39 GLENWOOD ROAD,07043,MONTCLAIR,N,C,NA,C,NA
39 GORDONHURST AVENUE,07043,MONTCLAIR,N,C,NA,C,NA
39 GREENVIEW WAY,07043,MONTCLAIR,N,C,NA,C,NA
39 GLENRIDGE AVENUE,07042,MONTCLAIR,N,C,NA,C,NA
39 GRAY STREET,07042,MONTCLAIR,N,C,NA,C,NA
39 HARRISON AVENUE,07042,MONTCLAIR,N,C,NA,C,NA
39 HARVARD STREET,07042,MONTCLAIR,N,C,NA,C,NA
39 HILLSIDE AVENUE,07042,MONTCLAIR,N,C,NA,C,NA
39 HOWE AVENUE 1ST,07042,MONTCLAIR,N,C,NA,C,NA
39 HOWE AVENUE 2ND,07042,MONTCLAIR,N,C,NA,C,NA
39 HIGH STREET,07042,MONTCLAIR,N,C,NA,C,NA
39 IRVING STREET,07042,MONTCLAIR,N,C,NA,C,NA
39 JAMES STREET,07042,MONTCLAIR,N,C,NA,C,NA
39 LINDEN AVENUE 1ST,07042,MONTCLAIR,N,C,NA,C,NA
39 LEXINGTON AVENUE 1ST,07042,MONTCLAIR,N,C,NA,C,NA
39 LEXINGTON AVENUE 2ND,07042,MONTCLAIR,Y,C,NA,UX,NA
39 LLOYD ROAD,07042,MONTCLAIR,N,C,NA,C,NA
39 MARION ROAD,07043,MONTCLAIR,N,C,NA,C,NA
39 MARQUETTE ROAD,07043,MONTCLAIR,N,C,NA,C,NA
39 MIDLAND AVENUE,07042,MONTCLAIR,N,C,NA,C,NA
39 MONTCLAIR AVENUE,07043,MONTCLAIR,N,C,NA,C,NA
39 MACOPIN AVENUE,07043,MONTCLAIR,N,C,NA,C,NA
39 MADISON AVENUE,07042,MONTCLAIR,Y,C,NA,L,NA
39 MELROSE PLACE,07042,MONTCLAIR,N,C,NA,C,NA
39 N MOUNTAIN AVENUE,07042,MONTCLAIR,N,C,NA,C,NA
39 NISHUANE ROAD,07042,MONTCLAIR,N,C,NA,C,NA
39 NORMAN ROAD,07043,MONTCLAIR,Y,C,NA,O,BRASS
39 PLEASANT AVENUE,07042,MONTCLAIR,N,C,NA,C,NA
39 PLEASANT WAY,07042,MONTCLAIR,N,C,NA,C,NA
39 PORTER PLACE,07042,MONTCLAIR,N,C,NA,C,NA
39 S WILLOW STREET,07042,MONTCLAIR,N,C,NA,C,NA
39 THE CRESCENT,07042,MONTCLAIR,N,C,NA,C,NA
39 THE FAIRWAY,07043,MONTCLAIR,N,C,NA,C,NA
39 TICHENOR PLACE,07042,MONTCLAIR,N,C,NA,C,NA
39 UPPER MOUNTAIN AVENUE,07042,MONTCLAIR,N,C,NA,C,NA
39 WALNUT CRESCENT,07042,MONTCLAIR,N,C,NA,C,NA
39 WALNUT STREET 1ST,07042,MONTCLAIR,N,C,NA,C,NA
39 WALNUT STREET 2ND,07042,MONTCLAIR,N,C,NA,C,NA
39 WAYSIDE PLACE,07042,MONTCLAIR,N,C,NA,C,NA
39 WINDEMERE ROAD,07043,MONTCLAIR,N,C,NA,C,NA
39 WATCHUNG AVENUE,07043,MONTCLAIR,N,C,NA,O,Iron
39-41 N FULLERTON AVENUE,07042,MONTCLAIR,N,C,NA,C,NA
39-41 NEW STREET,07042,MONTCLAIR,N,C,NA,C,NA
39-41 S FULLERTON AVENUE,07042,MONTCLAIR,N,C,NA,C,NA
390 HIGHLAND AVENUE,07043,MONTCLAIR,N,C,NA,C,NA
390 N FULLERTON AVENUE,07042,MONTCLAIR,N,C,NA,C,NA
390 ORANGE ROAD,07042,MONTCLAIR,N,C,NA,C,NA
391 GROVE STREET,07043,MONTCLAIR,N,C,NA,C,NA
391 HIGHLAND AVENUE,07043,MONTCLAIR,Y,C,NA,O,BRASS
391 ORANGE ROAD,07042,MONTCLAIR,N,C,NA,C,NA
391 UPPER MOUNTAIN AVENUE,07042,MONTCLAIR,N,C,NA,C,NA
392 HIGHLAND AVENUE,07043,MONTCLAIR,N,C,NA,C,NA
392 N FULLERTON AVENUE,07042,MONTCLAIR,N,C,NA,C,NA
392 UPPER MOUNTAIN AVENUE,07042,MONTCLAIR,N,C,NA,C,NA
393 BLOOMFIELD AVENUE,07042,MONTCLAIR,N,C,NA,C,NA
393 GROVE STREET,07043,MONTCLAIR,N,C,NA,C,NA
393 HIGHLAND AVENUE,07043,MONTCLAIR,N,C,NA,C,NA
393 N FULLERTON AVENUE,07042,MONTCLAIR,N,C,NA,C,NA
394 N FULLERTON AVENUE,07042,MONTCLAIR,N,C,NA,C,NA
395 BLOOMFIELD AVENUE,07042,MONTCLAIR,N,C,NA,C,NA
395 CLAREMONT AVENUE,07042,MONTCLAIR,N,C,NA,C,NA
395 GROVE STREET,07043,MONTCLAIR,N,C,NA,C,NA
395 N FULLERTON AVENUE,07042,MONTCLAIR,N,C,NA,C,NA
395 ORANGE ROAD,07042,MONTCLAIR,N,C,NA,C,NA
395 UPPER MOUNTAIN AVENUE,07042,MONTCLAIR,N,C,NA,C,NA
396 GROVE STREET,07043,MONTCLAIR,N,C,NA,C,NA
396 HIGHLAND AVENUE,07043,MONTCLAIR,Y,C,NA,UX,NA
396 N FULLERTON AVENUE,07042,MONTCLAIR,N,C,NA,C,NA
397 BLOOMFIELD AVENUE,07042,MONTCLAIR,N,C,NA,C,NA
397 N FULLERTON AVENUE,07042,MONTCLAIR,N,C,NA,C,NA
398 GROVE STREET,07043,MONTCLAIR,N,C,NA,C,NA
398 UPPER MOUNTAIN AVENUE,07042,MONTCLAIR,N,C,NA,C,NA
398-408 BLOOMFIELD AVENUE,07042,MONTCLAIR,N,C,NA,C,NA
399 BLOOMFIELD AVENUE,07042,MONTCLAIR,N,C,NA,C,NA
399 N FULLERTON AVENUE,07042,MONTCLAIR,N,C,NA,C,NA
39A JAMES STREET,07042,MONTCLAIR,N,C,NA,C,NA
4 ALEXANDER AVENUE,07043,MONTCLAIR,N,C,NA,C,NA
4 ALVIN PLACE,07043,MONTCLAIR,N,C,NA,C,NA
4 APPLETON PLACE,07043,MONTCLAIR,N,C,NA,C,NA
4 ARGYLE ROAD,07043,MONTCLAIR,N,C,NA,C,NA
4 ALEXANDER COURT,07043,MONTCLAIR,N,C,NA,C,NA
4 AMHERST PLACE,07043,MONTCLAIR,N,C,NA,C,NA
4 AUBREY ROAD,07043,MONTCLAIR,N,C,NA,C,NA
4 BELVIDERE PLACE,07042,MONTCLAIR,N,C,NA,C,NA
4 BELLEGROVE DRIVE,07043,MONTCLAIR,N,C,NA,C,NA
4 CAREY COURT,07042,MONTCLAIR,N,C,NA,C,NA
4 CARRIAGE WAY,07042,MONTCLAIR,N,C,NA,C,NA
4 CHESTER ROAD,07043,MONTCLAIR,N,C,NA,C,NA
4 CHRISTOPHER COURT,07042,MONTCLAIR,N,C,NA,C,NA
4 CLAREMONT PLACE,07042,MONTCLAIR,N,C,NA,C,NA
4 CLOVERHILL PLACE,07042,MONTCLAIR,N,C,NA,C,NA
4 CLUB STREET 1ST,07042,MONTCLAIR,N,C,NA,C,NA
4 CLUB STREET 2ND,07042,MONTCLAIR,N,C,NA,C,NA
4 COLUMBUS AVENUE,07042,MONTCLAIR,N,C,NA,C,NA
4 CRESTVIEW COURT,07042,MONTCLAIR,N,C,NA,C,NA
4 CURTIS TERRACE,07042,MONTCLAIR,N,C,NA,C,NA
4 CLAIRIDGE COURT,07042,MONTCLAIR,Y,C,NA,L,NA
4 DEY STREET,07042,MONTCLAIR,N,C,NA,C,NA
4 DURYEA ROAD,07043,MONTCLAIR,N,C,NA,C,NA
4 ELIZABETH ROAD,07043,MONTCLAIR,N,C,NA,C,NA
4 EUCLID PLACE,07042,MONTCLAIR,N,C,NA,C,NA
4 ERWIN PARK,07042,MONTCLAIR,N,C,NA,C,NA
4 FERNCLIFF TERRACE,07042,MONTCLAIR,N,C,NA,C,NA
4 FESSLER PLACE,07042,MONTCLAIR,N,C,NA,C,NA
4 FRANCIS PLACE,07042,MONTCLAIR,N,C,NA,C,NA
4 GARFIELD PLACE,07043,MONTCLAIR,N,C,NA,C,NA
4 GATES LANE,07042,MONTCLAIR,N,C,NA,C,NA
4 GLENRIDGE PKWY,07042,MONTCLAIR,N,C,NA,C,NA
4 GLENSIDE TERRACE,07043,MONTCLAIR,N,C,NA,C,NA
4 GODFREY ROAD,07043,MONTCLAIR,N,C,NA,C,NA
4 GRAHAM TERRACE,07042,MONTCLAIR,N,C,NA,C,NA
4 GRAY STREET,07042,MONTCLAIR,N,C,NA,C,NA
4 GREENVIEW WAY,07043,MONTCLAIR,Y,C,NA,G,NA
4 GROVE TERRACE,07042,MONTCLAIR,N,C,NA,C,NA
4 HARRISON AVENUE,07042,MONTCLAIR,N,C,NA,C,NA
4 HAWTHORNE PLACE,07042,MONTCLAIR,N,C,NA,C,NA
4 HAWTHORNE PLACE 2ND,07042,MONTCLAIR,N,C,NA,C,NA
4 HIGH TERRACE,07042,MONTCLAIR,N,C,NA,C,NA
4 HIGHLAND AVENUE,07043,MONTCLAIR,N,C,NA,C,NA
4 HILLTOP PLACE,07042,MONTCLAIR,N,C,NA,C,NA
4 HOLLAND TERRACE,07042,MONTCLAIR,N,C,NA,C,NA
4 HOLLYWOOD AVENUE,07042,MONTCLAIR,N,C,NA,C,NA
4 INWOOD TERRACE,07043,MONTCLAIR,N,C,NA,C,NA
4 KIPS RIDGE,07044,MONTCLAIR,N,C,NA,C,NA
4 KIPS RIDGE-SPRINKLER,07044,MONTCLAIR,N,C,NA,C,NA
4 KENNETH ROAD,07043,MONTCLAIR,N,C,NA,C,NA
4 LACKAWANNA PLAZA,07042,MONTCLAIR,N,C,NA,C,NA
4 LANSING PLACE,07043,MONTCLAIR,N,C,NA,C,NA
4 LASALLE ROAD,07043,MONTCLAIR,N,C,NA,C,NA
4 LAUREL PLACE PLAZA 1ST FL,07043,MONTCLAIR,N,C,NA,C,NA
4 LAUREL PLACE PLAZA 2ND FL,07043,MONTCLAIR,N,C,NA,C,NA
4 LEWIS COURT,07042,MONTCLAIR,N,C,NA,C,NA
4 LOCUST DRIVE,07042,MONTCLAIR,N,C,NA,O,brass
4 MACOPIN AVENUE,07043,MONTCLAIR,N,C,NA,C,NA
4 MADISON AVENUE,07042,MONTCLAIR,N,C,NA,C,NA
4 MARQUETTE ROAD,07043,MONTCLAIR,N,C,NA,C,NA
4 MELROSE PLACE,07042,MONTCLAIR,N,C,NA,C,NA
4 MENDL TERRACE,07042,MONTCLAIR,N,C,NA,C,NA
4 MOUNT VERNON ROAD,07043,MONTCLAIR,N,C,NA,C,NA
4 MOUNTAIN PLACE,07043,MONTCLAIR,N,C,NA,C,NA
4 N BROOKWOOD DRIVE,07042,MONTCLAIR,N,C,NA,C,NA
4 NORMAN ROAD,07043,MONTCLAIR,N,C,NA,C,NA
4 NOTTING HILL WAY,07042,MONTCLAIR,N,C,NA,C,NA
4 NASSAU ROAD,07043,MONTCLAIR,N,C,NA,C,NA
4 OAKCROFT AVENUE,07043,MONTCLAIR,N,C,NA,C,NA
4 ORCHARD COURT,07042,MONTCLAIR,N,C,NA,C,NA
4 PARK TERRACE,07043,MONTCLAIR,N,C,NA,C,NA
4 PARKSIDE PLACE,07043,MONTCLAIR,N,C,NA,C,NA
4 ROCKLEDGE ROAD,07042,MONTCLAIR,N,C,NA,C,NA
4 ROSEDALE AVENUE,07042,MONTCLAIR,N,C,NA,C,NA
4 RUSSELL TERRACE,07042,MONTCLAIR,N,C,NA,C,NA
4 RIVERVIEW DRIVE W,07043,MONTCLAIR,Y,C,NA,UX,NA
4 RYDAL PLACE 1ST,07042,MONTCLAIR,Y,C,NA,UX,NA
4 RYDAL PLACE 2ND,07042,MONTCLAIR,Y,C,NA,UX,NA
4 S BROOKWOOD DR,07042,MONTCLAIR,N,C,NA,C,NA
4 STONEBRIDGE ROAD,07042,MONTCLAIR,N,C,NA,C,NA
4 STONEHENGE ROAD,07043,MONTCLAIR,N,C,NA,C,NA
4 TUERS PLACE,07043,MONTCLAIR,N,C,NA,C,NA
4 THE FAIRWAY,07043,MONTCLAIR,Y,C,NA,G,NA
4 VALLEY PLACE,07043,MONTCLAIR,N,C,NA,C,NA
4 VAN BREEMEN COURT,07043,MONTCLAIR,N,C,NA,C,NA
4 VERA PLACE,07042,MONTCLAIR,N,C,NA,C,NA
4 WALNUT PLACE 1ST,07042,MONTCLAIR,N,C,NA,C,NA
4 WALNUT PLACE 2ND,07042,MONTCLAIR,N,C,NA,C,NA
4 WASHINGTON STREET,07042,MONTCLAIR,N,C,NA,C,NA
4 WATERBURY ROAD,07043,MONTCLAIR,N,C,NA,C,NA
4 WELLESLEY ROAD,07043,MONTCLAIR,N,C,NA,C,NA
4 WILDE PLACE,07042,MONTCLAIR,N,C,NA,C,NA
4 WILFRED STREET,07042,MONTCLAIR,N,C,NA,C,NA
4 WILLOWDALE COURT,07042,MONTCLAIR,N,C,NA,C,NA
4 WOODMONT ROAD,07043,MONTCLAIR,N,C,NA,C,NA
4 WARREN PLACE,07042,MONTCLAIR,Y,C,NA,UX,NA
4 WINDSOR PLACE,07043,MONTCLAIR,Y,C,NA,UX,NA
4 YALE TERRACE,07042,MONTCLAIR,N,C,NA,C,NA
40 AFTERGLOW WAY,07044,MONTCLAIR,N,C,NA,C,NA
40 ALEXANDER AVENUE,07043,MONTCLAIR,N,C,NA,C,NA
40 ARDSLEY ROAD,07042,MONTCLAIR,N,C,NA,C,NA
40 AUBREY ROAD,07043,MONTCLAIR,N,C,NA,C,NA
40 BRADFORD AVENUE,07043,MONTCLAIR,N,C,NA,C,NA
40 BROOKFIELD ROAD 1ST,07043,MONTCLAIR,Y,C,NA,UX,NA
40 BROOKFIELD ROAD 2ND,07043,MONTCLAIR,Y,C,NA,UX,NA
40 CENTRAL AVENUE,07042,MONTCLAIR,N,C,NA,C,NA
40 CENTRAL AVENUE 1ST,07042,MONTCLAIR,N,C,NA,C,NA
40 CHURCH STREET,07042,MONTCLAIR,N,C,NA,C,NA
40 CLAREMONT AVENUE,07042,MONTCLAIR,N,C,NA,C,NA
40 CLUB ROAD,07043,MONTCLAIR,N,C,NA,C,NA
40 CROSS STREET,07042,MONTCLAIR,N,C,NA,C,NA
40 CHRISTOPHER STREET,07043,MONTCLAIR,N,C,NA,C,NA
40 DODD STREET,07042,MONTCLAIR,N,C,NA,C,NA
40 EDGEMONT ROAD,07042,MONTCLAIR,N,C,NA,C,NA
40 ELMWOOD AVENUE,07042,MONTCLAIR,N,C,NA,C,NA
40 ELSTON ROAD,07043,MONTCLAIR,N,C,NA,C,NA
40 FAIRVIEW PLACE,07043,MONTCLAIR,N,C,NA,C,NA
40 FRANKLIN PLACE,07042,MONTCLAIR,N,C,NA,C,NA
40 FAIRFIELD STREET,07042,MONTCLAIR,N,C,NA,C,NA
40 FOREST STREET,07042,MONTCLAIR,N,C,NA,C,NA
40 FREDERICK STREET,07042,MONTCLAIR,N,C,NA,C,NA
40 GATES AVENUE,07042,MONTCLAIR,N,C,NA,C,NA
40 GLENWOOD ROAD,07043,MONTCLAIR,N,C,NA,C,NA
40 GORDONHURST AVENUE,07043,MONTCLAIR,N,C,NA,C,NA
40 GRAY STREET,07042,MONTCLAIR,N,C,NA,C,NA
40 GODFREY ROAD,07043,MONTCLAIR,Y,C,NA,G,NA
40 HARRISON AVENUE,07042,MONTCLAIR,N,C,NA,C,NA
40 IRVING STREET,07042,MONTCLAIR,N,C,NA,C,NA
40 LEXINGTON AVENUE,07042,MONTCLAIR,N,C,NA,C,NA
40 LLOYD ROAD,07042,MONTCLAIR,Y,C,NA,L,NA
40 MACOPIN AVENUE,07043,MONTCLAIR,N,C,NA,C,NA
40 MADISON AVENUE,07042,MONTCLAIR,N,C,NA,C,NA
40 MARION ROAD,07043,MONTCLAIR,N,C,NA,C,NA
40 MONTCLAIR AVENUE,07043,MONTCLAIR,N,C,NA,C,NA
40 MOUNT HEBRON ROAD,07043,MONTCLAIR,N,C,NA,C,NA
40 MAPLE AVENUE,07042,MONTCLAIR,N,C,NA,C,NA
40 MELROSE PLACE,07042,MONTCLAIR,N,C,NA,C,NA
40 MONTAGUE PLACE,07042,MONTCLAIR,N,C,NA,C,NA
40 N WILLOW STREET,07042,MONTCLAIR,N,C,NA,C,NA
40 N WILLOW STREET 1ST,07042,MONTCLAIR,Y,C,NA,UX,NA
40 NISHUANE ROAD,07042,MONTCLAIR,N,C,NA,C,NA
40 NORMAL AVENUE,07043,MONTCLAIR,N,C,NA,C,NA
40 NORTHVIEW AVENUE,07043,MONTCLAIR,N,C,NA,C,NA
40 OXFORD STREET,07042,MONTCLAIR,N,C,NA,C,NA
40 OAKWOOD AVENUE,07043,MONTCLAIR,N,C,NA,C,NA
40 PARK STREET,07043,MONTCLAIR,N,C,NA,C,NA
40 PLEASANT WAY,07042,MONTCLAIR,N,C,NA,C,NA
40 PROSPECT AVENUE,07042,MONTCLAIR,N,C,NA,C,NA
40 S FULLERTON AVENUE,07042,MONTCLAIR,N,C,NA,C,NA
40 S MOUNTAIN AVENUE,07042,MONTCLAIR,N,C,NA,C,NA
40 S WILLOW STREET,07042,MONTCLAIR,N,C,NA,C,NA
40 SAINT LUKES PLACE 2ND,07042,MONTCLAIR,N,C,NA,C,NA
40 SAINT LUKES PLACE-1ST,07042,MONTCLAIR,N,C,NA,C,NA
40 SFULLERTON AVENUE,07042,MONTCLAIR,N,C,NA,C,NA
40 SHERMAN STREET,07042,MONTCLAIR,N,C,NA,C,NA
40 THE FAIRWAY,07043,MONTCLAIR,N,C,NA,C,NA
40 UNION STREET,07042,MONTCLAIR,N,C,NA,C,NA
40 UPPER MOUNTAIN AVENUE,07042,MONTCLAIR,N,C,NA,C,NA
40 WARMAN STREET 1ST,07042,MONTCLAIR,N,C,NA,C,NA
40 WARMAN STREET 2ND,07042,MONTCLAIR,N,C,NA,C,NA
40 WARREN PLACE,07042,MONTCLAIR,N,C,NA,C,NA
40 WHEELER STREET,07042,MONTCLAIR,N,C,NA,C,NA
40 WATCHUNG AVENUE,07043,MONTCLAIR,N,C,NA,C,NA
40 WAYSIDE PLACE,07042,MONTCLAIR,N,C,NA,C,NA
40 WOODMONT ROAD,07043,MONTCLAIR,N,C,NA,C,NA
400 GROVE STREET,07043,MONTCLAIR,Y,C,NA,O,BRASS
400 HIGHLAND AVENUE,07043,MONTCLAIR,N,C,NA,C,NA
400 N FULLERTON AVENUE,07042,MONTCLAIR,Y,C,NA,G,NA
401 BLOOMFIELD AVENUE,07042,MONTCLAIR,N,C,NA,C,NA
401 N FULLERTON AVENUE,07042,MONTCLAIR,N,C,NA,C,NA
401 PARK STREET,07043,MONTCLAIR,N,C,NA,C,NA
401 UPPER MOUNTAIN AVENUE,07042,MONTCLAIR,N,C,NA,C,NA
401-3 ORANGE ROAD,07042,MONTCLAIR,N,C,NA,C,NA
402 N FULLERTON AVENUE,07042,MONTCLAIR,N,C,NA,C,NA
402 UPPER MOUNTAIN AVENUE,07042,MONTCLAIR,Y,G,NA,C,NA
403 BLOOMFIELD AVENUE,07042,MONTCLAIR,N,C,NA,C,NA
403 CLAREMONT AVENUE,07042,MONTCLAIR,N,C,NA,C,NA
403 N FULLERTON AVENUE,07042,MONTCLAIR,N,C,NA,C,NA
403 UPPER MOUNTAIN AVENUE,07042,MONTCLAIR,N,C,NA,C,NA
404 GROVE STREET,07043,MONTCLAIR,N,C,NA,C,NA
404 N FULLERTON AVENUE,07042,MONTCLAIR,N,C,NA,C,NA
404 UPPER MOUNTAIN AVENUE,07042,MONTCLAIR,N,C,NA,C,NA
405 BLOOMFIELD AVENUE,07042,MONTCLAIR,N,C,NA,C,NA
405 BLOOMFIELD AVENUE 2ND,07042,MONTCLAIR,N,C,NA,C,NA
405 CLAREMONT AVENUE,07042,MONTCLAIR,N,C,NA,C,NA
405 HIGHLAND AVENUE,07043,MONTCLAIR,N,C,NA,C,NA
405 N FULLERTON AVENUE,07042,MONTCLAIR,N,C,NA,C,NA
405 ORANGE ROAD,07042,MONTCLAIR,Y,C,NA,UX,NA
405 PARK STREET,07043,MONTCLAIR,N,C,NA,C,NA
405 UPPER MOUNTAIN AVENUE,07042,MONTCLAIR,N,C,NA,C,NA
407 BLOOMFIELD AVENUE,07042,MONTCLAIR,N,C,NA,C,NA
407 ORANGE ROAD,07042,MONTCLAIR,N,C,NA,O,Iron
407 PARK STREET,07043,MONTCLAIR,N,C,NA,C,NA
407 UPPER MOUNTAIN AVENUE,07042,MONTCLAIR,N,C,NA,C,NA
407 VALLEY ROAD 1ST,07043,MONTCLAIR,N,C,NA,C,NA
407 VALLEY ROAD 2ND,07043,MONTCLAIR,N,C,NA,C,NA
408 GROVE STREET,07043,MONTCLAIR,N,C,NA,C,NA
408 HIGHLAND AVENUE,07043,MONTCLAIR,N,C,NA,C,NA
408 ORANGE ROAD,07042,MONTCLAIR,Y,C,NA,UX,NA
408 UPPER MOUNTAIN AVENUE,07042,MONTCLAIR,N,C,NA,C,NA
408 WASHINGTON AVENUE,07042,MONTCLAIR,N,C,NA,C,NA
409 BLOOMFIELD AVENUE,07042,MONTCLAIR,N,C,NA,C,NA
409 HIGHLAND AVENUE,07043,MONTCLAIR,N,C,NA,C,NA
409 ORANGE ROAD,07042,MONTCLAIR,N,C,NA,C,NA
409 PARK STREET,07043,MONTCLAIR,N,C,NA,C,NA
409 UPPER MOUNTAIN AVENUE,07042,MONTCLAIR,N,C,NA,C,NA
409 VALLEY ROAD 1ST,07043,MONTCLAIR,N,C,NA,C,NA
409 VALLEY ROAD 2ND,07043,MONTCLAIR,N,C,NA,C,NA
41 AFTERGLOW WAY,07044,MONTCLAIR,N,C,NA,C,NA
41 ALEXANDER AVENUE,07043,MONTCLAIR,N,C,NA,C,NA
41 AUBREY ROAD,07043,MONTCLAIR,N,C,NA,C,NA
41 BRADFORD AVENUE,07043,MONTCLAIR,N,C,NA,C,NA
41 BROOKFIELD ROAD,07043,MONTCLAIR,N,C,NA,C,NA
41 BRUNSWICK ROAD,07042,MONTCLAIR,N,C,NA,C,NA
41 BEVERLY ROAD,07043,MONTCLAIR,N,C,NA,C,NA
41 CAMBRIDGE ROAD,07042,MONTCLAIR,N,C,NA,C,NA
41 CAROLIN ROAD,07043,MONTCLAIR,N,C,NA,C,NA
41 CENTRAL AVENUE,07042,MONTCLAIR,N,C,NA,C,NA
41 CHESTNUT STREET,07042,MONTCLAIR,N,C,NA,C,NA
41 COLLEGE AVENUE,07043,MONTCLAIR,N,C,NA,C,NA
41 ELMWOOD AVENUE,07042,MONTCLAIR,N,C,NA,C,NA
41 ELMWOOD AVENUE 1ST,07042,MONTCLAIR,N,C,NA,C,NA
41 ELMWOOD AVENUE 2ND,07042,MONTCLAIR,N,C,NA,C,NA
41 ELSTON ROAD,07043,MONTCLAIR,N,C,NA,C,NA
41 ERWIN PARK ROAD,07042,MONTCLAIR,N,C,NA,C,NA
41 FAIRVIEW PLACE,07043,MONTCLAIR,N,C,NA,C,NA
41 FOREST STREET,07042,MONTCLAIR,N,C,NA,C,NA
41 FRANKLIN PLACE,07042,MONTCLAIR,Y,C,NA,G,NA
41 GATES AVENUE,07042,MONTCLAIR,N,C,NA,C,NA
41 GLENRIDGE AVENUE,07042,MONTCLAIR,N,C,NA,C,NA
41 GORDONHURST AVENUE,07043,MONTCLAIR,N,C,NA,C,NA
41 GREENWOOD AVENUE,07042,MONTCLAIR,N,C,NA,C,NA
41 HARRISON AVENUE,07042,MONTCLAIR,N,C,NA,C,NA
41 IRVING STREET,07042,MONTCLAIR,N,C,NA,C,NA
41 JAMES STREET,07042,MONTCLAIR,N,C,NA,C,NA
41 JAMES STREET 2ND,07042,MONTCLAIR,N,C,NA,C,NA
41 LEXINGTON AVENUE-1ST,07042,MONTCLAIR,N,C,NA,C,NA
41 LEXINGTON AVENUE-2ND,07042,MONTCLAIR,N,C,NA,C,NA
41 MACOPIN AVENUE,07043,MONTCLAIR,N,C,NA,C,NA
41 MARQUETTE ROAD,07043,MONTCLAIR,N,C,NA,C,NA
41 MONTAGUE PLACE,07042,MONTCLAIR,N,C,NA,C,NA
41 MONTCLAIR AVENUE,07043,MONTCLAIR,N,C,NA,C,NA
41 MELROSE PLACE,07042,MONTCLAIR,Y,C,NA,G,NA
41 N WILLOW STREET,07042,MONTCLAIR,N,C,NA,C,NA
41 NORMAN ROAD,07043,MONTCLAIR,N,C,NA,C,NA
41 OXFORD STREET,07042,MONTCLAIR,N,C,NA,C,NA
41 OAKWOOD AVENUE,07043,MONTCLAIR,N,C,NA,C,NA
41 PLYMOUTH STREET,07042,MONTCLAIR,N,C,NA,C,NA
41 PORTLAND PLACE,07042,MONTCLAIR,N,C,NA,C,NA
41 PORTLAND PLACE-2ND,07042,MONTCLAIR,N,C,NA,C,NA
41 PROSPECT AVENUE,07042,MONTCLAIR,N,C,NA,C,NA
41 S MOUNTAIN AVENUE,07042,MONTCLAIR,N,C,NA,C,NA
41 S WILLOW STREET,07042,MONTCLAIR,N,C,NA,C,NA
41 THE CRESCENT,07042,MONTCLAIR,N,C,NA,C,NA
41 TUXEDO ROAD,07042,MONTCLAIR,N,C,NA,C,NA
41 UNION STREET,07042,MONTCLAIR,N,C,NA,C,NA
41 WALNUT CRESCENT,07042,MONTCLAIR,N,C,NA,C,NA
41 WARREN PLACE,07042,MONTCLAIR,N,C,NA,C,NA
41 WATCHUNG AVENUE,07043,MONTCLAIR,N,C,NA,C,NA
410 GROVE STREET,07043,MONTCLAIR,N,C,NA,C,NA
410 HIGHLAND AVENUE,07043,MONTCLAIR,N,C,NA,C,NA
410 ORANGE ROAD,07042,MONTCLAIR,N,C,NA,C,NA
410 PARK STREET,07043,MONTCLAIR,N,C,NA,C,NA
410 UPPER MOUNTAIN AVENUE,07042,MONTCLAIR,N,C,NA,C,NA
410 VALLEY ROAD 1ST,07043,MONTCLAIR,N,C,NA,O,Iron
410 VALLEY ROAD 2ND,07043,MONTCLAIR,N,C,NA,O,Iron
410 WASHINGTON AVENUE,07042,MONTCLAIR,Y,C,NA,UX,NA
411 1/2 ORANGE ROAD,07042,MONTCLAIR,N,C,NA,C,NA
411 BLOOMFIELD AVENUE,07042,MONTCLAIR,Y,C,NA,G,NA
411 HIGHLAND AVENUE,07043,MONTCLAIR,N,C,NA,C,NA
411 ORANGE ROAD,07042,MONTCLAIR,N,C,NA,C,NA
411 PARK STREET,07043,MONTCLAIR,N,C,NA,C,NA
412 GROVE STREET,07043,MONTCLAIR,N,C,NA,C,NA
412 HIGHLAND AVENUE,07043,MONTCLAIR,N,C,NA,C,NA
412 PARK STREET,07043,MONTCLAIR,N,C,NA,C,NA
412 UPPER MOUNTAIN AVENUE,07042,MONTCLAIR,N,C,NA,C,NA
412 VALLEY ROAD 1ST,07043,MONTCLAIR,N,C,NA,C,NA
412 VALLEY ROAD 2ND,07043,MONTCLAIR,N,C,NA,C,NA
412 WASHINGTON AVENUE,07042,MONTCLAIR,N,C,NA,C,NA
412-A PARK STREET,07043,MONTCLAIR,N,C,NA,C,NA
413 BLOOMFIELD AVENUE,07042,MONTCLAIR,N,C,NA,C,NA
413 ORANGE ROAD,07042,MONTCLAIR,N,C,NA,C,NA
414 VALLEY ROAD 1ST,07043,MONTCLAIR,N,C,NA,C,NA
414 VALLEY ROAD 2ND,07043,MONTCLAIR,N,C,NA,C,NA
414 WASHINGTON AVENUE,07042,MONTCLAIR,Y,G,NA,C,NA
415 BLOOMFIELD AVENUE,07042,MONTCLAIR,Y,C,NA,UX,NA
415 CLAREMONT AVENUE,07042,MONTCLAIR,N,C,NA,C,NA
415 ORANGE ROAD,07042,MONTCLAIR,N,C,NA,C,NA
415 UPPER MOUNTAIN AVENUE,07042,MONTCLAIR,N,C,NA,C,NA
415 VALLEY ROAD,07043,MONTCLAIR,Y,C,NA,L,NA
416 BLOOMFIELD AVENUE,07042,MONTCLAIR,N,C,NA,C,NA
416 VALLEY ROAD 1ST,07043,MONTCLAIR,N,C,NA,C,NA
416 VALLEY ROAD 2ND,07043,MONTCLAIR,N,C,NA,C,NA
416 WASHINGTON AVENUE,07042,MONTCLAIR,N,C,NA,C,NA
417 BLOOMFIELD AVENUE,07042,MONTCLAIR,N,C,NA,C,NA
417 ORANGE ROAD,07042,MONTCLAIR,N,C,NA,C,NA
417 VALLEY ROAD 1ST,07043,MONTCLAIR,N,C,NA,C,NA
417 VALLEY ROAD 2ND,07043,MONTCLAIR,N,C,NA,C,NA
418 UPPER MOUNTAIN AVENUE,07042,MONTCLAIR,N,C,NA,C,NA
418 VALLEY ROAD 1ST,07043,MONTCLAIR,N,C,NA,C,NA
418 VALLEY ROAD 2ND,07043,MONTCLAIR,N,C,NA,C,NA
418 WASHINGTON AVENUE,07042,MONTCLAIR,N,C,NA,C,NA
419 ORANGE ROAD,07042,MONTCLAIR,N,C,NA,C,NA
419 UPPER MOUNTAIN AVENUE,07042,MONTCLAIR,N,C,NA,C,NA
419 VALLEY ROAD 1ST,07043,MONTCLAIR,N,C,NA,C,NA
419 VALLEY ROAD 2ND,07043,MONTCLAIR,N,C,NA,C,NA
419 WASHINGTON AVENUE,07042,MONTCLAIR,N,C,NA,C,NA
42 AUBREY ROAD,07043,MONTCLAIR,N,C,NA,C,NA
42 BROOKFIELD ROAD 1ST,07043,MONTCLAIR,N,C,NA,C,NA
42 BROOKFIELD ROAD 2ND,07043,MONTCLAIR,N,C,NA,C,NA
42 CAMBRIDGE ROAD,07042,MONTCLAIR,N,C,NA,C,NA
42 CAROLIN ROAD,07043,MONTCLAIR,N,C,NA,C,NA
42 CENTRAL AVENUE,07042,MONTCLAIR,N,C,NA,C,NA
42 CHURCH STREET,07042,MONTCLAIR,N,C,NA,C,NA
42 CHRISTOPHER STREET,07043,MONTCLAIR,N,C,NA,C,NA
42 ELM STREET,07042,MONTCLAIR,N,C,NA,C,NA
42 ELMWOOD AVENUE,07042,MONTCLAIR,N,C,NA,C,NA
42 ERWIN PARK ROAD,07042,MONTCLAIR,N,C,NA,C,NA
42 FOREST STREET,07042,MONTCLAIR,Y,C,NA,L,NA
42 FRANKLIN PLACE,07042,MONTCLAIR,N,C,NA,C,NA
42 GATES AVENUE,07042,MONTCLAIR,N,C,NA,C,NA
42 GORDONHURST AVENUE,07043,MONTCLAIR,N,C,NA,C,NA
42 GODFREY ROAD,07043,MONTCLAIR,N,C,NA,C,NA
42 HARRISON AVENUE,07042,MONTCLAIR,N,C,NA,C,NA
42 HIGHLAND AVENUE,07043,MONTCLAIR,N,C,NA,C,NA
42 HOWE AVENUE,07042,MONTCLAIR,N,C,NA,C,NA
42 LEXINGTON AVENUE 1ST,07042,MONTCLAIR,N,C,NA,C,NA
42 LEXINGTON AVENUE-2ND,07042,MONTCLAIR,N,C,NA,C,NA
42 LLEWELLYN ROAD,07042,MONTCLAIR,N,C,NA,C,NA
42 MAPLE AVENUE,07042,MONTCLAIR,N,C,NA,C,NA
42 MAPLE AVENUE-1ST,07042,MONTCLAIR,N,C,NA,C,NA
42 MAPLE AVENUE-2ND,07042,MONTCLAIR,N,C,NA,C,NA
42 MELROSE PLACE,07042,MONTCLAIR,N,C,NA,C,NA
42 MONTAGUE PLACE,07042,MONTCLAIR,N,C,NA,C,NA
42 MOUNT HEBRON ROAD,07043,MONTCLAIR,N,C,NA,C,NA
42 MYRTLE AVENUE,07042,MONTCLAIR,N,C,NA,C,NA
42 N FULLERTON AVENUE,07042,MONTCLAIR,N,C,NA,C,NA
42 N WILLOW STREET,07042,MONTCLAIR,N,C,NA,C,NA
42 NEW STREET,07042,MONTCLAIR,N,C,NA,C,NA
42 NISHUANE ROAD,07042,MONTCLAIR,N,C,NA,C,NA
42 NORMAL AVENUE,07043,MONTCLAIR,N,C,NA,C,NA
42 NORMAN ROAD,07043,MONTCLAIR,N,C,NA,C,NA
42 NORTHVIEW AVENUE,07043,MONTCLAIR,N,C,NA,C,NA
42 OAKWOOD AVENUE,07043,MONTCLAIR,N,C,NA,C,NA
42 PARK STREET,07043,MONTCLAIR,N,C,NA,C,NA
42 PLEASANT WAY,07042,MONTCLAIR,N,C,NA,C,NA
42 PLYMOUTH STREET,07042,MONTCLAIR,N,C,NA,C,NA
42 PORTER PLACE,07042,MONTCLAIR,N,C,NA,C,NA
42 SAINT LUKES PLACE 1ST,07042,MONTCLAIR,N,C,NA,C,NA
42 SAINT LUKES PLACE 2ND,07042,MONTCLAIR,N,C,NA,C,NA
42 TUXEDO ROAD,07042,MONTCLAIR,N,C,NA,C,NA
42 UPPER MOUNTC PLAZA,07043,MONTCLAIR,N,C,NA,C,NA
42 WALNUT CRESCENT 1ST,07042,MONTCLAIR,N,C,NA,C,NA
42 WALNUT CRESCENT 2ND,07042,MONTCLAIR,N,C,NA,C,NA
42 WALNUT STREET 1ST,07042,MONTCLAIR,N,C,NA,C,NA
42 WALNUT STREET 2ND,07042,MONTCLAIR,N,C,NA,C,NA
42 WARFIELD STREET,07043,MONTCLAIR,N,C,NA,C,NA
42 WARMAN STREET 2ND,07042,MONTCLAIR,N,C,NA,C,NA
42 WATCHUNG AVENUE,07043,MONTCLAIR,N,C,NA,C,NA
42 WILLOWDALE AVENUE,07042,MONTCLAIR,N,C,NA,C,NA
42 WILLOWDALE AVENUE 2ND,07042,MONTCLAIR,N,C,NA,C,NA
42 WINDEMERE ROAD,07043,MONTCLAIR,N,C,NA,C,NA
42 WARMAN STREET 1ST,07042,MONTCLAIR,Y,C,NA,UX,NA
42-44 FAIRFIELD STREET,07042,MONTCLAIR,N,C,NA,C,NA
42-44 N MOUNTAIN AVENUE,07042,MONTCLAIR,N,C,NA,C,NA
420 BLOOMFIELD AVENUE,07042,MONTCLAIR,N,C,NA,C,NA
420 BLOOMFIELD AVENUE #4,07042,MONTCLAIR,N,C,NA,C,NA
420 BLOOMFIELD AVENUE#1,07042,MONTCLAIR,N,C,NA,C,NA
420 BLOOMFIELD AVENUE#2,07042,MONTCLAIR,N,C,NA,C,NA
420 BLOOMFIELD AVENUE#3,07042,MONTCLAIR,N,C,NA,C,NA
420 HIGHLAND AVENUE,07043,MONTCLAIR,N,C,NA,C,NA
420 UPPER MOUNTAIN AVENUE,07042,MONTCLAIR,Y,C,NA,G,NA
420 VALLEY ROAD,07043,MONTCLAIR,Y,C,NA,UX,NA
421 GROVE STREET,07043,MONTCLAIR,N,C,NA,C,NA
421 ORANGE ROAD,07042,MONTCLAIR,N,C,NA,C,NA
421 VALLEY ROAD,07043,MONTCLAIR,N,C,NA,C,NA
421 VALLEY ROAD 1ST,07043,MONTCLAIR,N,C,NA,C,NA
422 GROVE STREET,07043,MONTCLAIR,N,C,NA,C,NA
422 VALLEY ROAD 1ST,07043,MONTCLAIR,Y,C,NA,O,Brass
422 VALLEY ROAD 2ND,07043,MONTCLAIR,Y,C,NA,O,Brass
423 BLOOMFIELD AVENUE,07042,MONTCLAIR,N,C,NA,C,NA
423 ORANGE ROAD 1ST,07042,MONTCLAIR,N,C,NA,C,NA
423 ORANGE ROAD 2ND,07042,MONTCLAIR,N,C,NA,C,NA
423 UPPER MOUNTAIN AVENUE,07042,MONTCLAIR,N,C,NA,C,NA
423 WASHINGTON AVENUE,07042,MONTCLAIR,Y,C,NA,UX,NA
424 GROVE STREET,07043,MONTCLAIR,N,C,NA,C,NA
424 HIGHLAND AVENUE,07043,MONTCLAIR,N,C,NA,C,NA
424 UPPER MOUNTAIN AVENUE,07042,MONTCLAIR,N,C,NA,C,NA
425 BLOOMFIELD AVENUE,07042,MONTCLAIR,Y,C,NA,UX,NA
425 PARK STREET,07043,MONTCLAIR,N,C,NA,C,NA
425 UPPER MOUNTAIN AVENUE,07042,MONTCLAIR,N,C,NA,C,NA
425 VALLEY ROAD 1ST,07043,MONTCLAIR,Y,C,NA,C,NA
425 VALLEY ROAD 2ND,07043,MONTCLAIR,N,C,NA,C,NA
426 GROVE STREET,07043,MONTCLAIR,N,C,NA,C,NA
427 BLOOMFIELD AVENUE,07042,MONTCLAIR,N,C,NA,C,NA
427 GROVE STREET,07043,MONTCLAIR,N,C,NA,C,NA
427 ORANGE ROAD,07042,MONTCLAIR,N,C,NA,C,NA
428 BLOOMFIELD AVENUE,07042,MONTCLAIR,N,C,NA,C,NA
428 GROVE STREET,07043,MONTCLAIR,N,C,NA,C,NA
428 UPPER MOUNTAIN AVENUE,07042,MONTCLAIR,N,C,NA,C,NA
428 VALLEY ROAD,07043,MONTCLAIR,N,C,NA,C,NA
428 VALLEY ROAD 3RD,07043,MONTCLAIR,N,C,NA,C,NA
428 VALLEY ROAD-2ND,07043,MONTCLAIR,N,C,NA,C,NA
428 WASHINGTON AVENUE,07042,MONTCLAIR,Y,C,NA,G,NA
429 ORANGE ROAD,07042,MONTCLAIR,N,C,NA,C,NA
429 PARK STREET,07043,MONTCLAIR,N,C,NA,C,NA
429 VALLEY ROAD 2ND,07043,MONTCLAIR,N,C,NA,C,NA
429 VALLEY ROAD-1ST,07043,MONTCLAIR,N,C,NA,C,NA
429 WASHINGTON AVENUE,07042,MONTCLAIR,N,C,NA,C,NA
43 ALEXANDER AVENUE,07043,MONTCLAIR,N,C,NA,C,NA
43 AUBREY ROAD,07043,MONTCLAIR,N,C,NA,C,NA
43 ARDSLEY ROAD,07042,MONTCLAIR,N,C,NA,C,NA
43 BEVERLY ROAD,07043,MONTCLAIR,N,C,NA,C,NA
43 BRADFORD AVENUE,07043,MONTCLAIR,N,C,NA,C,NA
43 BROOKFIELD ROAD,07043,MONTCLAIR,N,C,NA,C,NA
43 BRUNSWICK ROAD,07042,MONTCLAIR,N,C,NA,C,NA
43 CHRISTOPHER STREET,07043,MONTCLAIR,N,C,NA,C,NA
43 COLLEGE AVENUE,07043,MONTCLAIR,N,C,NA,C,NA
43 CAROLIN ROAD,07043,MONTCLAIR,N,C,NA,C,NA
43 ELMWOOD AVENUE 1ST,07042,MONTCLAIR,N,C,NA,C,NA
43 ELMWOOD AVENUE 2ND,07042,MONTCLAIR,N,C,NA,C,NA
43 ESSEX AVENUE,07042,MONTCLAIR,N,C,NA,C,NA
43 ENFIELD AVENUE,07042,MONTCLAIR,N,C,NA,C,NA
43 FOREST STREET,07042,MONTCLAIR,N,C,NA,C,NA
43 FRANKLIN PLACE,07042,MONTCLAIR,N,C,NA,C,NA
43 GATES AVENUE,07042,MONTCLAIR,N,C,NA,C,NA
43 GLENRIDGE AVENUE,07042,MONTCLAIR,N,C,NA,C,NA
43 GRAY STREET,07042,MONTCLAIR,N,C,NA,C,NA
43 GLENWOOD ROAD,07043,MONTCLAIR,N,C,NA,C,NA
43 GORDONHURST AVENUE,07043,MONTCLAIR,N,C,NA,C,NA
43 HARRISON AVENUE,07042,MONTCLAIR,N,C,NA,C,NA
43 HIGHLAND AVENUE,07043,MONTCLAIR,N,C,NA,C,NA
43 HARVARD STREET,07042,MONTCLAIR,N,C,NA,C,NA
43 HAWTHORNE PLACE,07042,MONTCLAIR,N,C,NA,C,NA
43 HOWE AVENUE,07042,MONTCLAIR,N,C,NA,C,NA
43 IRVING STREET,07042,MONTCLAIR,N,C,NA,C,NA
43 JAMES STREET,07042,MONTCLAIR,N,C,NA,C,NA
43 LLOYD ROAD,07042,MONTCLAIR,Y,C,NA,G,NA
43 MADISON AVENUE,07042,MONTCLAIR,N,C,NA,C,NA
43 MARQUETTE ROAD,07043,MONTCLAIR,N,C,NA,C,NA
43 MISSION STREET,07042,MONTCLAIR,N,C,NA,C,NA
43 MONTCLAIR AVENUE,07043,MONTCLAIR,N,C,NA,C,NA
43 MYRTLE AVENUE,07042,MONTCLAIR,N,C,NA,C,NA
43 MACOPIN AVENUE,07043,MONTCLAIR,Y,G,NA,C,NA
43 MONTAGUE PLACE 1ST,07042,MONTCLAIR,Y,C,NA,G,NA
43 MONTAGUE PLACE 2ND,07042,MONTCLAIR,N,C,NA,C,NA
43 N FULLERTON AVENUE,07042,MONTCLAIR,Y,C,NA,L,NA
43 N WILLOW STREET,07042,MONTCLAIR,Y,C,NA,UX,NA
43 NEW STREET,07042,MONTCLAIR,N,C,NA,C,NA
43 NORMAN ROAD,07043,MONTCLAIR,N,C,NA,C,NA
43 OXFORD STREET,07042,MONTCLAIR,Y,C,NA,G,NA
43 PLEASANT AVENUE,07042,MONTCLAIR,N,C,NA,C,NA
43 PLEASANT WAY 1ST,07042,MONTCLAIR,N,C,NA,C,NA
43 PLEASANT WAY-2ND,07042,MONTCLAIR,N,C,NA,C,NA
43 PLYMOUTH STREET,07042,MONTCLAIR,N,C,NA,C,NA
43 PORTLAND PLACE 2ND,07042,MONTCLAIR,N,C,NA,C,NA
43 PORTLAND PLACE-1ST,07042,MONTCLAIR,N,C,NA,C,NA
43 PROSPECT AVENUE,07042,MONTCLAIR,Y,C,NA,G,NA
43 S WILLOW STREET,07042,MONTCLAIR,N,C,NA,C,NA
43 TREMONT PLACE,07042,MONTCLAIR,N,C,NA,C,NA
43 UNION STREET,07042,MONTCLAIR,N,C,NA,C,NA
43 VIRGINIA AVENUE,07042,MONTCLAIR,N,C,NA,C,NA
43 WALNUT CRESCENT,07042,MONTCLAIR,N,C,NA,C,NA
43 WALNUT STREET 1ST,07042,MONTCLAIR,N,C,NA,C,NA
43 WALNUT STREET 2ND,07042,MONTCLAIR,N,C,NA,C,NA
43 WARREN PLACE,07042,MONTCLAIR,N,C,NA,C,NA
43 WATCHUNG AVENUE,07043,MONTCLAIR,N,C,NA,C,NA
43 WAYSIDE PLACE,07042,MONTCLAIR,N,C,NA,C,NA
43 WINDEMERE ROAD,07043,MONTCLAIR,N,C,NA,C,NA
43 WOODMONT ROAD,07043,MONTCLAIR,N,C,NA,C,NA
43 WARMAN STREET 1ST,07042,MONTCLAIR,N,C,NA,C,NA
43 WARMAN STREET 2ND,07042,MONTCLAIR,N,C,NA,C,NA
43 WOODLAND AVENUE,07042,MONTCLAIR,N,C,NA,C,NA
430 UPPER MOUNTAIN AVENUE,07042,MONTCLAIR,N,C,NA,C,NA
430 VALLEY ROAD 1ST,07043,MONTCLAIR,N,C,NA,C,NA
430 VALLEY ROAD 2ND,07043,MONTCLAIR,N,C,NA,C,NA
430 WASHINGTON AVENUE,07042,MONTCLAIR,N,C,NA,C,NA
431 GROVE STREET,07043,MONTCLAIR,N,C,NA,C,NA
431 ORANGE ROAD,07042,MONTCLAIR,N,C,NA,C,NA
431 WASHINGTON AVENUE,07042,MONTCLAIR,Y,C,NA,UX,NA
432 VALLEY ROAD 1ST,07043,MONTCLAIR,N,C,NA,C,NA
432 VALLEY ROAD 2ND,07043,MONTCLAIR,N,C,NA,C,NA
433 GROVE STREET,07043,MONTCLAIR,N,C,NA,C,NA
433 PARK STREET,07043,MONTCLAIR,N,C,NA,C,NA
433 UPPER MOUNTAIN AVENUE,07042,MONTCLAIR,N,C,NA,C,NA
433 VALLEY ROAD 1ST,07043,MONTCLAIR,N,C,NA,C,NA
433 VALLEY ROAD 2ND,07043,MONTCLAIR,N,C,NA,C,NA
433 WASHINGTON AVENUE,07042,MONTCLAIR,N,C,NA,C,NA
434 WASHINGTON AVENUE,07042,MONTCLAIR,N,C,NA,C,NA
435 GROVE STREET,07043,MONTCLAIR,N,C,NA,C,NA
435 UPPER MOUNTAIN AVENUE,07042,MONTCLAIR,N,C,NA,C,NA
436 BLOOMFIELD AVENUE,07042,MONTCLAIR,N,C,NA,C,NA
436 WASHINGTON AVENUE,07042,MONTCLAIR,N,C,NA,C,NA
437 BLOOMFIELD AVENUE,07042,MONTCLAIR,N,C,NA,C,NA
437 ORANGE ROAD,07042,MONTCLAIR,N,C,NA,C,NA
437 PARK STREET,07043,MONTCLAIR,N,C,NA,C,NA
437 WASHINGTON AVENUE,07042,MONTCLAIR,N,C,NA,C,NA
438 BLOOMFIELD AVENUE,07042,MONTCLAIR,N,C,NA,C,NA
438 BLOOMFIELD AVENUE,07042,MONTCLAIR,Y,C,NA,L,NA
438 GROVE STREET,07043,MONTCLAIR,N,C,NA,C,NA
438 WASHINGTON AVENUE,07042,MONTCLAIR,Y,C,NA,UX,NA
439 GROVE STREET,07043,MONTCLAIR,N,C,NA,C,NA
439 ORANGE ROAD,07042,MONTCLAIR,N,C,NA,C,NA
439 UPPER MOUNTAIN AVENUE,07042,MONTCLAIR,N,C,NA,C,NA
439 VALLEY ROAD,07043,MONTCLAIR,N,C,NA,C,NA
439 WASHINGTON AVENUE CONDO,07042,MONTCLAIR,N,C,NA,C,NA
44 ARDSLEY ROAD,07042,MONTCLAIR,N,C,NA,C,NA
44 AUBREY ROAD,07043,MONTCLAIR,N,C,NA,C,NA
44 BEVERLY ROAD,07043,MONTCLAIR,N,C,NA,C,NA
44 BROOKFIELD ROAD 1ST,07043,MONTCLAIR,N,C,NA,C,NA
44 BROOKFIELD ROAD 2ND,07043,MONTCLAIR,N,C,NA,C,NA
44 COLLEGE AVENUE,07043,MONTCLAIR,N,C,NA,C,NA
44 CAROLIN ROAD,07043,MONTCLAIR,N,C,NA,C,NA
44 CHRISTOPHER STREET,07043,MONTCLAIR,Y,C,NA,UX,NA
44 DODD STREET,07042,MONTCLAIR,N,C,NA,C,NA
44 EAGLE ROCK WAY,07042,MONTCLAIR,N,C,NA,C,NA
44 ELM STREET,07042,MONTCLAIR,N,C,NA,C,NA
44 ELMWOOD AVENUE,07042,MONTCLAIR,N,C,NA,C,NA
44 ELSTON ROAD,07043,MONTCLAIR,N,C,NA,C,NA
44 EDGEMONT ROAD,07042,MONTCLAIR,Y,C,NA,L,NA
44 FOREST STREET,07042,MONTCLAIR,N,C,NA,C,NA
44 GODFREY ROAD,07043,MONTCLAIR,N,C,NA,C,NA
44 GRAY STREET,07042,MONTCLAIR,N,C,NA,C,NA
44 GORDONHURST AVENUE,07043,MONTCLAIR,N,C,NA,C,NA
44 HARRISON AVENUE,07042,MONTCLAIR,N,C,NA,C,NA
44 HARVARD STREET,07042,MONTCLAIR,N,C,NA,C,NA
44 IRVING STREET,07042,MONTCLAIR,N,C,NA,C,NA
44 JAMES STREET,07042,MONTCLAIR,N,C,NA,C,NA
44 LEXINGTON AVENUE,07042,MONTCLAIR,N,C,NA,C,NA
44 MADISON AVENUE,07042,MONTCLAIR,N,C,NA,C,NA
44 MAPLE AVENUE,07042,MONTCLAIR,N,C,NA,C,NA
44 MONTAGUE PLACE,07042,MONTCLAIR,N,C,NA,C,NA
44 MONTCLAIR AVENUE,07043,MONTCLAIR,N,C,NA,C,NA
44 MOUNT HEBRON ROAD,07043,MONTCLAIR,N,C,NA,C,NA
44 MELROSE PLACE,07042,MONTCLAIR,N,C,NA,C,NA
44 NEW STREET,07042,MONTCLAIR,N,C,NA,C,NA
44 NISHUANE ROAD,07042,MONTCLAIR,N,C,NA,C,NA
44 NORMAN ROAD,07043,MONTCLAIR,N,C,NA,C,NA
44 NORTHVIEW AVENUE,07043,MONTCLAIR,N,C,NA,C,NA
44 OXFORD STREET,07042,MONTCLAIR,N,C,NA,C,NA
44 PLEASANT WAY,07042,MONTCLAIR,N,C,NA,C,NA
44 PORTLAND PLACE,07042,MONTCLAIR,N,C,NA,C,NA
44 PLYMOUTH STREET,07042,MONTCLAIR,Y,C,NA,L,NA
44 PROSPECT AVENUE,07042,MONTCLAIR,Y,C,NA,L,NA
44 SAINT LUKES PLACE 1ST,07042,MONTCLAIR,N,C,NA,C,NA
44 SAINT LUKES PLACE 2ND,07042,MONTCLAIR,N,C,NA,C,NA
44 TREMONT PLACE,07042,MONTCLAIR,N,C,NA,C,NA
44 UPPER MOUNTC PLAZA-TORO SUSH,07043,MONTCLAIR,N,C,NA,C,NA
44 UNION STREET,07042,MONTCLAIR,N,C,NA,C,NA
44 WALNUT CRESCENT,07042,MONTCLAIR,N,C,NA,C,NA
44 WARREN PLACE,07042,MONTCLAIR,N,C,NA,C,NA
44 WINDEMERE ROAD,07043,MONTCLAIR,N,C,NA,C,NA
44 WOODMONT ROAD,07043,MONTCLAIR,N,C,NA,C,NA
44 WARFIELD STREET,07043,MONTCLAIR,N,C,NA,C,NA
44 WATCHUNG AVENUE,07043,MONTCLAIR,N,C,NA,C,NA
44-46 GATES AVENUE,07042,MONTCLAIR,N,C,NA,C,NA
440 BLOOMFIELD AVENUE,07042,MONTCLAIR,N,C,NA,C,NA
440 VALLEY ROAD,07043,MONTCLAIR,N,C,NA,C,NA
441 BLOOMFIELD AVENUE,07042,MONTCLAIR,N,C,NA,C,NA
441 WASHINGTON AVENUE,07042,MONTCLAIR,N,C,NA,C,NA
442 VALLEY ROAD,07043,MONTCLAIR,N,C,NA,C,NA
442 WASHINGTON AVENUE,07042,MONTCLAIR,N,C,NA,C,NA
443 ORANGE ROAD,07042,MONTCLAIR,N,C,NA,C,NA
443 WASHINGTON AVENUE,07042,MONTCLAIR,Y,C,NA,O,BRASS
444 PARK STREET,07043,MONTCLAIR,N,C,NA,C,NA
444 WASHINGTON AVENUE,07042,MONTCLAIR,N,C,NA,C,NA
445 ORANGE ROAD,07042,MONTCLAIR,N,C,NA,C,NA
445 PARK STREET,07043,MONTCLAIR,N,C,NA,C,NA
446 BLOOMFIELD AVENUE,07042,MONTCLAIR,N,C,NA,C,NA
446 PARK STREET,07043,MONTCLAIR,N,C,NA,C,NA
446 VALLEY ROAD,07043,MONTCLAIR,N,C,NA,C,NA
447 ORANGE ROAD,07042,MONTCLAIR,N,C,NA,C,NA
447-449 GROVE STREET,07043,MONTCLAIR,N,C,NA,C,NA
448 ORANGE ROAD,07042,MONTCLAIR,Y,C,NA,L,NA
448 UPPER MOUNTAIN AVENUE,07042,MONTCLAIR,N,C,NA,C,NA
448 WASHINGTON AVENUE,07042,MONTCLAIR,N,C,NA,C,NA
449 VALLEY ROAD,07043,MONTCLAIR,N,C,NA,C,NA
45 ALEXANDER AVENUE,07043,MONTCLAIR,N,C,NA,C,NA
45 AUBREY ROAD,07043,MONTCLAIR,Y,C,NA,UX,NA
45 BEVERLY ROAD,07043,MONTCLAIR,N,C,NA,C,NA
45 BROOKFIELD ROAD,07043,MONTCLAIR,N,C,NA,C,NA
45 BRUNSWICK ROAD,07042,MONTCLAIR,N,C,NA,C,NA
45 CHRISTOPHER STREET,07043,MONTCLAIR,N,C,NA,C,NA
45 COLLEGE AVENUE,07043,MONTCLAIR,N,C,NA,C,NA
45 CAMBRIDGE ROAD,07042,MONTCLAIR,Y,C,NA,O,Brass
45 CAROLIN ROAD,07043,MONTCLAIR,N,C,NA,C,NA
45 DODD STREET,07042,MONTCLAIR,N,C,NA,C,NA
45 ELMWOOD AVENUE,07042,MONTCLAIR,N,C,NA,C,NA
45 ELSTON ROAD,07043,MONTCLAIR,N,C,NA,C,NA
45 ENFIELD AVENUE,07042,MONTCLAIR,N,C,NA,C,NA
45 ESSEX AVENUE - 2ND,07042,MONTCLAIR,N,C,NA,C,NA
45 ESSEX AVENUE 1ST,07042,MONTCLAIR,N,C,NA,C,NA
45 ERWIN PARK ROAD,07042,MONTCLAIR,N,C,NA,C,NA
45 FAIRFIELD STREET 1ST,07042,MONTCLAIR,N,C,NA,C,NA
45 FAIRFIELD STREET 2ND,07042,MONTCLAIR,N,C,NA,C,NA
45 FAIRVIEW PLACE,07043,MONTCLAIR,N,C,NA,C,NA
45 FOREST STREET,07042,MONTCLAIR,N,C,NA,C,NA
45 FRANKLIN PLACE,07042,MONTCLAIR,N,C,NA,C,NA
45 GATES AVENUE,07042,MONTCLAIR,N,C,NA,C,NA
45 GORDONHURST AVENUE,07043,MONTCLAIR,N,C,NA,C,NA
45 GREENWOOD AVENUE,07042,MONTCLAIR,N,C,NA,C,NA
45 GODFREY ROAD,07043,MONTCLAIR,Y,C,NA,G,NA
45 HIGH STREET,07042,MONTCLAIR,N,C,NA,C,NA
45 HIGHLAND AVENUE,07043,MONTCLAIR,N,C,NA,C,NA
45 HARRISON AVENUE,07042,MONTCLAIR,N,C,NA,C,NA
45 IRVING STREET,07042,MONTCLAIR,N,C,NA,C,NA
45 JAMES STREET 1ST,07042,MONTCLAIR,N,C,NA,C,NA
45 JAMES STREET 2ND,07042,MONTCLAIR,N,C,NA,C,NA
45 LLOYD ROAD,07042,MONTCLAIR,N,C,NA,C,NA
45 MARQUETTE ROAD,07043,MONTCLAIR,N,C,NA,C,NA
45 MONTAGUE PLACE 1ST,07042,MONTCLAIR,N,C,NA,C,NA
45 MONTAGUE PLACE 2ND,07042,MONTCLAIR,N,C,NA,C,NA
45 MYRTLE AVENUE,07042,MONTCLAIR,N,C,NA,C,NA
45 N FULLERTON AVENUE,07042,MONTCLAIR,N,C,NA,C,NA
45 N WILLOW STREET,07042,MONTCLAIR,N,C,NA,C,NA
45 NISHUANE ROAD,07042,MONTCLAIR,N,C,NA,C,NA
45 NORMAN ROAD,07043,MONTCLAIR,N,C,NA,C,NA
45 NORTHVIEW AVENUE,07043,MONTCLAIR,N,C,NA,C,NA
45 NEW STREET,07042,MONTCLAIR,Y,C,NA,UX,NA
45 OAKWOOD AVENUE,07043,MONTCLAIR,N,C,NA,C,NA
45 PARK STREET,07043,MONTCLAIR,N,C,NA,C,NA
45 PLEASANT WAY,07042,MONTCLAIR,N,C,NA,C,NA
45 PLYMOUTH STREET,07042,MONTCLAIR,N,C,NA,C,NA
45 S MOUNTAIN AVENUE,07042,MONTCLAIR,N,C,NA,C,NA
45 S WILLOW STREET,07042,MONTCLAIR,N,C,NA,C,NA
45 STONEBRIDGE ROAD,07042,MONTCLAIR,N,C,NA,C,NA
45 TUXEDO ROAD,07042,MONTCLAIR,N,C,NA,C,NA
45 TREMONT PLACE,07042,MONTCLAIR,N,C,NA,C,NA
45 WALNUT CRESCENT,07042,MONTCLAIR,N,C,NA,C,NA
45 WALNUT STREET,07042,MONTCLAIR,N,C,NA,C,NA
45 WATCHUNG AVENUE,07043,MONTCLAIR,N,C,NA,C,NA
45 WILDWOOD AVENUE,07043,MONTCLAIR,N,C,NA,C,NA
45 WARFIELD STREET,07043,MONTCLAIR,N,C,NA,C,NA
450 BLOOMFIELD AVENUE,07042,MONTCLAIR,N,C,NA,C,NA
450 BLOOMFIELD AVENUE,07042,MONTCLAIR,Y,C,NA,UX,NA
450 ORANGE ROAD,07042,MONTCLAIR,N,C,NA,C,NA
450 PARK STREET,07043,MONTCLAIR,N,C,NA,C,NA
450 WASHINGTON AVENUE,07042,MONTCLAIR,N,C,NA,C,NA
451 GROVE STREET,07043,MONTCLAIR,N,C,NA,C,NA
451 ORANGE ROAD,07042,MONTCLAIR,N,C,NA,C,NA
451 UPPER MOUNTAIN AVENUE,07042,MONTCLAIR,Y,C,NA,UX,NA
451 WASHINGTON AVENUE,07042,MONTCLAIR,N,C,NA,C,NA
451.5 ORANGE ROAD,07042,MONTCLAIR,N,C,NA,C,NA
452 UPPER MOUNTAIN AVENUE,07042,MONTCLAIR,N,C,NA,C,NA
453 PARK STREET,07043,MONTCLAIR,N,C,NA,C,NA
455 GROVE STREET,07043,MONTCLAIR,N,C,NA,C,NA
457 GROVE STREET,07043,MONTCLAIR,N,C,NA,C,NA
458 BLOOMFIELD AVENUE,07042,MONTCLAIR,N,C,NA,C,NA
458 GROVE STREET,07043,MONTCLAIR,N,C,NA,C,NA
458 VALLEY ROAD,07043,MONTCLAIR,N,C,NA,C,NA
458-460 BLOOMFIELD AVENUE,07042,MONTCLAIR,Y,C,NA,UX,NA
46 ALEXANDER AVENUE,07043,MONTCLAIR,N,C,NA,C,NA
46 ARDSLEY ROAD,07042,MONTCLAIR,N,C,NA,C,NA
46 BEVERLY ROAD,07043,MONTCLAIR,N,C,NA,C,NA
46 BROOKFIELD ROAD 1ST,07043,MONTCLAIR,Y,C,NA,UX,NA
46 BROOKFIELD ROAD 2ND,07043,MONTCLAIR,Y,C,NA,UX,NA
46 CAMBRIDGE ROAD,07042,MONTCLAIR,N,C,NA,C,NA
46 CHRISTOPHER STREET,07043,MONTCLAIR,N,C,NA,C,NA
46 COLLEGE AVENUE,07043,MONTCLAIR,N,C,NA,C,NA
46 CAROLIN ROAD,07043,MONTCLAIR,Y,C,NA,G,NA
46 ELMWOOD AVENUE 2ND,07042,MONTCLAIR,N,C,NA,C,NA
46 ELMWOOD AVENUE-1ST,07042,MONTCLAIR,N,C,NA,C,NA
46 FAIRFIELD STREET,07042,MONTCLAIR,N,C,NA,C,NA
46 FOREST STREET,07042,MONTCLAIR,N,C,NA,C,NA
46 FRANKLIN PLACE,07042,MONTCLAIR,N,C,NA,C,NA
46 GLENWOOD ROAD,07043,MONTCLAIR,N,C,NA,C,NA
46 GORDONHURST AVENUE,07043,MONTCLAIR,Y,C,NA,UX,NA
46 HARRISON AVENUE,07042,MONTCLAIR,N,C,NA,C,NA
46 HARVARD STREET,07042,MONTCLAIR,N,C,NA,C,NA
46 HIGHLAND AVENUE,07043,MONTCLAIR,N,C,NA,C,NA
46 HOWE AVENUE,07042,MONTCLAIR,N,C,NA,C,NA
46 IRVING STREET,07042,MONTCLAIR,N,C,NA,C,NA
46 JAMES STREET,07042,MONTCLAIR,Y,C,NA,G,NA
46 LEXINGTON AVENUE,07042,MONTCLAIR,N,C,NA,C,NA
46 LLOYD ROAD,07042,MONTCLAIR,N,C,NA,C,NA
46 LLEWELLYN ROAD,07042,MONTCLAIR,Y,C,NA,G,NA
46 MADISON AVENUE,07042,MONTCLAIR,N,C,NA,C,NA
46 MAPLE AVENUE 1ST,07042,MONTCLAIR,N,C,NA,C,NA
46 MAPLE AVENUE-2ND,07042,MONTCLAIR,N,C,NA,C,NA
46 MIDLAND AVENUE 2ND FL,07042,MONTCLAIR,N,C,NA,C,NA
46 MIDLAND AVENUE- 1ST,07042,MONTCLAIR,N,C,NA,C,NA
46 MISSION STREET,07042,MONTCLAIR,N,C,NA,C,NA
46 MONTCLAIR AVENUE,07043,MONTCLAIR,N,C,NA,C,NA
46 MONTAGUE PLACE,07042,MONTCLAIR,Y,C,NA,UX,NA
46 N WILLOW STREET,07042,MONTCLAIR,N,C,NA,C,NA
46 NEW STREET,07042,MONTCLAIR,N,C,NA,C,NA
46 NISHUANE ROAD,07042,MONTCLAIR,N,C,NA,C,NA
46 NORTHVIEW AVENUE,07043,MONTCLAIR,N,C,NA,C,NA
46 OXFORD STREET,07042,MONTCLAIR,Y,C,NA,L,NA
46 PARK STREET,07043,MONTCLAIR,Y,UX,NA,UX,NA
46 PORTLAND PLACE,07042,MONTCLAIR,Y,C,NA,UX,NA
46 S WILLOW STREET,07042,MONTCLAIR,N,C,NA,C,NA
46 SAINT LUKES PLACE 1ST,07042,MONTCLAIR,N,C,NA,C,NA
46 SAINT LUKES PLACE 2ND,07042,MONTCLAIR,N,C,NA,C,NA
46 TUXEDO ROAD,07042,MONTCLAIR,N,C,NA,C,NA
46 TREMONT PLACE,07042,MONTCLAIR,N,C,NA,C,NA
46 VIRGINIA AVENUE,07042,MONTCLAIR,N,C,NA,C,NA
46 WARFIELD STREET,07043,MONTCLAIR,N,C,NA,C,NA
46 WAYSIDE PLACE,07042,MONTCLAIR,N,C,NA,C,NA
46 WILLOWDALE AVENUE,07042,MONTCLAIR,N,C,NA,C,NA
46 WINDEMERE ROAD,07043,MONTCLAIR,N,C,NA,C,NA
46 WALNUT CRESCENT 1ST,07042,MONTCLAIR,N,C,NA,C,NA
46 WALNUT CRESCENT 2ND,07042,MONTCLAIR,N,C,NA,C,NA
460 BLOOMFIELD AVENUE,07042,MONTCLAIR,N,C,NA,C,NA
460 GROVE STREET,07043,MONTCLAIR,N,C,NA,C,NA
460 VALLEY ROAD,07043,MONTCLAIR,N,C,NA,C,NA
461 BLOOMFIELD AVENUE,07042,MONTCLAIR,Y,C,NA,G,NA
461 GROVE STREET,07043,MONTCLAIR,N,C,NA,C,NA
462 GROVE STREET,07043,MONTCLAIR,N,C,NA,C,NA
462 PARK STREET,07043,MONTCLAIR,N,C,NA,C,NA
463 VALLEY ROAD,07043,MONTCLAIR,N,C,NA,C,NA
464 PARK STREET,07043,MONTCLAIR,N,C,NA,C,NA
464 UPPER MOUNTAIN AVENUE,07042,MONTCLAIR,N,C,NA,C,NA
465 BLOOMFIELD AVENUE,07042,MONTCLAIR,N,C,NA,C,NA
465 PARK STREET,07043,MONTCLAIR,N,C,NA,C,NA
466 PARK STREET,07043,MONTCLAIR,N,C,NA,C,NA
467 BLOOMFIELD AVENUE,07042,MONTCLAIR,N,C,NA,C,NA
467 VALLEY ROAD,07043,MONTCLAIR,N,C,NA,C,NA
469 UPPER MOUNTAIN AVENUE,07042,MONTCLAIR,N,C,NA,C,NA
47 ALEXANDER AVENUE,07043,MONTCLAIR,N,C,NA,C,NA
47 ARDSLEY ROAD,07042,MONTCLAIR,N,C,NA,C,NA
47 AUBREY ROAD,07043,MONTCLAIR,N,C,NA,C,NA
47 BEVERLY ROAD,07043,MONTCLAIR,N,C,NA,C,NA
47 BROOKFIELD ROAD,07043,MONTCLAIR,N,C,NA,C,NA
47 BRUNSWICK ROAD,07042,MONTCLAIR,N,C,NA,C,NA
47 CHRISTOPHER STREET,07043,MONTCLAIR,N,C,NA,C,NA
47 CEDAR AVENUE 1ST,07042,MONTCLAIR,Y,C,NA,UX,NA
47 CEDAR AVENUE 2ND,07042,MONTCLAIR,Y,C,NA,UX,NA
47 COLLEGE AVENUE,07043,MONTCLAIR,N,C,NA,C,NA
47 COLUMBUS AVENUE,07042,MONTCLAIR,N,C,NA,C,NA
47 ELMWOOD AVENUE,07042,MONTCLAIR,N,C,NA,C,NA
47 ERWIN PARK ROAD,07042,MONTCLAIR,N,C,NA,C,NA
47 ESSEX AVENUE 1ST,07042,MONTCLAIR,N,C,NA,C,NA
47 ESSEX AVENUE 2ND,07042,MONTCLAIR,N,C,NA,C,NA
47 FOREST STREET 1ST,07042,MONTCLAIR,N,C,NA,C,NA
47 FOREST STREET 2ND,07042,MONTCLAIR,N,C,NA,C,NA
47 FRANKLIN PLACE,07042,MONTCLAIR,N,C,NA,C,NA
47 GRAY STREET,07042,MONTCLAIR,N,C,NA,C,NA
47 GREENWOOD AVENUE,07042,MONTCLAIR,N,C,NA,C,NA
47 GORDONHURST AVENUE,07043,MONTCLAIR,N,C,NA,C,NA
47 HOWE AVENUE 1ST,07042,MONTCLAIR,N,C,NA,C,NA
47 HOWE AVENUE 2ND,07042,MONTCLAIR,N,C,NA,C,NA
47 HARVARD STREET,07042,MONTCLAIR,N,C,NA,C,NA
47 JAMES STREET,07042,MONTCLAIR,N,C,NA,C,NA
47 MARQUETTE ROAD,07043,MONTCLAIR,N,C,NA,C,NA
47 MADISON AVENUE,07042,MONTCLAIR,N,C,NA,C,NA
47 MISSION STREET,07042,MONTCLAIR,Y,C,NA,G,NA
47 MONTCLAIR AVENUE,07043,MONTCLAIR,N,C,NA,C,NA
47 N FULLERTON AVENUE,07042,MONTCLAIR,N,C,NA,C,NA
47 N WILLOW STREET,07042,MONTCLAIR,N,C,NA,C,NA
47 NORTHVIEW AVENUE,07043,MONTCLAIR,N,C,NA,C,NA
47 OAKWOOD AVENUE,07043,MONTCLAIR,N,C,NA,C,NA
47 OXFORD STREET,07042,MONTCLAIR,N,C,NA,C,NA
47 PARK STREET,07043,MONTCLAIR,N,C,NA,C,NA
47 PLEASANT AVENUE,07042,MONTCLAIR,N,C,NA,C,NA
47 PORTLAND PLACE - APT 1,07042,MONTCLAIR,N,C,NA,C,NA
47 PORTLAND PLACE-2ND,07042,MONTCLAIR,N,C,NA,C,NA
47 PORTER PLACE,07042,MONTCLAIR,N,C,NA,C,NA
47 S WILLOW STREET,07042,MONTCLAIR,N,C,NA,C,NA
47 TUXEDO ROAD,07042,MONTCLAIR,N,C,NA,C,NA
47 TREMONT PLACE,07042,MONTCLAIR,N,C,NA,C,NA
47 UNION STREET,07042,MONTCLAIR,Y,C,NA,G,NA
47 VIRGINIA AVENUE,07042,MONTCLAIR,N,C,NA,C,NA
47 WALNUT STREET,07042,MONTCLAIR,N,C,NA,C,NA
47 WATCHUNG AVENUE,07043,MONTCLAIR,N,C,NA,C,NA
47 WOODMONT ROAD,07043,MONTCLAIR,N,C,NA,C,NA
47 WOODLAND AVENUE,07042,MONTCLAIR,N,C,NA,C,NA
47-49 GATES AVENUE,07042,MONTCLAIR,Y,C,NA,UX,NA
470 GROVE STREET,07043,MONTCLAIR,N,C,NA,C,NA
470 PARK STREET,07043,MONTCLAIR,N,C,NA,C,NA
470 VALLEY ROAD,07043,MONTCLAIR,N,C,NA,C,NA
470-A VALLEY ROAD,07043,MONTCLAIR,N,C,NA,C,NA
471 UPPER MOUNTAIN AVENUE,07042,MONTCLAIR,N,C,NA,C,NA
471 VALLEY ROAD,07043,MONTCLAIR,N,C,NA,C,NA
473 PARK STREET,07043,MONTCLAIR,N,C,NA,C,NA
473 UPPER MOUNTAIN AVENUE 1ST F,07042,MONTCLAIR,N,C,NA,C,NA
473 UPPER MOUNTAIN AVENUE 2ND F,07042,MONTCLAIR,N,C,NA,C,NA
474 PARK STREET,07043,MONTCLAIR,N,C,NA,C,NA
474 UPPER MOUNTAIN AVENUE,07042,MONTCLAIR,N,C,NA,C,NA
475 UPPER MOUNTAIN AVENUE,07042,MONTCLAIR,N,C,NA,C,NA
475 VALLEY ROAD,07043,MONTCLAIR,N,C,NA,C,NA
476 GROVE STREET,07043,MONTCLAIR,N,C,NA,C,NA
477 GROVE STREET,07043,MONTCLAIR,N,C,NA,C,NA
477 UPPER MOUNTAIN AVENUE,07042,MONTCLAIR,N,C,NA,C,NA
477 VALLEY ROAD,07043,MONTCLAIR,N,C,NA,C,NA
479 GROVE STREET,07043,MONTCLAIR,N,C,NA,C,NA
479 UPPER MOUNTAIN AVENUE,07042,MONTCLAIR,N,C,NA,C,NA
48 ARDSLEY ROAD,07042,MONTCLAIR,N,C,NA,C,NA
48 BELLEVUE AVENUE,07043,MONTCLAIR,N,C,NA,C,NA
48 BROOKFIELD ROAD 1ST,07043,MONTCLAIR,N,C,NA,C,NA
48 BROOKFIELD ROAD 2ND,07043,MONTCLAIR,N,C,NA,C,NA
48 CHURCH STREET,07042,MONTCLAIR,N,C,NA,C,NA
48 CAROLIN ROAD,07043,MONTCLAIR,N,C,NA,C,NA
48 CHRISTOPHER STREET,07043,MONTCLAIR,Y,C,NA,L,NA
48 DODD STREET,07042,MONTCLAIR,N,C,NA,C,NA
48 EDGEMONT ROAD,07042,MONTCLAIR,N,C,NA,C,NA
48 ELM STREET,07042,MONTCLAIR,N,C,NA,C,NA
48 ELSTON ROAD,07043,MONTCLAIR,N,C,NA,C,NA
48 ERWIN PARK ROAD,07042,MONTCLAIR,N,C,NA,C,NA
48 FAIRFIELD STREET,07042,MONTCLAIR,N,C,NA,C,NA
48 GATES AVENUE,07042,MONTCLAIR,N,C,NA,C,NA
48 GORDONHURST AVENUE,07043,MONTCLAIR,N,C,NA,C,NA
48 GRAY STREET,07042,MONTCLAIR,N,C,NA,C,NA
48 GREENWOOD AVENUE,07042,MONTCLAIR,N,C,NA,C,NA
48 HARVARD STREET,07042,MONTCLAIR,N,C,NA,C,NA
48 JAMES STREET 1ST,07042,MONTCLAIR,N,C,NA,C,NA
48 JAMES STREET 2ND,07042,MONTCLAIR,N,C,NA,C,NA
48 LABEL STREET,07042,MONTCLAIR,N,C,NA,C,NA
48 MADISON AVENUE,07042,MONTCLAIR,N,C,NA,C,NA
48 MAPLE AVENUE 1ST,07042,MONTCLAIR,N,C,NA,C,NA
48 MAPLE AVENUE 2ND,07042,MONTCLAIR,N,C,NA,C,NA
48 MISSION STREET,07042,MONTCLAIR,N,C,NA,C,NA
48 MONTAGUE PLACE,07042,MONTCLAIR,N,C,NA,C,NA
48 MYRTLE AVENUE,07042,MONTCLAIR,Y,C,NA,O,BRASS
48 N FULLERTON AVENUE,07042,MONTCLAIR,N,C,NA,C,NA
48 N WILLOW STREET 1ST,07042,MONTCLAIR,N,C,NA,C,NA
48 N WILLOW STREET 2ND,07042,MONTCLAIR,N,C,NA,C,NA
48 NISHUANE ROAD,07042,MONTCLAIR,N,C,NA,C,NA
48 NORTHVIEW AVENUE,07043,MONTCLAIR,N,C,NA,C,NA
48 OAKWOOD AVENUE,07043,MONTCLAIR,N,C,NA,C,NA
48 PLYMOUTH STREET,07042,MONTCLAIR,N,C,NA,C,NA
48 PORTER PLACE,07042,MONTCLAIR,N,C,NA,C,NA
48 S WILLOW STREET,07042,MONTCLAIR,N,C,NA,C,NA
48 TUXEDO ROAD,07042,MONTCLAIR,N,C,NA,C,NA
48 UNION STREET,07042,MONTCLAIR,N,C,NA,C,NA
48 VIRGINIA AVENUE,07042,MONTCLAIR,N,C,NA,C,NA
48 WALNUT CRESCENT,07042,MONTCLAIR,N,C,NA,C,NA
48 WALNUT STREET 1,07042,MONTCLAIR,N,C,NA,C,NA
48 WALNUT STREET 2ND,07042,MONTCLAIR,N,C,NA,C,NA
48 WALNUT STREET 3,07042,MONTCLAIR,N,C,NA,C,NA
48 WATCHUNG AVENUE,07043,MONTCLAIR,N,C,NA,C,NA
48 WINDEMERE ROAD,07043,MONTCLAIR,N,C,NA,C,NA
48 WOODMONT ROAD,07043,MONTCLAIR,N,C,NA,C,NA
48 WARFIELD STREET,07043,MONTCLAIR,N,C,NA,C,NA
48 WARREN PLACE,07042,MONTCLAIR,Y,C,NA,O,BRASS
480 GROVE STREET,07043,MONTCLAIR,N,C,NA,C,NA
480 PARK STREET,07043,MONTCLAIR,N,C,NA,C,NA
480 VALLEY ROAD,07043,MONTCLAIR,N,C,NA,C,NA
481 VALLEY ROAD,07043,MONTCLAIR,N,C,NA,C,NA
483 BLOOMFIELD AVENUE,07042,MONTCLAIR,N,C,NA,C,NA
483 PARK STREET,07043,MONTCLAIR,N,C,NA,C,NA
483 VALLEY ROAD,07043,MONTCLAIR,N,C,NA,C,NA
484 BLOOMFIELD AVENUE,07042,MONTCLAIR,N,C,NA,C,NA
485 VALLEY ROAD,07043,MONTCLAIR,N,C,NA,C,NA
486 BLOOMFIELD AVENUE,07042,MONTCLAIR,N,C,NA,C,NA
486 HIGHLAND AVENUE,07043,MONTCLAIR,Y,C,NA,O,BRASS
487 HIGHLAND AVENUE,07043,MONTCLAIR,N,C,NA,C,NA
487 VALLEY ROAD 1ST,07043,MONTCLAIR,N,C,NA,C,NA
487 VALLEY ROAD 2ND,07043,MONTCLAIR,N,C,NA,C,NA
489 HIGHLAND AVENUE,07043,MONTCLAIR,N,C,NA,C,NA
49 ALEXANDER AVENUE,07043,MONTCLAIR,N,C,NA,C,NA
49 AUBREY ROAD,07043,MONTCLAIR,N,C,NA,C,NA
49 ARDSLEY ROAD,07042,MONTCLAIR,N,C,NA,C,NA
49 BEVERLY ROAD,07043,MONTCLAIR,N,C,NA,C,NA
49 BRUNSWICK ROAD,07042,MONTCLAIR,N,C,NA,C,NA
49 BROOKFIELD ROAD,07043,MONTCLAIR,N,C,NA,C,NA
49 CAMBRIDGE ROAD,07042,MONTCLAIR,N,C,NA,C,NA
49 CAROLIN ROAD,07043,MONTCLAIR,N,C,NA,C,NA
49 CEDAR AVENUE,07042,MONTCLAIR,N,C,NA,C,NA
49 CHRISTOPHER STREET,07043,MONTCLAIR,N,C,NA,C,NA
49 CHURCH STREET,07042,MONTCLAIR,N,C,NA,C,NA
49 CHURCH STREET - FIRELINE,07042,MONTCLAIR,N,C,NA,C,NA
49 CLAREMONT AVENUE,07042,MONTCLAIR,N,C,NA,C,NA
49 CLINTON AVENUE,07042,MONTCLAIR,N,C,NA,C,NA
49 DODD STREET,07042,MONTCLAIR,N,C,NA,C,NA
49 ELMWOOD AVENUE,07042,MONTCLAIR,N,C,NA,C,NA
49 ERWIN PARK ROAD,07042,MONTCLAIR,N,C,NA,C,NA
49 ESSEX AVENUE 1ST,07042,MONTCLAIR,N,C,NA,C,NA
49 ESSEX AVENUE 2ND,07042,MONTCLAIR,N,C,NA,C,NA
49 FAIRVIEW PLACE,07043,MONTCLAIR,N,C,NA,C,NA
49 GLENWOOD ROAD,07043,MONTCLAIR,N,C,NA,C,NA
49 GORDONHURST AVENUE,07043,MONTCLAIR,N,C,NA,C,NA
49 GRAY STREET,07042,MONTCLAIR,N,C,NA,C,NA
49 GREENWOOD AVENUE,07042,MONTCLAIR,N,C,NA,C,NA
49 HARVARD STREET,07042,MONTCLAIR,N,C,NA,C,NA
49 HIGHLAND AVENUE,07043,MONTCLAIR,N,C,NA,C,NA
49 JAMES STREET,07042,MONTCLAIR,N,C,NA,C,NA
49 LLOYD ROAD,07042,MONTCLAIR,N,C,NA,C,NA
49 MADISON AVENUE,07042,MONTCLAIR,N,C,NA,C,NA
49 MARQUETTE ROAD,07043,MONTCLAIR,N,C,NA,C,NA
49 MISSION STREET,07042,MONTCLAIR,N,C,NA,C,NA
49 MONTAGUE PLACE 2ND,07042,MONTCLAIR,N,C,NA,C,NA
49 MELROSE PLACE,07042,MONTCLAIR,Y,C,NA,O,BRASS
49 MONTAGUE PLACE 1ST,07042,MONTCLAIR,Y,C,NA,UX,NA
49 N FULLERTON AVENUE,07042,MONTCLAIR,N,C,NA,C,NA
49 N MOUNTAIN AVENUE,07042,MONTCLAIR,N,C,NA,C,NA
49 N WILLOW STREET,07042,MONTCLAIR,N,C,NA,C,NA
49 NEW STREET,07042,MONTCLAIR,N,C,NA,C,NA
49 NISHUANE ROAD,07042,MONTCLAIR,N,C,NA,C,NA
49 NORTHVIEW AVENUE,07043,MONTCLAIR,N,C,NA,C,NA
49 ORANGE ROAD,07042,MONTCLAIR,N,C,NA,C,NA
49 PARK STREET,07043,MONTCLAIR,N,C,NA,C,NA
49 PROSPECT AVENUE,07042,MONTCLAIR,N,C,NA,C,NA
49 PLYMOUTH STREET,07042,MONTCLAIR,N,C,NA,C,NA
49 STONEBRIDGE ROAD,07042,MONTCLAIR,N,C,NA,C,NA
49 TREMONT PLACE,07042,MONTCLAIR,N,C,NA,C,NA
49 UNION STREET,07042,MONTCLAIR,N,C,NA,C,NA
49 VIRGINIA AVENUE,07042,MONTCLAIR,N,C,NA,C,NA
49 WATCHUNG PLAZA,07042,MONTCLAIR,N,C,NA,C,NA
490 PARK STREET,07043,MONTCLAIR,N,C,NA,C,NA
491 BLOOMFIELD AVENUE,07042,MONTCLAIR,N,C,NA,C,NA
491 HIGHLAND AVENUE,07043,MONTCLAIR,N,C,NA,C,NA
491 PARK STREET,07043,MONTCLAIR,N,C,NA,C,NA
491 VALLEY ROAD,07043,MONTCLAIR,N,C,NA,C,NA
492 HIGHLAND AVENUE,07043,MONTCLAIR,N,C,NA,C,NA
493 BLOOMFIELD AVENUE,07042,MONTCLAIR,Y,C,NA,G,NA
494 HIGHLAND AVENUE,07043,MONTCLAIR,N,C,NA,C,NA
494 VALLEY ROAD,07043,MONTCLAIR,Y,C,NA,L,NA
495 HIGHLAND AVENUE,07043,MONTCLAIR,N,C,NA,C,NA
495 PARK STREET,07043,MONTCLAIR,N,C,NA,C,NA
496 PARK STREET,07043,MONTCLAIR,N,C,NA,C,NA
497 HIGHLAND AVENUE,07043,MONTCLAIR,N,C,NA,C,NA
497 PARK STREET,07043,MONTCLAIR,N,C,NA,C,NA
498 GROVE STREET,07043,MONTCLAIR,N,C,NA,C,NA
498 HIGHLAND AVENUE,07043,MONTCLAIR,N,C,NA,C,NA
499 BLOOMFIELD AVENUE,07042,MONTCLAIR,Y,C,NA,UX,NA
499 HIGHLAND AVENUE,07043,MONTCLAIR,N,C,NA,C,NA
499 PARK STREET,07043,MONTCLAIR,N,C,NA,C,NA
499.501 BLOOMFIELD AVENUE,07042,MONTCLAIR,N,C,NA,C,NA
4A STONEBRIDGE ROAD-CARRIAGE,07042,MONTCLAIR,N,C,NA,C,NA
5 ALVIN PLACE,07043,MONTCLAIR,N,C,NA,C,NA
5 AMELIA STREET,07042,MONTCLAIR,N,C,NA,C,NA
5 AMHERST PLACE,07043,MONTCLAIR,N,C,NA,C,NA
5 ARGYLE ROAD,07043,MONTCLAIR,N,C,NA,C,NA
5 ALDEN ROAD,07042,MONTCLAIR,N,C,NA,C,NA
5 ALEXANDER COURT,07043,MONTCLAIR,Y,C,NA,UX,NA
5 BELLAIRE DRIVE,07042,MONTCLAIR,N,C,NA,C,NA
5 BELLEGROVE DRIVE,07043,MONTCLAIR,N,C,NA,C,NA
5 BELVIDERE PLACE,07042,MONTCLAIR,N,C,NA,C,NA
5 BERKELEY PLACE,07042,MONTCLAIR,N,C,NA,C,NA
5 BRAEMORE ROAD,07043,MONTCLAIR,N,C,NA,C,NA
5 BRIAR HILL ROAD,07042,MONTCLAIR,N,C,NA,C,NA
5 CANTERBURY DRIVE,07042,MONTCLAIR,N,C,NA,C,NA
5 CAPRON LANE,07043,MONTCLAIR,N,C,NA,C,NA
5 CARLISLE ROAD,07043,MONTCLAIR,N,C,NA,C,NA
5 CARLTON DRIVE,07043,MONTCLAIR,N,C,NA,C,NA
5 CAROLIN ROAD,07043,MONTCLAIR,N,C,NA,C,NA
5 CARRIAGE WAY,07042,MONTCLAIR,N,C,NA,C,NA
5 CHARLES STREET,07042,MONTCLAIR,N,C,NA,C,NA
5 CHESTER ROAD,07043,MONTCLAIR,N,C,NA,C,NA
5 CHRISTOPHER COURT,07042,MONTCLAIR,N,C,NA,C,NA
5 CLAIRIDGE COURT,07042,MONTCLAIR,N,C,NA,C,NA
5 CLAREMONT PLACE,07042,MONTCLAIR,N,C,NA,C,NA
5 CLOVERHILL PLACE,07042,MONTCLAIR,N,C,NA,C,NA
5 COLUMBUS AVENUE,07042,MONTCLAIR,N,C,NA,C,NA
5 CAREY COURT,07042,MONTCLAIR,N,C,NA,C,NA
5 CHAMPLAIN TERRACE,07042,MONTCLAIR,N,C,NA,G,NA
5 CORNELL WAY,07043,MONTCLAIR,N,C,NA,C,NA
5 CRESTVIEW COURT,07042,MONTCLAIR,Y,C,NA,UX,NA
5 DODD STREET,07042,MONTCLAIR,N,C,NA,C,NA
5 DURYEA ROAD,07043,MONTCLAIR,N,C,NA,C,NA
5 ELMWOOD AVENUE,07042,MONTCLAIR,N,C,NA,C,NA
5 EUCLID PLACE,07042,MONTCLAIR,N,C,NA,C,NA
5 EMERSON PLACE,07043,MONTCLAIR,Y,C,NA,UX,NA
5 FAIRFIELD STREET,07042,MONTCLAIR,N,C,NA,C,NA
5 FAIRMONT AVENUE,07043,MONTCLAIR,N,C,NA,C,NA
5 FERNWOOD PLACE,07043,MONTCLAIR,N,C,NA,C,NA
5 FESSLER PLACE,07042,MONTCLAIR,N,C,NA,C,NA
5 FRANKLIN PLACE,07042,MONTCLAIR,N,C,NA,C,NA
5 FREDERICK STREET,07042,MONTCLAIR,N,C,NA,C,NA
5 GARDINER PLACE,07042,MONTCLAIR,N,C,NA,O,PVC
5 GLENRIDGE PARKWAY,07042,MONTCLAIR,N,C,NA,C,NA
5 GLENSIDE TERRACE,07043,MONTCLAIR,N,C,NA,C,NA
5 GODFREY ROAD,07043,MONTCLAIR,N,C,NA,C,NA
5 GRAHAM TERRACE,07042,MONTCLAIR,N,C,NA,C,NA
5 GREENVIEW WAY,07043,MONTCLAIR,N,C,NA,C,NA
5 GRENADA PLACE,07042,MONTCLAIR,N,C,NA,C,NA
5 GROVE TERRACE,07042,MONTCLAIR,N,C,NA,C,NA
5 GARFIELD PLACE,07043,MONTCLAIR,N,C,NA,C,NA
5 GRANT STREET,07042,MONTCLAIR,N,C,NA,C,NA
5 HIGH STREET,07042,MONTCLAIR,N,C,NA,C,NA
5 HIGH TERRACE,07042,MONTCLAIR,N,C,NA,C,NA
5 HIGHLAND AVENUE,07043,MONTCLAIR,N,C,NA,C,NA
5 HIGHLAND TERRACE,07043,MONTCLAIR,N,C,NA,C,NA
5 HILLTOP PLACE 1ST,07042,MONTCLAIR,N,C,NA,C,NA
5 HILLTOP PLACE 2ND,07042,MONTCLAIR,N,C,NA,C,NA
5 HOLLYWOOD AVENUE,07042,MONTCLAIR,N,C,NA,C,NA
5 HAMILTON TERRACE,07043,MONTCLAIR,Y,C,NA,UX,NA
5 HAWTHORNE PLACE,07042,MONTCLAIR,N,C,NA,C,NA
5 INGLESIDE ROAD,07043,MONTCLAIR,N,C,NA,C,NA
5 INWOOD TERRACE,07043,MONTCLAIR,N,C,NA,C,NA
5 JEFFERSON PLACE,07042,MONTCLAIR,N,C,NA,C,NA
5 JEROME PLACE 1ST FL,07043,MONTCLAIR,N,C,NA,C,NA
5 JEROME PLACE 2ND FL,07043,MONTCLAIR,N,C,NA,C,NA
5 JAMES STREET,07042,MONTCLAIR,N,C,NA,C,NA
5 KENNETH ROAD,07043,MONTCLAIR,N,C,NA,C,NA
5 KIPS RIDGE,07044,MONTCLAIR,N,C,NA,C,NA
5 LASALLE ROAD,07043,MONTCLAIR,N,C,NA,C,NA
5 LAUREL PLACE,07043,MONTCLAIR,N,C,NA,C,NA
5 LEE PLACE,07043,MONTCLAIR,N,C,NA,C,NA
5 LEWIS COURT,07042,MONTCLAIR,N,C,NA,C,NA
5 LINDEN AVENUE,07042,MONTCLAIR,N,C,NA,C,NA
5 LOCUST DRIVE,07042,MONTCLAIR,N,C,NA,C,NA
5 LANSING PLACE,07043,MONTCLAIR,Y,C,NA,UX,NA
5 MACOPIN AVENUE,07043,MONTCLAIR,N,C,NA,C,NA
5 MANOR COURT,07042,MONTCLAIR,N,C,NA,C,NA
5 MARQUETTE ROAD,07043,MONTCLAIR,N,C,NA,C,NA
5 MENDL TERRACE,07042,MONTCLAIR,N,C,NA,C,NA
5 MOUNTAIN PLACE,07043,MONTCLAIR,N,C,NA,C,NA
5 MCDONOUGH ST,07042,MONTCLAIR,N,C,NA,C,NA
5 MONROE PLACE,07042,MONTCLAIR,N,C,NA,C,NA
5 MONTCLAIR AVENUE,07043,MONTCLAIR,N,C,NA,C,NA
5 MORNINGSIDE AVENUE,07043,MONTCLAIR,N,C,NA,C,NA
5 N BROOKWOOD DRIVE,07042,MONTCLAIR,N,C,NA,C,NA
5 NASSAU ROAD,07043,MONTCLAIR,N,C,NA,C,NA
5 NISHUANE ROAD,07042,MONTCLAIR,Y,C,NA,G,NA
5 NISHUANE ROAD 1ST,07042,MONTCLAIR,Y,C,NA,G,NA
5 NISHUANE ROAD 2ND,07042,MONTCLAIR,Y,C,NA,G,NA
5 ORCHARD COURT,07042,MONTCLAIR,N,C,NA,C,NA
5 OXFORD STREET,07042,MONTCLAIR,N,C,NA,C,NA
5 PARK STREET,07043,MONTCLAIR,N,C,NA,C,NA
5 PARK TERRACE,07043,MONTCLAIR,N,C,NA,C,NA
5 PARKWAY,07043,MONTCLAIR,N,C,NA,C,NA
5 PIERPONT DRIVE,07042,MONTCLAIR,N,C,NA,C,NA
5 PIERSON PLACE,07042,MONTCLAIR,N,C,NA,C,NA
5 PROSPECT TERRACE,07042,MONTCLAIR,N,C,NA,C,NA
5 PROSPECT AVENUE,07042,MONTCLAIR,N,C,NA,C,NA
5 ROOSEVELT PLACE,07042,MONTCLAIR,N,C,NA,C,NA
5 ROSEDALE AVENUE 1ST,07042,MONTCLAIR,N,C,NA,C,NA
5 ROSEDALE AVENUE 2ND,07042,MONTCLAIR,N,C,NA,C,NA
5 RUTGERS PLACE,07043,MONTCLAIR,N,C,NA,C,NA
5 RYDAL PLACE,07042,MONTCLAIR,N,C,NA,C,NA
5 RIVERVIEW DRIVE W,07043,MONTCLAIR,N,C,NA,C,NA
5 RUSSELL TERRACE,07042,MONTCLAIR,Y,C,NA,G,NA
5 S BROOKWOOD DRIVE,07042,MONTCLAIR,N,C,NA,C,NA
5 SENECA PLACE,07043,MONTCLAIR,N,C,NA,C,NA
5 SEYMOUR STREET,07042,MONTCLAIR,N,C,NA,C,NA
5 STEPHEN COURT,07043,MONTCLAIR,N,C,NA,C,NA
5 STEPHEN STREET,07042,MONTCLAIR,N,C,NA,C,NA
5 STONEBRIDGE COURT,07042,MONTCLAIR,N,C,NA,C,NA
5 SYLVAN PLACE,07042,MONTCLAIR,N,C,NA,NA,NA
5 THE FAIRWAY,07043,MONTCLAIR,N,C,NA,C,NA
5 TUERS PLACE,07043,MONTCLAIR,N,C,NA,C,NA
5 TICHENOR PLACE,07042,MONTCLAIR,Y,C,NA,C,NA
5 UNDERCLIFF ROAD,07042,MONTCLAIR,N,C,NA,C,NA
5 UNION STREET,07042,MONTCLAIR,N,C,NA,C,NA
5 UPPER MOUNTAIN AVENUE,07042,MONTCLAIR,N,C,NA,C,NA
5 VALLEY PLACE,07043,MONTCLAIR,N,C,NA,C,NA
5 VAN BREEMEN COURT,07043,MONTCLAIR,N,C,NA,C,NA
5 VINCENT PLACE,07042,MONTCLAIR,N,C,NA,C,NA
5 WARD PLACE,07042,MONTCLAIR,N,C,NA,C,NA
5 WARREN PLACE,07042,MONTCLAIR,Y,C,NA,G,NA
5 WATERBURY ROAD,07043,MONTCLAIR,N,C,NA,C,NA
5 WHEELER STREET,07042,MONTCLAIR,N,C,NA,C,NA
5 WILFRED STREET,07042,MONTCLAIR,N,C,NA,C,NA
5 WILLIAM STREET,07042,MONTCLAIR,N,C,NA,C,NA
5 WILLOWDALE COURT,07042,MONTCLAIR,N,C,NA,C,NA
5 WINDEMERE ROAD,07043,MONTCLAIR,N,C,NA,C,NA
5 WOODLAND AVENUE,07042,MONTCLAIR,N,C,NA,C,NA
5 WOODMONT ROAD,07043,MONTCLAIR,N,C,NA,C,NA
5 WALDEN PLACE,07042,MONTCLAIR,N,C,NA,C,NA
5 WASHINGTON STREET,07042,MONTCLAIR,N,C,NA,C,NA
5 WENDOVER ROAD,07042,MONTCLAIR,N,C,NA,C,NA
5 WINDSOR PLACE,07043,MONTCLAIR,N,C,NA,C,NA
5 YALE TERRACE,07042,MONTCLAIR,N,C,NA,C,NA
5-7 N FULLERTON AVENUE,07042,MONTCLAIR,N,C,NA,C,NA
50 ARDSLEY ROAD,07042,MONTCLAIR,N,C,NA,C,NA
50 AUBREY ROAD,07043,MONTCLAIR,N,C,NA,C,NA
50 BRADFORD AVENUE,07043,MONTCLAIR,N,C,NA,C,NA
50 BRADFORD AVENUE,07043,MONTCLAIR,N,C,NA,C,NA
50 BRADFORD AVENUE,07043,MONTCLAIR,Y,C,NA,G,NA
50 BROOKFIELD ROAD,07043,MONTCLAIR,N,C,NA,C,NA
50 CAMBRIDGE ROAD,07042,MONTCLAIR,N,C,NA,C,NA
50 CHRISTOPHER STREET,07043,MONTCLAIR,N,C,NA,C,NA
50 CHURCH STREET,07042,MONTCLAIR,N,C,NA,C,NA
50 DRYDEN ROAD,07043,MONTCLAIR,N,C,NA,C,NA
50 FOREST STREET,07042,MONTCLAIR,N,C,NA,C,NA
50 FRANKLIN PLACE,07042,MONTCLAIR,N,C,NA,C,NA
50 GLENWOOD ROAD,07043,MONTCLAIR,N,C,NA,C,NA
50 GORDONHURST AVENUE,07043,MONTCLAIR,N,C,NA,C,NA
50 GRAY STREET,07042,MONTCLAIR,N,C,NA,C,NA
50 GRANDVIEW PLACE,07043,MONTCLAIR,N,C,NA,C,NA
50 HIGHLAND AVENUE,07043,MONTCLAIR,N,C,NA,C,NA
50 HARVARD STREET,07042,MONTCLAIR,Y,C,NA,G,NA
50 JAMES STREET 1ST,07042,MONTCLAIR,N,C,NA,C,NA
50 JAMES STREET 2ND,07042,MONTCLAIR,N,C,NA,C,NA
50 LABEL STREET,07042,MONTCLAIR,N,C,NA,C,NA
50 LLOYD ROAD,07042,MONTCLAIR,N,C,NA,C,NA
50 MADISON AVENUE,07042,MONTCLAIR,N,C,NA,C,NA
50 MAPLE AVENUE,07042,MONTCLAIR,N,C,NA,C,NA
50 MARQUETTE ROAD,07043,MONTCLAIR,N,C,NA,C,NA
50 MELROSE PLACE,07042,MONTCLAIR,N,C,NA,C,NA
50 MIDLAND AVENUE,07042,MONTCLAIR,N,C,NA,C,NA
50 MISSION STREET 1ST,07042,MONTCLAIR,N,C,NA,C,NA
50 MISSION STREET 2ND,07042,MONTCLAIR,N,C,NA,C,NA
50 MONTCLAIR AVENUE,07043,MONTCLAIR,N,C,NA,C,NA
50 MYRTLE AVENUE,07042,MONTCLAIR,N,C,NA,C,NA
50 N MOUNTAIN AVENUE,07042,MONTCLAIR,N,C,NA,C,NA
50 NISHUANE ROAD,07042,MONTCLAIR,N,C,NA,C,NA
50 NEW STREET,07042,MONTCLAIR,N,C,NA,C,NA
50 OAKWOOD AVENUE,07043,MONTCLAIR,N,C,NA,C,NA
50 OVERLOOK ROAD,07043,MONTCLAIR,Y,C,NA,UX,NA
50 PINE STREET #2,07042,MONTCLAIR,N,C,NA,C,NA
50 PINE STREET #3,07042,MONTCLAIR,N,C,NA,C,NA
50 PINE STREET #4A,07042,MONTCLAIR,N,C,NA,C,NA
50 PINE STREET #4B,07042,MONTCLAIR,N,C,NA,C,NA
50 PINE STREET #4C,07042,MONTCLAIR,N,C,NA,C,NA
50 PINE STREET #4D,07042,MONTCLAIR,N,C,NA,C,NA
50 PINE STREET #4E,07042,MONTCLAIR,N,C,NA,C,NA
50 PINE STREET #4F,07042,MONTCLAIR,N,C,NA,C,NA
50 PINE STREET #4G,07042,MONTCLAIR,N,C,NA,C,NA
50 PINE STREET #4H,07042,MONTCLAIR,N,C,NA,C,NA
50 PINE STREET #4I,07042,MONTCLAIR,N,C,NA,C,NA
50 PINE STREET #4J,07042,MONTCLAIR,N,C,NA,C,NA
50 PINE STREET #4K,07042,MONTCLAIR,N,C,NA,C,NA
50 PINE STREET #4L,07042,MONTCLAIR,N,C,NA,C,NA
50 PINE STREET #50,07042,MONTCLAIR,N,C,NA,C,NA
50 PINE STREET #5A,07042,MONTCLAIR,N,C,NA,C,NA
50 PINE STREET #5B,07042,MONTCLAIR,N,C,NA,C,NA
50 PINE STREET #5C,07042,MONTCLAIR,N,C,NA,C,NA
50 PINE STREET #5D,07042,MONTCLAIR,N,C,NA,C,NA
50 PINE STREET #5E,07042,MONTCLAIR,N,C,NA,C,NA
50 PINE STREET #5F,07042,MONTCLAIR,N,C,NA,C,NA
50 PINE STREET #5G,07042,MONTCLAIR,N,C,NA,C,NA
50 PINE STREET #5H,07042,MONTCLAIR,N,C,NA,C,NA
50 PINE STREET #5I,07042,MONTCLAIR,N,C,NA,C,NA
50 PINE STREET #5J,07042,MONTCLAIR,N,C,NA,C,NA
50 PINE STREET #5K,07042,MONTCLAIR,N,C,NA,C,NA
50 PINE STREET #5L,07042,MONTCLAIR,N,C,NA,C,NA
50 PINE STREET #5M,07042,MONTCLAIR,N,C,NA,C,NA
50 PINE STREET #5N,07042,MONTCLAIR,N,C,NA,C,NA
50 PINE STREET #5P,07042,MONTCLAIR,N,C,NA,C,NA
50 PINE STREET #5Q,07042,MONTCLAIR,N,C,NA,C,NA
50 PINE STREET #5R,07042,MONTCLAIR,N,C,NA,C,NA
50 PINE STREET #6A1,07042,MONTCLAIR,N,C,NA,C,NA
50 PINE STREET #6A2,07042,MONTCLAIR,N,C,NA,C,NA
50 PINE STREET #6B1,07042,MONTCLAIR,N,C,NA,C,NA
50 PINE STREET #6B2,07042,MONTCLAIR,N,C,NA,C,NA
50 PINE STREET #6C1,07042,MONTCLAIR,N,C,NA,C,NA
50 PINE STREET #6C2,07042,MONTCLAIR,N,C,NA,C,NA
50 PINE STREET #6D1,07042,MONTCLAIR,N,C,NA,C,NA
50 PINE STREET #6D2,07042,MONTCLAIR,N,C,NA,C,NA
50 PINE STREET #6E1,07042,MONTCLAIR,N,C,NA,C,NA
50 PINE STREET #6E2,07042,MONTCLAIR,N,C,NA,C,NA
50 PINE STREET #6F1,07042,MONTCLAIR,N,C,NA,C,NA
50 PINE STREET #6F2,07042,MONTCLAIR,N,C,NA,C,NA
50 PINE STREET #6G1,07042,MONTCLAIR,N,C,NA,C,NA
50 PINE STREET #6G2,07042,MONTCLAIR,N,C,NA,C,NA
50 PINE STREET #6H1,07042,MONTCLAIR,N,C,NA,C,NA
50 PINE STREET #6H2,07042,MONTCLAIR,N,C,NA,C,NA
50 PINE STREET #6I1,07042,MONTCLAIR,N,C,NA,C,NA
50 PINE STREET #6I2,07042,MONTCLAIR,N,C,NA,C,NA
50 PINE STREET #6J1,07042,MONTCLAIR,N,C,NA,C,NA
50 PINE STREET #6J2,07042,MONTCLAIR,N,C,NA,C,NA
50 PINE STREET #6K1,07042,MONTCLAIR,N,C,NA,C,NA
50 PINE STREET #6K2,07042,MONTCLAIR,N,C,NA,C,NA
50 PINE STREET #6L1,07042,MONTCLAIR,N,C,NA,C,NA
50 PINE STREET #6L2,07042,MONTCLAIR,N,C,NA,C,NA
50 PINE STREET #7A,07042,MONTCLAIR,N,C,NA,C,NA
50 PINE STREET #7B,07042,MONTCLAIR,N,C,NA,C,NA
50 PINE STREET #7C,07042,MONTCLAIR,N,C,NA,C,NA
50 PINE STREET #7D,07042,MONTCLAIR,N,C,NA,C,NA
50 PINE STREET #7E,07042,MONTCLAIR,N,C,NA,C,NA
50 PINE STREET #7F,07042,MONTCLAIR,N,C,NA,C,NA
50 PINE STREET #7G,07042,MONTCLAIR,N,C,NA,C,NA
50 PINE STREET #7H,07042,MONTCLAIR,N,C,NA,C,NA
50 PINE STREET #7I,07042,MONTCLAIR,N,C,NA,C,NA
50 PINE STREET #7J,07042,MONTCLAIR,N,C,NA,C,NA
50 PINE STREET #7K,07042,MONTCLAIR,N,C,NA,C,NA
50 PINE STREET #7L,07042,MONTCLAIR,N,C,NA,C,NA
50 PINE STREET #7M,07042,MONTCLAIR,N,C,NA,C,NA
50 PINE STREET #7N,07042,MONTCLAIR,N,C,NA,C,NA
50 PINE STREET #7O,07042,MONTCLAIR,N,C,NA,C,NA
50 PINE STREET #8A,07042,MONTCLAIR,N,C,NA,C,NA
50 PINE STREET #8B,07042,MONTCLAIR,N,C,NA,C,NA
50 PINE STREET #8C,07042,MONTCLAIR,N,C,NA,C,NA
50 PINE STREET #8D,07042,MONTCLAIR,N,C,NA,C,NA
50 PINE STREET #8E,07042,MONTCLAIR,N,C,NA,C,NA
50 PINE STREET #8F,07042,MONTCLAIR,N,C,NA,C,NA
50 PINE STREET #8G,07042,MONTCLAIR,N,C,NA,C,NA
50 PINE STREET #8H,07042,MONTCLAIR,N,C,NA,C,NA
50 PINE STREET #8I,07042,MONTCLAIR,N,C,NA,C,NA
50 PINE STREET #8J,07042,MONTCLAIR,N,C,NA,C,NA
50 PINE STREET #9A,07042,MONTCLAIR,N,C,NA,C,NA
50 PINE STREET #9B,07042,MONTCLAIR,N,C,NA,C,NA
50 PINE STREET #9C,07042,MONTCLAIR,N,C,NA,C,NA
50 PINE STREET #9D,07042,MONTCLAIR,N,C,NA,C,NA
50 PINE STREET #9E,07042,MONTCLAIR,N,C,NA,C,NA
50 PINE STREET #9F,07042,MONTCLAIR,N,C,NA,C,NA
50 PINE STREET #9G,07042,MONTCLAIR,N,C,NA,C,NA
50 PINE STREET #9H,07042,MONTCLAIR,N,C,NA,C,NA
50 PINE STREET #9I,07042,MONTCLAIR,N,C,NA,C,NA
50 PINE STREET #9J,07042,MONTCLAIR,N,C,NA,C,NA
50 PINE STREET - #10,07042,MONTCLAIR,N,C,NA,C,NA
50 PINE STREET-#2,07042,MONTCLAIR,N,C,NA,C,NA
50 PINE STREET-SPRINKLER,07042,MONTCLAIR,N,C,NA,C,NA
50 PLEASANT WAY,07042,MONTCLAIR,N,C,NA,C,NA
50 S FULLERTON AVENUE,07042,MONTCLAIR,N,C,NA,C,NA
50 S FULLERTON AVENUE,07042,MONTCLAIR,Y,C,NA,G,NA
50 S PARK STREET,07042,MONTCLAIR,N,C,NA,C,NA
50 STONEBRIDGE ROAD,07042,MONTCLAIR,N,C,NA,C,NA
50 TREMONT PLACE,07042,MONTCLAIR,N,C,NA,C,NA
50 UPPER MOUNTC PLAZA,07043,MONTCLAIR,N,C,NA,C,NA
50 UPPER MOUNTAIN PLAZA,07042,MONTCLAIR,N,C,NA,C,NA
50 VIRGINIA AVENUE,07042,MONTCLAIR,N,C,NA,C,NA
50 WALNUT CRESCENT-1ST,07042,MONTCLAIR,N,C,NA,C,NA
50 WALNUT CRESCENT-2ND,07042,MONTCLAIR,N,C,NA,C,NA
50 WALNUT STREET,07042,MONTCLAIR,N,C,NA,C,NA
50 WATCHUNG AVENUE,07043,MONTCLAIR,N,C,NA,C,NA
500 BLOOMFIELD AVENUE,07042,MONTCLAIR,N,C,NA,C,NA
500 GROVE STREET,07043,MONTCLAIR,N,C,NA,O,Iron
500 PARK STREET,07043,MONTCLAIR,N,C,NA,C,NA
500 VALLEY ROAD 1ST,07043,MONTCLAIR,N,C,NA,C,NA
500 VALLEY ROAD 2ND,07043,MONTCLAIR,N,C,NA,C,NA
500 VALLEY ROAD 3RD,07043,MONTCLAIR,N,C,NA,C,NA
501 BLOOMFIELD AVENUE,07042,MONTCLAIR,N,C,NA,C,NA
501 GROVE STREET,07043,MONTCLAIR,N,C,NA,C,NA
501 HIGHLAND AVENUE,07043,MONTCLAIR,Y,C,NA,L,NA
502 GROVE STREET,07043,MONTCLAIR,N,C,NA,C,NA
503 GROVE STREET,07043,MONTCLAIR,N,C,NA,C,NA
504 BLOOMFIELD AVENUE,07042,MONTCLAIR,N,C,NA,C,NA
505 BLOOMFIELD AVENUE,07042,MONTCLAIR,Y,C,NA,L,NA
505 GROVE STREET,07043,MONTCLAIR,Y,C,NA,G,NA
505 HIGHLAND AVENUE,07043,MONTCLAIR,N,C,NA,C,NA
507 BLOOMFIELD AVENUE,07042,MONTCLAIR,N,C,NA,C,NA
508 HIGHLAND AVENUE,07043,MONTCLAIR,N,C,NA,C,NA
508 PARK STREET,07043,MONTCLAIR,N,C,NA,C,NA
509 HIGHLAND AVENUE,07043,MONTCLAIR,N,C,NA,C,NA
509 PARK STREET,07043,MONTCLAIR,N,C,NA,C,NA
51 ALEXANDER AVENUE,07043,MONTCLAIR,N,C,NA,C,NA
51 ARDSLEY ROAD,07042,MONTCLAIR,N,C,NA,C,NA
51 AUBREY ROAD,07043,MONTCLAIR,N,C,NA,C,NA
51 BEVERLY ROAD,07043,MONTCLAIR,N,C,NA,C,NA
51 BRAEMORE ROAD,07043,MONTCLAIR,N,C,NA,C,NA
51 CEDAR AVENUE,07042,MONTCLAIR,N,C,NA,C,NA
51 CHRISTOPHER STREET,07043,MONTCLAIR,N,C,NA,C,NA
51 CAMBRIDGE ROAD,07042,MONTCLAIR,N,C,NA,C,NA
51 CAROLIN ROAD,07043,MONTCLAIR,Y,C,NA,UX,NA
51 DRYDEN ROAD,07043,MONTCLAIR,N,C,NA,C,NA
51 ELMWOOD AVENUE,07042,MONTCLAIR,N,C,NA,C,NA
51 ESSEX AVENUE,07042,MONTCLAIR,N,C,NA,C,NA
51 ELM STREET,07042,MONTCLAIR,N,C,NA,C,NA
51 ELSTON ROAD,07043,MONTCLAIR,N,C,NA,C,NA
51 FRANKLIN PLACE,07042,MONTCLAIR,N,C,NA,C,NA
51 GORDONHURST AVENUE,07043,MONTCLAIR,N,C,NA,C,NA
51 GREENWOOD AVENUE,07042,MONTCLAIR,N,C,NA,C,NA
51 GREENWOOD AVENUE/SPRINKLER,07042,MONTCLAIR,N,C,NA,C,NA
51 GLENRIDGE AVENUE,07042,MONTCLAIR,Y,C,NA,UX,NA
51 GRANDVIEW PLACE,07043,MONTCLAIR,Y,C,NA,L,NA
51 GRAY STREET,07042,MONTCLAIR,N,C,NA,C,NA
51 HARVARD STREET,07042,MONTCLAIR,N,C,NA,C,NA
51 HIGH STREET,07042,MONTCLAIR,N,C,NA,C,NA
51 JAMES STREET 1E,07042,MONTCLAIR,N,C,NA,C,NA
51 JAMES STREET 1W,07042,MONTCLAIR,N,C,NA,C,NA
51 JAMES STREET 2E,07042,MONTCLAIR,N,C,NA,C,NA
51 JAMES STREET 2W,07042,MONTCLAIR,N,C,NA,C,NA
51 JAMES STREET 3E,07042,MONTCLAIR,N,C,NA,C,NA
51 JAMES STREET 3W,07042,MONTCLAIR,N,C,NA,C,NA
51 JAMES STREET GARAGE,07042,MONTCLAIR,N,C,NA,C,NA
51 MARQUETTE ROAD,07043,MONTCLAIR,N,C,NA,C,NA
51 MYRTLE AVENUE,07042,MONTCLAIR,N,C,NA,C,NA
51 N WILLOW STREET,07042,MONTCLAIR,N,C,NA,C,NA
51 NEW STREET,07042,MONTCLAIR,N,C,NA,C,NA
51 NORTHVIEW AVENUE,07043,MONTCLAIR,N,C,NA,C,NA
51 OVERLOOK ROAD,07043,MONTCLAIR,N,C,NA,C,NA
51 OAKWOOD AVENUE,07043,MONTCLAIR,N,C,NA,C,NA
51 PARK STREET,07043,MONTCLAIR,N,C,NA,C,NA
51 PLEASANT AVENUE,07042,MONTCLAIR,N,C,NA,C,NA
51 PLEASANT WAY,07042,MONTCLAIR,N,C,NA,C,NA
51 PLYMOUTH STREET,07042,MONTCLAIR,N,C,NA,C,NA
51 PORTLAND PLACE,07042,MONTCLAIR,N,C,NA,C,NA
51 S MOUNTAIN AVENUE,07042,MONTCLAIR,N,C,NA,C,NA
51 S PARK STREET,07042,MONTCLAIR,N,C,NA,C,NA
51 TREMONT PLACE,07042,MONTCLAIR,N,C,NA,C,NA
51 TUXEDO ROAD,07042,MONTCLAIR,N,C,NA,C,NA
51 VIRGINIA AVENUE,07042,MONTCLAIR,N,C,NA,C,NA
51 WALNUT STREET,07042,MONTCLAIR,N,C,NA,C,NA
51 WATCHUNG AVENUE,07043,MONTCLAIR,N,C,NA,C,NA
51 WOODMONT ROAD,07043,MONTCLAIR,N,C,NA,C,NA
51 WARREN PLACE,07042,MONTCLAIR,N,C,NA,C,NA
51 WOODLAND AVENUE,07042,MONTCLAIR,N,C,NA,C,NA
51-#1 N MOUNTAIN AVENUE,07042,MONTCLAIR,N,C,NA,C,NA
51-#2 N MOUNTAIN AVENUE,07042,MONTCLAIR,N,C,NA,C,NA
51-#3 N MOUNTAIN AVENUE,07042,MONTCLAIR,N,C,NA,C,NA
51-#4 N MOUNTAIN AVENUE,07042,MONTCLAIR,N,C,NA,C,NA
51-#5 N MOUNTAIN AVENUE,07042,MONTCLAIR,N,C,NA,C,NA
51-#6 N MOUNTAIN AVENUE,07042,MONTCLAIR,N,C,NA,C,NA
51-#7 N MOUNTAIN AVENUE,07042,MONTCLAIR,N,C,NA,C,NA
51-#8 N MOUNTAIN AVENUE,07042,MONTCLAIR,N,C,NA,C,NA
51-#9 N MOUNTAIN AVENUE,07042,MONTCLAIR,N,C,NA,C,NA
51-01 GREENWOOD AVENUE #1A,07042,MONTCLAIR,N,C,NA,C,NA
51-02 GREENWOOD AVENUE #2A,07042,MONTCLAIR,N,C,NA,C,NA
51.59 N FULLERTON AVENUE,07042,MONTCLAIR,N,C,NA,C,NA
510 BLOOMFIELD AVENUE,07042,MONTCLAIR,N,C,NA,C,NA
510 HIGHLAND AVENUE,07043,MONTCLAIR,N,C,NA,C,NA
510 PARK STREET,07043,MONTCLAIR,Y,C,NA,G,NA
511 GROVE STREET,07043,MONTCLAIR,N,C,NA,C,NA
511 HIGHLAND AVENUE,07043,MONTCLAIR,N,C,NA,C,NA
512 PARK STREET,07043,MONTCLAIR,N,C,NA,C,NA
513 GROVE STREET,07043,MONTCLAIR,N,C,NA,C,NA
514 BLOOMFIELD AVENUE,07042,MONTCLAIR,N,C,NA,C,NA
515 BLOOMFIELD AVENUE,07042,MONTCLAIR,N,C,NA,C,NA
515 BLOOMFIELD AVENUE,07042,MONTCLAIR,Y,C,NA,G,NA
515 GROVE STREET,07043,MONTCLAIR,N,C,NA,C,NA
515 HIGHLAND AVENUE,07043,MONTCLAIR,N,C,NA,C,NA
515 UPPER MOUNTAIN AVENUE,07042,MONTCLAIR,N,C,NA,C,NA
516 PARK STREET,07043,MONTCLAIR,N,C,NA,C,NA
516 VALLEY ROAD,07043,MONTCLAIR,N,C,NA,C,NA
517 BLOOMFIELD AVENUE,07042,MONTCLAIR,N,C,NA,C,NA
517 HIGHLAND AVENUE,07043,MONTCLAIR,N,C,NA,C,NA
517 PARK STREET,07043,MONTCLAIR,N,C,NA,C,NA
517 UPPER MOUNTAIN AVENUE,07042,MONTCLAIR,N,C,NA,C,NA
518 HIGHLAND AVENUE,07043,MONTCLAIR,N,C,NA,C,NA
519 BLOOMFIELD AVENUE,07042,MONTCLAIR,N,C,NA,C,NA
519 HIGHLAND AVENUE,07043,MONTCLAIR,N,C,NA,C,NA
519 UPPER MOUNTAIN AVENUE,07042,MONTCLAIR,N,C,NA,C,NA
51A JAMES STREET #1 REAR,07042,MONTCLAIR,N,C,NA,C,NA
51A JAMES STREET #10,07042,MONTCLAIR,N,C,NA,C,NA
51A JAMES STREET #13 REAR,07042,MONTCLAIR,N,C,NA,C,NA
51A JAMES STREET #2(REAR),07042,MONTCLAIR,N,C,NA,C,NA
51A JAMES STREET #3 REAR,07042,MONTCLAIR,N,C,NA,C,NA
51A JAMES STREET #4 REAR,07042,MONTCLAIR,N,C,NA,C,NA
51A JAMES STREET #5 REAR,07042,MONTCLAIR,N,C,NA,C,NA
51A JAMES STREET #6 REAR,07042,MONTCLAIR,N,C,NA,C,NA
51A JAMES STREET #7 REAR,07042,MONTCLAIR,N,C,NA,C,NA
51A JAMES STREET #8 REAR,07042,MONTCLAIR,N,C,NA,C,NA
51A JAMES STREET #9 REAR,07042,MONTCLAIR,N,C,NA,C,NA
51A JAMES STREET-#11 REAR,07042,MONTCLAIR,N,C,NA,C,NA
51A JAMES STREET-#12 REAR,07042,MONTCLAIR,N,C,NA,C,NA
52 ARDSLEY ROAD,07042,MONTCLAIR,N,C,NA,C,NA
52 AUBREY ROAD,07043,MONTCLAIR,N,C,NA,C,NA
52 BELLEVUE AVENUE,07043,MONTCLAIR,N,C,NA,C,NA
52 BROOKFIELD ROAD,07043,MONTCLAIR,N,C,NA,C,NA
52 CHRISTOPHER STREET,07043,MONTCLAIR,N,C,NA,C,NA
52 CAROLIN ROAD,07043,MONTCLAIR,N,C,NA,C,NA
52 CENTRAL AVENUE,07042,MONTCLAIR,N,C,NA,C,NA
52 DODD STREET,07042,MONTCLAIR,N,C,NA,C,NA
52 DRYDEN ROAD,07043,MONTCLAIR,N,C,NA,C,NA
52 ELM STREET,07042,MONTCLAIR,Y,C,NA,G,NA
52 FRANKLIN PLACE,07042,MONTCLAIR,N,C,NA,C,NA
52 GATES AVENUE,07042,MONTCLAIR,N,C,NA,C,NA
52 GRAY STREET,07042,MONTCLAIR,N,C,NA,C,NA
52 GATES AVENUE,07042,MONTCLAIR,Y,C,NA,UX,NA
52 GORDONHURST AVENUE,07043,MONTCLAIR,N,C,NA,C,NA
52 HARVARD STREET,07042,MONTCLAIR,N,C,NA,C,NA
52 JAMES STREET,07042,MONTCLAIR,N,C,NA,C,NA
52 LLOYD ROAD,07042,MONTCLAIR,N,C,NA,C,NA
52 LINDEN AVENUE,07042,MONTCLAIR,N,C,NA,C,NA
52 LLEWELLYN ROAD,07042,MONTCLAIR,N,C,NA,C,NA
52 MAPLE AVENUE,07042,MONTCLAIR,N,C,NA,C,NA
52 MARQUETTE ROAD,07043,MONTCLAIR,N,C,NA,C,NA
52 MONTAGUE PLACE,07042,MONTCLAIR,N,C,NA,C,NA
52 MONTCLAIR AVENUE,07043,MONTCLAIR,N,C,NA,C,NA
52 N WILLOW STREET,07042,MONTCLAIR,N,C,NA,C,NA
52 NEW STREET,07042,MONTCLAIR,N,C,NA,C,NA
52 NISHUANE ROAD,07042,MONTCLAIR,N,C,NA,C,NA
52 OAKWOOD AVENUE,07043,MONTCLAIR,N,C,NA,C,NA
52 OVERLOOK ROAD,07043,MONTCLAIR,N,C,NA,C,NA
52 PLEASANT WAY,07042,MONTCLAIR,N,C,NA,C,NA
52 SHERMAN STREET,07042,MONTCLAIR,Y,C,NA,UX,NA
52 TUXEDO ROAD,07042,MONTCLAIR,N,C,NA,C,NA
52 UPPER MONTCLAIR PLAZA,07043,MONTCLAIR,N,C,NA,C,NA
52 UPPER MOUNTC PLAZA,07043,MONTCLAIR,N,C,NA,C,NA
52 VIRGINIA AVENUE,07042,MONTCLAIR,N,C,NA,C,NA
52 WARREN PLACE,07042,MONTCLAIR,N,C,NA,C,NA
52 WATCHUNG AVENUE,07043,MONTCLAIR,N,C,NA,C,NA
52 WAYSIDE PLACE,07042,MONTCLAIR,N,C,NA,C,NA
52 WILDWOOD AVENUE,07043,MONTCLAIR,N,C,NA,C,NA
52 WILLOWDALE AVENUE 1ST,07042,MONTCLAIR,N,C,NA,C,NA
52 WILLOWDALE AVENUE-2ND,07042,MONTCLAIR,N,C,NA,C,NA
52 WOODMONT ROAD,07043,MONTCLAIR,N,C,NA,C,NA
52 WALNUT CRESCENT 1ST,07042,MONTCLAIR,N,C,NA,C,NA
52 WALNUT CRESCENT 2ND,07042,MONTCLAIR,N,C,NA,C,NA
52 WARFIELD STREET,07043,MONTCLAIR,N,C,NA,C,NA
52 YANTACAW BROOK ROAD,07043,MONTCLAIR,N,C,NA,C,NA
520 BLOOMFIELD AVENUE,07042,MONTCLAIR,N,C,NA,C,NA
520 PARK STREET,07043,MONTCLAIR,N,C,NA,O,Iron
520 UPPER MOUNTAIN AVENUE,07042,MONTCLAIR,N,C,NA,C,NA
521 BLOOMFIELD AVENUE,07042,MONTCLAIR,N,C,NA,C,NA
521 GROVE STREET,07043,MONTCLAIR,N,C,NA,C,NA
521 HIGHLAND AVENUE,07043,MONTCLAIR,Y,C,NA,O,BRASS
521 UPPER MOUNTAIN AVENUE,07042,MONTCLAIR,N,C,NA,C,NA
522 PARK STREET,07043,MONTCLAIR,N,C,NA,C,NA
522 UPPER MOUNTAIN AVENUE,07042,MONTCLAIR,N,C,NA,C,NA
523 HIGHLAND AVENUE,07043,MONTCLAIR,N,C,NA,C,NA
524 HIGHLAND AVENUE,07043,MONTCLAIR,Y,C,NA,UX,NA
524 UPPER MOUNTAIN AVENUE,07042,MONTCLAIR,N,C,NA,C,NA
525 PARK STREET,07043,MONTCLAIR,N,C,NA,C,NA
525 UPPER MOUNTAIN AVENUE,07042,MONTCLAIR,N,C,NA,C,NA
525 VALLEY ROAD,07043,MONTCLAIR,N,C,NA,C,NA
526 GROVE STREET,07043,MONTCLAIR,N,C,NA,C,NA
526 HIGHLAND AVENUE,07043,MONTCLAIR,N,C,NA,C,NA
526 PARK STREET,07043,MONTCLAIR,N,C,NA,C,NA
526 UPPER MOUNTAIN AVENUE,07042,MONTCLAIR,N,C,NA,C,NA
527 GROVE STREET,07043,MONTCLAIR,N,C,NA,C,NA
527 HIGHLAND AVENUE,07043,MONTCLAIR,N,C,NA,C,NA
527 UPPER MOUNTAIN AVENUE,07042,MONTCLAIR,N,C,NA,C,NA
528 GROVE STREET,07043,MONTCLAIR,N,C,NA,C,NA
528 UPPER MOUNTAIN AVENUE,07042,MONTCLAIR,N,C,NA,C,NA
529 HIGHLAND AVENUE,07043,MONTCLAIR,N,C,NA,C,NA
529 UPPER MOUNTAIN AVENUE,07042,MONTCLAIR,N,C,NA,C,NA
53 BROOKFIELD ROAD,07043,MONTCLAIR,N,C,NA,C,NA
53 BEVERLY ROAD,07043,MONTCLAIR,Y,C,NA,UX,NA
53 CHRISTOPHER STREET,07043,MONTCLAIR,N,C,NA,C,NA
53 CLUB ROAD,07043,MONTCLAIR,N,C,NA,C,NA
53 CAMBRIDGE ROAD,07042,MONTCLAIR,N,C,NA,C,NA
53 DRYDEN ROAD,07043,MONTCLAIR,N,C,NA,C,NA
53 ESSEX AV 1ST,07042,MONTCLAIR,N,C,NA,C,NA
53 ESSEX AVENUE 2ND,07042,MONTCLAIR,N,C,NA,C,NA
53 FOREST STREET,07042,MONTCLAIR,N,C,NA,C,NA
53 FRANKLIN PLACE,07042,MONTCLAIR,N,C,NA,C,NA
53 FAIRVIEW PLACE,07043,MONTCLAIR,N,C,NA,C,NA
53 GLENWOOD ROAD,07043,MONTCLAIR,N,C,NA,C,NA
53 GORDONHURST AVENUE,07043,MONTCLAIR,N,C,NA,C,NA
53 GRAY STREET,07042,MONTCLAIR,N,C,NA,C,NA
53 GLENRIDGE AVENUE,07042,MONTCLAIR,Y,C,NA,UX,NA
53 GRANDVIEW PLACE,07043,MONTCLAIR,Y,C,NA,L,NA
53 HARVARD STREET,07042,MONTCLAIR,N,C,NA,C,NA
53 JAMES STREET - UNIT 3,07042,MONTCLAIR,N,C,NA,C,NA
53 JAMES STREET-UNIT 1,07042,MONTCLAIR,N,C,NA,C,NA
53 JAMES STREET-UNIT 2,07042,MONTCLAIR,N,C,NA,C,NA
53 LLOYD ROAD,07042,MONTCLAIR,N,C,NA,C,NA
53 MADISON AVENUE,07042,MONTCLAIR,N,C,NA,C,NA
53 MISSION STREET,07042,MONTCLAIR,N,C,NA,C,NA
53 MELROSE PLACE,07042,MONTCLAIR,N,C,NA,C,NA
53 N WILLOW STREET,07042,MONTCLAIR,N,C,NA,C,NA
53 NISHUANE ROAD,07042,MONTCLAIR,N,C,NA,C,NA
53 NORWOOD AVENUE,07043,MONTCLAIR,N,C,NA,C,NA
53 OAKWOOD AVENUE,07043,MONTCLAIR,N,C,NA,C,NA
53 OVERLOOK ROAD,07043,MONTCLAIR,N,C,NA,C,NA
53 PORTER PLACE,07042,MONTCLAIR,N,C,NA,C,NA
53 PLEASANT WAY,07042,MONTCLAIR,N,C,NA,C,NA
53 PORTLAND PLACE,07042,MONTCLAIR,N,C,NA,C,NA
53 PORTLAND PLACE 2ND,07042,MONTCLAIR,N,C,NA,C,NA
53 STONEBRIDGE ROAD,07042,MONTCLAIR,N,C,NA,C,NA
53 UNION STREET,07042,MONTCLAIR,N,C,NA,C,NA
53 VIRGINIA AVENUE,07042,MONTCLAIR,N,C,NA,C,NA
53 WATCHUNG AVENUE,07043,MONTCLAIR,N,C,NA,C,NA
53-01 GREENWOOD AVENUE #1B,07042,MONTCLAIR,N,C,NA,C,NA
53-02 GREENWOOD AVENUE #2B,07042,MONTCLAIR,N,C,NA,C,NA
530 GROVE STREET,07043,MONTCLAIR,N,C,NA,C,NA
530 HIGHLAND AVENUE,07043,MONTCLAIR,N,C,NA,C,NA
530 PARK STREET,07043,MONTCLAIR,N,C,NA,C,NA
530 UPPER MOUNTAIN AVENUE,07042,MONTCLAIR,N,C,NA,C,NA
530 VALLEY ROAD,07043,MONTCLAIR,N,C,NA,C,NA
531 HIGHLAND AVENUE,07043,MONTCLAIR,N,C,NA,C,NA
531 UPPER MOUNTAIN AVENUE,07042,MONTCLAIR,N,C,NA,C,NA
533 BLOOMFIELD AVENUE,07042,MONTCLAIR,N,C,NA,C,NA
533 GROVE STREET,07043,MONTCLAIR,N,C,NA,C,NA
533 PARK STREET,07043,MONTCLAIR,N,C,NA,C,NA
534 PARK STREET,07043,MONTCLAIR,N,C,NA,C,NA
534 UPPER MOUNTAIN AVENUE,07042,MONTCLAIR,N,C,NA,C,NA
535 HIGHLAND AVENUE,07043,MONTCLAIR,N,C,NA,C,NA
535 UPPER MOUNTAIN AVENUE,07042,MONTCLAIR,N,C,NA,C,NA
537 HIGHLAND AVENUE,07043,MONTCLAIR,N,C,NA,C,NA
537 PARK STREET,07043,MONTCLAIR,Y,C,NA,UX,NA
538 BLOOMFIELD AVENUE,07042,MONTCLAIR,N,C,NA,C,NA
538 GROVE STREET,07043,MONTCLAIR,N,C,NA,C,NA
538 PARK STREET,07043,MONTCLAIR,N,C,NA,C,NA
539 BLOOMFIELD AVENUE,07042,MONTCLAIR,N,C,NA,C,NA
539 VALLEY ROAD,07043,MONTCLAIR,N,C,NA,C,NA
54 ARDSLEY ROAD,07042,MONTCLAIR,N,C,NA,C,NA
54 AUBREY ROAD,07043,MONTCLAIR,N,C,NA,C,NA
54 CAROLIN ROAD,07043,MONTCLAIR,N,C,NA,C,NA
54 CENTRAL AVENUE,07042,MONTCLAIR,N,C,NA,C,NA
54 CAMBRIDGE ROAD,07042,MONTCLAIR,N,C,NA,C,NA
54 CHRISTOPHER STREET,07043,MONTCLAIR,N,C,NA,C,NA
54 DODD STREET,07042,MONTCLAIR,N,C,NA,C,NA
54 EDGEMONT ROAD,07042,MONTCLAIR,N,C,NA,C,NA
54 ELSTON ROAD,07043,MONTCLAIR,N,C,NA,C,NA
54 ELM STREET,07042,MONTCLAIR,Y,C,NA,UX,NA
54 FAIRFIELD STREET,07042,MONTCLAIR,N,C,NA,C,NA
54 FAIRFIELD STREET 3RD,07042,MONTCLAIR,N,C,NA,C,NA
54 FAIRFIELD STREET 3RD REAR,07042,MONTCLAIR,N,C,NA,C,NA
54 GLENWOOD ROAD,07043,MONTCLAIR,N,C,NA,C,NA
54 GRANDVIEW PLACE,07043,MONTCLAIR,N,C,NA,C,NA
54 GRAY STREET,07042,MONTCLAIR,N,C,NA,C,NA
54 GORDONHURST AVENUE,07043,MONTCLAIR,N,C,NA,C,NA
54 LABEL STREET 1ST,07042,MONTCLAIR,Y,C,NA,UX,NA
54 LABEL STREET 2ND,07042,MONTCLAIR,Y,C,NA,UX,NA
54 LINDEN AVENUE,07042,MONTCLAIR,N,C,NA,C,NA
54 MARQUETTE ROAD,07043,MONTCLAIR,N,C,NA,C,NA
54 MELROSE PLACE,07042,MONTCLAIR,N,C,NA,C,NA
54 MONTCLAIR AVENUE,07043,MONTCLAIR,N,C,NA,C,NA
54 MISSION STREET 1ST,07042,MONTCLAIR,N,C,NA,C,NA
54 MISSION STREET 2ND,07042,MONTCLAIR,N,C,NA,C,NA
54 MYRTLE AVENUE,07042,MONTCLAIR,N,C,NA,C,NA
54 N MOUNTAIN AVENUE,07042,MONTCLAIR,N,C,NA,C,NA
54 NISHUANE ROAD,07042,MONTCLAIR,N,C,NA,C,NA
54 OVERLOOK ROAD,07043,MONTCLAIR,N,C,NA,C,NA
54 PLEASANT AVENUE,07042,MONTCLAIR,N,C,NA,C,NA
54 PLYMOUTH STREET,07042,MONTCLAIR,N,C,NA,C,NA
54 PROSPECT AVENUE,07042,MONTCLAIR,N,C,NA,C,NA
54 S MOUNTAIN AVENUE,07042,MONTCLAIR,N,C,NA,C,NA
54 SHERMAN STREET,07042,MONTCLAIR,N,C,NA,C,NA
54 TREMONT PLACE,07042,MONTCLAIR,N,C,NA,C,NA
54 TUXEDO ROAD,07042,MONTCLAIR,Y,C,NA,G,NA
54 WAYSIDE PLACE,07042,MONTCLAIR,N,C,NA,C,NA
54 WILLOWDALE AVENUE,07042,MONTCLAIR,N,C,NA,C,NA
54 WARFIELD STREET,07043,MONTCLAIR,N,C,NA,C,NA
540 GROVE STREET,07043,MONTCLAIR,Y,C,NA,O,BRASS
540 HIGHLAND AVENUE,07043,MONTCLAIR,N,C,NA,C,NA
540 PARK STREET,07043,MONTCLAIR,N,C,NA,C,NA
540 UPPER MOUNTAIN AVENUE,07042,MONTCLAIR,Y,C,NA,G,NA
540 VALLEY ROAD,07043,MONTCLAIR,N,C,NA,C,NA
541 GROVE STREET,07043,MONTCLAIR,N,C,NA,C,NA
541 HIGHLAND AVENUE,07043,MONTCLAIR,N,C,NA,C,NA
541 UPPER MOUNTAIN AVENUE,07042,MONTCLAIR,N,C,NA,C,NA
542 HIGHLAND AVENUE,07043,MONTCLAIR,N,C,NA,C,NA
542 UPPER MOUNTAIN AVENUE,07042,MONTCLAIR,N,C,NA,C,NA
542.5 VALLEY ROAD,07043,MONTCLAIR,Y,C,NA,UX,NA
543 GROVE STREET,07043,MONTCLAIR,N,C,NA,C,NA
543 HIGHLAND AVENUE,07043,MONTCLAIR,N,C,NA,C,NA
543 PARK STREET,07043,MONTCLAIR,N,C,NA,C,NA
543 UPPER MOUNTAIN AVENUE,07042,MONTCLAIR,N,C,NA,C,NA
543 VALLEY ROAD,07043,MONTCLAIR,Y,C,NA,O,BRASS
544 BLOOMFIELD AVENUE,07042,MONTCLAIR,N,C,NA,C,NA
544 BLOOMFIELD AVENUE-SCREEN,07042,MONTCLAIR,N,C,NA,C,NA
544 HIGHLAND AVENUE,07043,MONTCLAIR,N,C,NA,C,NA
544 PARK STREET,07043,MONTCLAIR,N,C,NA,C,NA
544 UPPER MOUNTAIN AVENUE,07042,MONTCLAIR,N,C,NA,C,NA
545 BLOOMFIELD AVENUE,07042,MONTCLAIR,N,C,NA,C,NA
545 GROVE STREET,07043,MONTCLAIR,N,C,NA,C,NA
545 HIGHLAND AVENUE,07043,MONTCLAIR,N,C,NA,C,NA
545 PARK STREET,07043,MONTCLAIR,N,C,NA,C,NA
545 VALLEY ROAD,07043,MONTCLAIR,N,C,NA,C,NA
546 HIGHLAND AVENUE,07043,MONTCLAIR,N,C,NA,C,NA
546 UPPER MOUNTAIN AVENUE,07042,MONTCLAIR,N,C,NA,C,NA
546 VALLEY ROAD,07043,MONTCLAIR,N,C,NA,C,NA
547 BLOOMFIELD AVENUE,07042,MONTCLAIR,Y,C,NA,UX,NA
547 HIGHLAND AVENUE,07043,MONTCLAIR,N,C,NA,C,NA
547 PARK STREET,07043,MONTCLAIR,N,C,NA,C,NA
547 VALLEY ROAD 1ST,07043,MONTCLAIR,N,C,NA,C,NA
547 VALLEY ROAD 2ND,07043,MONTCLAIR,N,C,NA,C,NA
548 HIGHLAND AVENUE,07043,MONTCLAIR,N,C,NA,C,NA
548 UPPER MOUNTAIN AVENUE,07042,MONTCLAIR,N,C,NA,C,NA
549 GROVE STREET,07043,MONTCLAIR,N,C,NA,C,NA
549 HIGHLAND AVENUE,07043,MONTCLAIR,N,C,NA,C,NA
549 PARK STREET,07043,MONTCLAIR,N,C,NA,C,NA
55 ARDSLEY ROAD,07042,MONTCLAIR,N,C,NA,C,NA
55 AUBREY ROAD,07043,MONTCLAIR,N,C,NA,C,NA
55 BEVERLY ROAD,07043,MONTCLAIR,N,C,NA,C,NA
55 CAMBRIDGE ROAD,07042,MONTCLAIR,N,C,NA,C,NA
55 CHRISTOPHER STREET,07043,MONTCLAIR,N,C,NA,C,NA
55 CHURCH STREET,07042,MONTCLAIR,Y,C,NA,UX,NA
55 EAGLE ROCK WAY,07042,MONTCLAIR,N,C,NA,C,NA
55 ELM STREET,07042,MONTCLAIR,N,C,NA,C,NA
55 ELSTON ROAD,07043,MONTCLAIR,N,C,NA,C,NA
55 FOREST STREET,07042,MONTCLAIR,N,C,NA,C,NA
55 FRANKLIN PLACE,07042,MONTCLAIR,N,C,NA,C,NA
55 GLENRIDGE AVENUE,07042,MONTCLAIR,N,C,NA,C,NA
55 GREENWOOD AVENUE,07042,MONTCLAIR,N,C,NA,C,NA
55 GROVE STREET,07043,MONTCLAIR,N,C,NA,C,NA
55 GLENWOOD ROAD,07043,MONTCLAIR,N,C,NA,C,NA
55 GORDONHURST AVENUE,07043,MONTCLAIR,N,C,NA,C,NA
55 GRANDVIEW PLACE,07043,MONTCLAIR,N,C,NA,C,NA
55 HARRISON AVENUE,07042,MONTCLAIR,N,C,NA,C,NA
55 HELLER WAY,07043,MONTCLAIR,N,C,NA,C,NA
55 LLEWELLYN ROAD,07042,MONTCLAIR,N,C,NA,C,NA
55 MADISON AVENUE,07042,MONTCLAIR,N,C,NA,C,NA
55 MELROSE PLACE,07042,MONTCLAIR,N,C,NA,C,NA
55 MISSION STREET,07042,MONTCLAIR,N,C,NA,C,NA
55 MONTAGUE PLACE 1ST,07042,MONTCLAIR,N,C,NA,C,NA
55 MONTAGUE PLACE 2ND,07042,MONTCLAIR,N,C,NA,C,NA
55 MONTCLAIR AVENUE,07043,MONTCLAIR,N,C,NA,C,NA
55 MYRTLE AVENUE,07042,MONTCLAIR,N,C,NA,C,NA
55 N MOUNTAIN AVENUE,07042,MONTCLAIR,N,C,NA,C,NA
55 OAKWOOD AVENUE,07043,MONTCLAIR,N,C,NA,C,NA
55 OVERLOOK ROAD,07043,MONTCLAIR,N,C,NA,C,NA
55 PARK STREET,07043,MONTCLAIR,N,C,NA,C,NA
55 PLEASANT WAY,07042,MONTCLAIR,N,C,NA,C,NA
55 PLYMOUTH STREET,07042,MONTCLAIR,N,C,NA,C,NA
55 PLEASANT AVENUE,07042,MONTCLAIR,Y,C,NA,L,NA
55 S FULLERTON AVENUE,07042,MONTCLAIR,N,C,NA,C,NA
55 S MOUNTAIN AVENUE,07042,MONTCLAIR,N,C,NA,C,NA
55 S PARK STREET,07042,MONTCLAIR,Y,C,NA,L,NA
55 TUXEDO ROAD,07042,MONTCLAIR,N,C,NA,C,NA
55 VIRGINIA AVENUE,07042,MONTCLAIR,N,C,NA,C,NA
55 WALNUT STREET 2ND,07042,MONTCLAIR,N,C,NA,C,NA
55 WALNUT STREET-1ST,07042,MONTCLAIR,N,C,NA,C,NA
55 WARREN PLACE,07042,MONTCLAIR,N,C,NA,C,NA
55 WASHINGTON STREET -CH BULLOCK,07042,MONTCLAIR,N,C,NA,C,NA
55 WASHINGTON STREET- CH BULLOCK,07042,MONTCLAIR,N,C,NA,C,NA
55 WASHINGTON STREET-CHBULLOCK,07042,MONTCLAIR,N,C,NA,C,NA
55 WILDWOOD AVENUE,07043,MONTCLAIR,N,C,NA,C,NA
55 WOODMONT ROAD,07043,MONTCLAIR,N,C,NA,C,NA
55 WARFIELD STREET,07043,MONTCLAIR,N,C,NA,C,NA
55 WATCHUNG AVENUE,07043,MONTCLAIR,N,C,NA,C,NA
55.5 FOREST STREET,07042,MONTCLAIR,N,C,NA,C,NA
550 HIGHLAND AVENUE,07043,MONTCLAIR,N,C,NA,C,NA
550 PARK STREET,07043,MONTCLAIR,N,C,NA,C,NA
550 UPPER MOUNTAIN AVENUE,07042,MONTCLAIR,N,C,NA,C,NA
550 VALLEY ROAD,07043,MONTCLAIR,N,C,NA,C,NA
551 BLOOMFIELD AVENUE,07042,MONTCLAIR,N,C,NA,C,NA
551 HIGHLAND AVENUE,07043,MONTCLAIR,N,C,NA,C,NA
551 PARK STREET,07043,MONTCLAIR,N,C,NA,C,NA
551 UPPER MOUNTAIN AVENUE,07042,MONTCLAIR,N,C,NA,C,NA
551 VALLEY ROAD - APT 3,07043,MONTCLAIR,N,C,NA,C,NA
551 VALLEY ROAD A,07043,MONTCLAIR,N,C,NA,C,NA
551 VALLEY ROAD APT 2,07043,MONTCLAIR,N,C,NA,C,NA
551 VALLEY ROAD APT 4,07043,MONTCLAIR,N,C,NA,C,NA
551 VALLEY ROAD APT 5,07043,MONTCLAIR,N,C,NA,C,NA
551 VALLEY ROAD STORE A,07043,MONTCLAIR,N,C,NA,C,NA
551 VALLEY ROAD STORE B,07043,MONTCLAIR,N,C,NA,C,NA
551 VALLEY ROAD STORE C,07043,MONTCLAIR,N,C,NA,C,NA
551 VALLEY ROAD-APT 1,07043,MONTCLAIR,N,C,NA,C,NA
552 HIGHLAND AVENUE,07043,MONTCLAIR,N,C,NA,C,NA
552 UPPER MOUNTAIN AVENUE,07042,MONTCLAIR,N,C,NA,C,NA
552 VALLEY ROAD,07043,MONTCLAIR,N,C,NA,C,NA
553 BLOOMFIELD AVENUE,07042,MONTCLAIR,N,C,NA,C,NA
553 GROVE STREET,07043,MONTCLAIR,N,C,NA,C,NA
553 PARK STREET,07043,MONTCLAIR,N,C,NA,C,NA
553 UPPER MOUNTAIN AVENUE,07042,MONTCLAIR,N,C,NA,C,NA
554 BLOOMFIELD AVENUE,07042,MONTCLAIR,N,C,NA,C,NA
554 UPPER MOUNTAIN AVENUE,07042,MONTCLAIR,N,C,NA,C,NA
554 VALLEY ROAD,07043,MONTCLAIR,N,C,NA,C,NA
555 BLOOMFIELD AVENUE,07042,MONTCLAIR,N,C,NA,C,NA
555 PARK STREET,07043,MONTCLAIR,N,C,NA,C,NA
555 UPPER MOUNTAIN AVENUE,07042,MONTCLAIR,N,C,NA,C,NA
556 BLOOMFIELD AVENUE,07042,MONTCLAIR,N,C,NA,C,NA
556 GROVE STREET,07043,MONTCLAIR,N,C,NA,C,NA
557 UPPER MOUNTAIN AVENUE,07042,MONTCLAIR,N,C,NA,C,NA
558 BLOOMFIELD AVENUE,07042,MONTCLAIR,N,C,NA,C,NA
558 HIGHLAND AVENUE,07043,MONTCLAIR,N,C,NA,C,NA
558 PARK STREET,07043,MONTCLAIR,N,C,NA,C,NA
558 VALLEY ROAD,07043,MONTCLAIR,N,C,NA,C,NA
559 BLOOMFIELD AVENUE,07042,MONTCLAIR,N,C,NA,C,NA
559 PARK STREET,07043,MONTCLAIR,N,C,NA,C,NA
559 UPPER MOUNTAIN AVENUE,07042,MONTCLAIR,N,C,NA,C,NA
56 ALEXANDER AVENUE,07043,MONTCLAIR,N,C,NA,C,NA
56 AUBREY ROAD,07043,MONTCLAIR,N,C,NA,C,NA
56 BEVERLY ROAD,07043,MONTCLAIR,Y,C,NA,G,NA
56 CHRISTOPHER STREET,07043,MONTCLAIR,N,C,NA,C,NA
56 CHURCH STREET,07042,MONTCLAIR,N,C,NA,O,IRON
56 CHURCH STREET,07042,MONTCLAIR,N,C,NA,C,NA
56 CAMBRIDGE ROAD,07042,MONTCLAIR,Y,C,NA,G,NA
56 CENTRAL AVENUE,07042,MONTCLAIR,N,C,NA,C,NA
56 DRYDEN ROAD,07043,MONTCLAIR,N,C,NA,C,NA
56 ELM STREET,07042,MONTCLAIR,N,C,NA,C,NA
56 ELMWOOD AVENUE,07042,MONTCLAIR,N,C,NA,C,NA
56 ELMWOOD AVENUE,07042,MONTCLAIR,Y,C,NA,UX,NA
56 FOREST STREET,07042,MONTCLAIR,N,C,NA,C,NA
56 GATES AVENUE - #5,07042,MONTCLAIR,N,C,NA,C,NA
56 GATES AVENUE APT1,07042,MONTCLAIR,N,C,NA,C,NA
56 GATES AVENUE APT3,07042,MONTCLAIR,N,C,NA,C,NA
56 GATES AVENUE APT6,07042,MONTCLAIR,N,C,NA,C,NA
56 GATES AVENUE-BUILD METER,07042,MONTCLAIR,N,C,NA,C,NA
56 GATES AVENUEAPT2,07042,MONTCLAIR,N,C,NA,C,NA
56 GATES AVENUEAPT4,07042,MONTCLAIR,N,C,NA,C,NA
56 GRANDVIEW PLACE,07043,MONTCLAIR,N,C,NA,C,NA
56 GRAY STREET,07042,MONTCLAIR,N,C,NA,C,NA
56 GORDONHURST AVENUE,07043,MONTCLAIR,N,C,NA,C,NA
56 HAWTHORNE PLACE,07042,MONTCLAIR,N,C,NA,C,NA
56 HARRISON AVENUE,07042,MONTCLAIR,N,C,NA,C,NA
56 HIGHLAND AVENUE,07043,MONTCLAIR,N,C,NA,C,NA
56 LLEWELLYN ROAD,07042,MONTCLAIR,N,C,NA,C,NA
56 MADISON AVENUE,07042,MONTCLAIR,N,C,NA,C,NA
56 MAPLE AVENUE,07042,MONTCLAIR,N,C,NA,C,NA
56 MONTAGUE PLACE 1ST,07042,MONTCLAIR,N,C,NA,C,NA
56 MONTAGUE PLACE-2ND,07042,MONTCLAIR,N,C,NA,C,NA
56 NISHUANE ROAD,07042,MONTCLAIR,N,C,NA,C,NA
56 OAKWOOD AVENUE,07043,MONTCLAIR,N,C,NA,C,NA
56 OVERLOOK ROAD,07043,MONTCLAIR,N,C,NA,C,NA
56 PARK STREET,07043,MONTCLAIR,N,C,NA,C,NA
56 PLEASANT WAY,07042,MONTCLAIR,N,C,NA,C,NA
56 SHERMAN STREET,07042,MONTCLAIR,N,C,NA,C,NA
56 WALNUT CRESCENT 1ST,07042,MONTCLAIR,N,C,NA,C,NA
56 WALNUT CRESCENT-2ND,07042,MONTCLAIR,N,C,NA,C,NA
56 WALNUT STREET,07042,MONTCLAIR,N,C,NA,C,NA
56 WARREN PLACE,07042,MONTCLAIR,N,C,NA,C,NA
56 WATCHUNG AVENUE,07043,MONTCLAIR,N,C,NA,C,NA
56 WAYSIDE PLACE,07042,MONTCLAIR,N,C,NA,C,NA
56 WILDWOOD AVENUE,07043,MONTCLAIR,N,C,NA,C,NA
56 WOODMONT ROAD,07043,MONTCLAIR,N,C,NA,C,NA
56 WARFIELD STREET,07043,MONTCLAIR,N,C,NA,C,NA
56 WILLOWDALE AVENUE,07042,MONTCLAIR,N,C,NA,C,NA
56 YANTACAW BROOK ROAD,07043,MONTCLAIR,N,C,NA,C,NA
560 UPPER MOUNTAIN AVENUE,07042,MONTCLAIR,N,C,NA,C,NA
561 HIGHLAND AVENUE,07043,MONTCLAIR,N,C,NA,C,NA
561 PARK STREET,07043,MONTCLAIR,N,C,NA,C,NA
561 UPPER MOUNTAIN AVENUE,07042,MONTCLAIR,N,C,NA,C,NA
562 HIGHLAND AVENUE,07043,MONTCLAIR,N,C,NA,C,NA
562 UPPER MOUNTAIN AVENUE,07042,MONTCLAIR,N,C,NA,C,NA
562-70 VALLEY ROAD,07043,MONTCLAIR,N,C,NA,C,NA
563 PARK STREET,07043,MONTCLAIR,N,C,NA,C,NA
563 UPPER MOUNTAIN AVENUE,07042,MONTCLAIR,N,C,NA,C,NA
564 UPPER MOUNTAIN AVENUE,07042,MONTCLAIR,N,C,NA,C,NA
564 UPPER MOUNTAIN AVENUE,07042,MONTCLAIR,N,C,NA,C,NA
565 GROVE STREET,07043,MONTCLAIR,N,C,NA,C,NA
565 HIGHLAND AVENUE,07043,MONTCLAIR,N,C,NA,C,NA
565 PARK STREET,07043,MONTCLAIR,N,C,NA,C,NA
565 UPPER MOUNTAIN AVENUE,07042,MONTCLAIR,Y,C,NA,O,BRASS
565.571 VALLEY,07043,MONTCLAIR,N,C,NA,C,NA
566 HIGHLAND AVENUE,07043,MONTCLAIR,N,C,NA,C,NA
566 UPPER MOUNTAIN AVENUE,07042,MONTCLAIR,N,C,NA,C,NA
567 GROVE STREET,07043,MONTCLAIR,Y,C,NA,UX,NA
567 HIGHLAND AVENUE,07043,MONTCLAIR,N,C,NA,C,NA
567 UPPER MOUNTAIN AVENUE,07042,MONTCLAIR,Y,C,NA,UX,NA
567 VALLEY ROAD,07043,MONTCLAIR,N,C,NA,C,NA
568 BLOOMFIELD AVENUE,07042,MONTCLAIR,N,C,NA,C,NA
568 HIGHLAND AVENUE,07043,MONTCLAIR,N,C,NA,C,NA
568 PARK STREET,07043,MONTCLAIR,N,C,NA,C,NA
569 GROVE STREET,07043,MONTCLAIR,N,C,NA,C,NA
569 HIGHLAND AVENUE,07043,MONTCLAIR,N,C,NA,C,NA
569 PARK STREET,07043,MONTCLAIR,N,C,NA,C,NA
569 UPPER MOUNTAIN AVENUE,07042,MONTCLAIR,N,C,NA,C,NA
569.5 GROVE STREET #1,07043,MONTCLAIR,N,C,NA,C,NA
569.5 GROVE STREET 2ND,07043,MONTCLAIR,N,C,NA,C,NA
57 ALEXANDER AVENUE,07043,MONTCLAIR,N,C,NA,C,NA
57 ARDSLEY ROAD,07042,MONTCLAIR,N,C,NA,C,NA
57 BEVERLY ROAD,07043,MONTCLAIR,N,C,NA,C,NA
57 CHRISTOPHER STREET,07043,MONTCLAIR,N,C,NA,C,NA
57 CAMBRIDGE ROAD,07042,MONTCLAIR,Y,C,NA,O,BRASS
57 CEDAR AVENUE 1ST,07042,MONTCLAIR,N,C,NA,C,NA
57 CEDAR AVENUE 2ND,07042,MONTCLAIR,N,C,NA,C,NA
57 DIVISION STREET,07043,MONTCLAIR,N,C,NA,C,NA
57 ELM STREET,07042,MONTCLAIR,N,C,NA,C,NA
57 ELMWOOD AVENUE,07042,MONTCLAIR,N,C,NA,C,NA
57 ESSEX AVENUE,07042,MONTCLAIR,N,C,NA,C,NA
57 FAIRVIEW PLACE,07043,MONTCLAIR,N,C,NA,C,NA
57 FOREST STREET UNIT A,07042,MONTCLAIR,N,C,NA,C,NA
57 FOREST STREET UNIT B,07042,MONTCLAIR,N,C,NA,C,NA
57 FRANKLIN PLACE,07042,MONTCLAIR,Y,C,NA,O,BRASS
57 GLENRIDGE AVENUE,07042,MONTCLAIR,N,C,NA,C,NA
57 GORDONHURST AVENUE,07043,MONTCLAIR,Y,C,NA,G,NA
57 GRANDVIEW PLACE,07043,MONTCLAIR,N,C,NA,C,NA
57 GREENWOOD AVENUE,07042,MONTCLAIR,N,C,NA,C,NA
57 HARRISON AVENUE,07042,MONTCLAIR,N,C,NA,C,NA
57 LLEWELLYN ROAD,07042,MONTCLAIR,N,C,NA,C,NA
57 LLOYD ROAD,07042,MONTCLAIR,N,C,NA,C,NA
57 MADISON AVENUE,07042,MONTCLAIR,N,C,NA,C,NA
57 MELROSE PLACE,07042,MONTCLAIR,N,C,NA,C,NA
57 MISSION STREET,07042,MONTCLAIR,N,C,NA,C,NA
57 MONTCLAIR AVENUE,07043,MONTCLAIR,N,C,NA,C,NA
57 MONTAGUE PLACE,07042,MONTCLAIR,N,C,NA,C,NA
57 MONTCLAIR AVENUE,07043,MONTCLAIR,N,C,NA,C,NA
57 NISHUANE ROAD,07042,MONTCLAIR,N,C,NA,C,NA
57 NORMAL AVENUE,07043,MONTCLAIR,N,C,NA,C,NA
57 OVERLOOK ROAD,07043,MONTCLAIR,N,C,NA,C,NA
57 PARK STREET,07043,MONTCLAIR,N,C,NA,C,NA
57 PLYMOUTH STREET,07042,MONTCLAIR,N,C,NA,C,NA
57 PORTLAND PLACE 2ND,07042,MONTCLAIR,N,C,NA,C,NA
57 PORTLAND PLACE-1ST,07042,MONTCLAIR,N,C,NA,C,NA
57 S FULLERTON AVENUE,07042,MONTCLAIR,N,C,NA,C,NA
57 S MOUNTAIN AVENUE,07042,MONTCLAIR,Y,C,NA,G,NA
57 TUXEDO ROAD,07042,MONTCLAIR,N,C,NA,C,NA
57 UNDERCLIFF ROAD,07042,MONTCLAIR,N,C,NA,C,NA
57 UNION STREET,07042,MONTCLAIR,N,C,NA,C,NA
57 VIRGINIA AVENUE,07042,MONTCLAIR,N,C,NA,C,NA
57 WATCHUNG AVENUE,07043,MONTCLAIR,N,C,NA,C,NA
57 WILDWOOD AVENUE,07043,MONTCLAIR,N,C,NA,C,NA
57 WILLOWDALE AVENUE,07042,MONTCLAIR,N,C,NA,C,NA
57 WALNUT STREET,07042,MONTCLAIR,N,C,NA,C,NA
570 BLOOMFIELD AVENUE,07042,MONTCLAIR,N,C,NA,O,Iron
570 HIGHLAND AVENUE,07043,MONTCLAIR,N,C,NA,C,NA
570 PARK STREET,07043,MONTCLAIR,N,C,NA,C,NA
570 UPPER MOUNTAIN AVENUE - UNIT A,07042,MONTCLAIR,N,C,NA,C,NA
570 UPPER MOUNTAIN AVENUE - UNIT B,07042,MONTCLAIR,N,C,NA,C,NA
571 BLOOMFIELD AVENUE,07042,MONTCLAIR,N,C,NA,C,NA
571 GROVE STREET,07043,MONTCLAIR,Y,C,NA,G,NA
571 PARK STREET,07043,MONTCLAIR,N,C,NA,C,NA
571 UPPER MOUNTAIN AVENUE,07042,MONTCLAIR,N,C,NA,C,NA
572 UPPER MOUNTAIN AVENUE,07042,MONTCLAIR,Y,C,NA,O,Brass
572 VALLEY ROAD #2,07043,MONTCLAIR,N,C,NA,C,NA
572 VALLEY ROAD #3,07043,MONTCLAIR,N,C,NA,C,NA
572 VALLEY ROAD,07043,MONTCLAIR,Y,C,NA,L,NA
573 GROVE STREET 1ST,07043,MONTCLAIR,N,C,NA,C,NA
573 GROVE STREET 2ND,07043,MONTCLAIR,N,C,NA,C,NA
573 PARK STREET,07043,MONTCLAIR,N,C,NA,C,NA
573 UPPER MOUNTAIN AVENUE,07042,MONTCLAIR,N,C,NA,C,NA
573.5 BLOOMFIELD AVENUE,07042,MONTCLAIR,N,C,NA,C,NA
574 GROVE STREET,07043,MONTCLAIR,N,C,NA,C,NA
574 HIGHLAND AVENUE,07043,MONTCLAIR,N,C,NA,C,NA
574 UPPER MOUNTAIN AVENUE,07042,MONTCLAIR,Y,C,NA,O,Yellow Brass
574 VALLEY ROAD,07043,MONTCLAIR,N,C,NA,C,NA
575 BLOOMFIELD AVENUE,07042,MONTCLAIR,N,C,NA,C,NA
575 HIGHLAND AVENUE,07043,MONTCLAIR,N,C,NA,C,NA
575 VALLEY ROAD,07043,MONTCLAIR,N,C,NA,C,NA
576 HIGHLAND AVENUE,07043,MONTCLAIR,N,C,NA,C,NA
576 UPPER MOUNTAIN AVENUE,07042,MONTCLAIR,N,C,NA,C,NA
577 HIGHLAND AVENUE,07043,MONTCLAIR,N,C,NA,C,NA
577 PARK STREET,07043,MONTCLAIR,N,C,NA,C,NA
577 UPPER MOUNTAIN AVENUE,07042,MONTCLAIR,N,C,NA,C,NA
578 BLOOMFIELD AVENUE,07042,MONTCLAIR,Y,C,NA,UX,NA
578 PARK STREET,07043,MONTCLAIR,N,C,NA,C,NA
578 RIDGEWOOD AVENUE,07043,MONTCLAIR,Y,C,NA,L,NA
579 HIGHLAND AVENUE,07043,MONTCLAIR,N,C,NA,C,NA
579 UPPER MOUNTAIN AVENUE,07042,MONTCLAIR,N,C,NA,C,NA
58 CENTRAL AVENUE,07042,MONTCLAIR,N,C,NA,C,NA
58 CAMBRIDGE ROAD,07042,MONTCLAIR,Y,C,NA,G,NA
58 CHESTNUT STREET,07042,MONTCLAIR,N,C,NA,C,NA
58 CHRISTOPHER STREET,07043,MONTCLAIR,N,C,NA,C,NA
58 DRYDEN ROAD,07043,MONTCLAIR,N,C,NA,C,NA
58 EDGEMONT ROAD,07042,MONTCLAIR,N,C,NA,C,NA
58 ELM STREET,07042,MONTCLAIR,N,C,NA,C,NA
58 ELSTON ROAD,07043,MONTCLAIR,N,C,NA,C,NA
58 FOREST STREET,07042,MONTCLAIR,N,C,NA,C,NA
58 FRANKLIN PLACE,07042,MONTCLAIR,N,C,NA,C,NA
58 GRANDVIEW PLACE,07043,MONTCLAIR,N,C,NA,C,NA
58 GORDONHURST AVENUE,07043,MONTCLAIR,N,C,NA,C,NA
58 JAMES STREET - SPRINKLER/PIT,07042,MONTCLAIR,N,C,NA,C,NA
58 JAMES STREET - UNIT 1,07042,MONTCLAIR,N,C,NA,C,NA
58 JAMES STREET - UNIT 2,07042,MONTCLAIR,N,C,NA,C,NA
58 JAMES STREET - UNIT 3,07042,MONTCLAIR,N,C,NA,C,NA
58 JAMES STREET - UNIT 4,07042,MONTCLAIR,N,C,NA,C,NA
58 JAMES STREET - UNIT 5,07042,MONTCLAIR,N,C,NA,C,NA
58 MADISON AVENUE,07042,MONTCLAIR,N,C,NA,C,NA
58 MAPLE AVENUE 1ST,07042,MONTCLAIR,N,C,NA,C,NA
58 MAPLE AVENUE 2ND,07042,MONTCLAIR,N,C,NA,C,NA
58 MELROSE PLACE,07042,MONTCLAIR,N,C,NA,C,NA
58 MONTAGUE PLACE,07042,MONTCLAIR,N,C,NA,C,NA
58 MISSION STREET 1ST,07042,MONTCLAIR,Y,C,NA,L,NA
58 MISSION STREET 2ND,07042,MONTCLAIR,Y,C,NA,L,NA
58 MISSION STREET 3RD,07042,MONTCLAIR,Y,C,NA,L,NA
58 MONTCLAIR AVENUE,07043,MONTCLAIR,N,C,NA,C,NA
58 NORMAL AVENUE,07043,MONTCLAIR,N,C,NA,C,NA
58 NEW STREET,07042,MONTCLAIR,Y,G,NA,C,NA
58 NISHUANE ROAD,07042,MONTCLAIR,N,C,NA,C,NA
58 OAKWOOD AVENUE,07043,MONTCLAIR,N,C,NA,C,NA
58 OVERLOOK ROAD,07043,MONTCLAIR,N,C,NA,C,NA
58 PLEASANT AVENUE,07042,MONTCLAIR,N,C,NA,C,NA
58 PLYMOUTH STREET,07042,MONTCLAIR,N,C,NA,C,NA
58 STONEBRIDGE ROAD,07042,MONTCLAIR,N,C,NA,C,NA
58 TUXEDO ROAD,07042,MONTCLAIR,N,C,NA,C,NA
58 UNION STREET,07042,MONTCLAIR,N,C,NA,C,NA
58 WARFIELD STREET,07043,MONTCLAIR,N,C,NA,C,NA
58 WILDWOOD AVENUE,07043,MONTCLAIR,N,C,NA,C,NA
58 WILLOWDALE AVENUE,07042,MONTCLAIR,N,C,NA,C,NA
58 WALNUT CRESCENT 1ST,07042,MONTCLAIR,N,C,NA,UX,NA
58 WALNUT CRESCENT 2ND,07042,MONTCLAIR,Y,C,NA,UX,NA
580 BLOOMFIELD AVENUE,07042,MONTCLAIR,N,C,NA,C,NA
580 HIGHLAND AVENUE,07043,MONTCLAIR,N,C,NA,C,NA
580 PARK STREET,07043,MONTCLAIR,N,C,NA,C,NA
580 RIDGEWOOD AVENUE,07043,MONTCLAIR,Y,C,NA,UX,NA
580 UPPER MOUNTAIN AVENUE,07042,MONTCLAIR,N,C,NA,C,NA
580 VALLEY ROAD,07043,MONTCLAIR,N,C,NA,C,NA
581 HIGHLAND AVENUE,07043,MONTCLAIR,N,C,NA,C,NA
581 VALLEY ROAD,07043,MONTCLAIR,N,C,NA,C,NA
581 VALLEY ROAD,07043,MONTCLAIR,Y,C,NA,UX,NA
582 HIGHLAND AVENUE,07043,MONTCLAIR,N,C,NA,C,NA
582 PARK STREET,07043,MONTCLAIR,N,C,NA,C,NA
583 HIGHLAND AVENUE,07043,MONTCLAIR,N,C,NA,C,NA
583 UPPER MOUNTAIN AVENUE,07042,MONTCLAIR,N,C,NA,C,NA
584 HIGHLAND AVENUE,07043,MONTCLAIR,N,C,NA,C,NA
584 PARK STREET,07043,MONTCLAIR,N,C,NA,C,NA
584 RIDGEWOOD AVENUE,07043,MONTCLAIR,N,C,NA,C,NA
585 UPPER MOUNTAIN AVENUE,07042,MONTCLAIR,Y,C,NA,O,Brass
586 BLOOMFIELD AVENUE,07042,MONTCLAIR,N,C,NA,C,NA
586 GROVE STREET,07043,MONTCLAIR,N,C,NA,C,NA
586 HIGHLAND AVENUE,07043,MONTCLAIR,N,C,NA,C,NA
586 PARK STREET,07043,MONTCLAIR,N,C,NA,C,NA
586 UPPER MOUNTAIN AVENUE,07042,MONTCLAIR,N,C,NA,C,NA
587 HIGHLAND AVENUE,07043,MONTCLAIR,N,C,NA,C,NA
587 UPPER MOUNTAIN AVENUE,07042,MONTCLAIR,N,C,NA,C,NA
588 GROVE STREET,07043,MONTCLAIR,N,C,NA,C,NA
588 UPPER MOUNTAIN AVENUE,07042,MONTCLAIR,N,C,NA,C,NA
589 HIGHLAND AVENUE,07043,MONTCLAIR,N,C,NA,C,NA
59 1/2 FOREST STREET,07042,MONTCLAIR,N,C,NA,C,NA
59 BEVERLY ROAD,07043,MONTCLAIR,Y,C,NA,L,NA
59 BROOKFIELD ROAD,07043,MONTCLAIR,N,C,NA,C,NA
59 CHESTNUT STREET,07042,MONTCLAIR,N,C,NA,C,NA
59 CHRISTOPHER STREET,07043,MONTCLAIR,N,C,NA,C,NA
59 CLUB ROAD,07043,MONTCLAIR,N,C,NA,C,NA
59 CAMBRIDGE ROAD,07042,MONTCLAIR,N,C,NA,C,NA
59 CEDAR AVENUE,07042,MONTCLAIR,N,C,NA,C,NA
59 ELM STREET,07042,MONTCLAIR,N,C,NA,C,NA
59 ESSEX AVENUE,07042,MONTCLAIR,N,C,NA,C,NA
59 ELSTON ROAD,07043,MONTCLAIR,Y,C,NA,O,Brass
59 FOREST STREET,07042,MONTCLAIR,N,C,NA,C,NA
59 FRANKLIN PLACE,07042,MONTCLAIR,N,C,NA,C,NA
59 GORDONHURST AVENUE,07043,MONTCLAIR,N,C,NA,C,NA
59 GREENWOOD AVENUE,07042,MONTCLAIR,N,C,NA,C,NA
59 GRANDVIEW PLACE,07043,MONTCLAIR,N,C,NA,C,NA
59 HELLER WAY,07043,MONTCLAIR,N,C,NA,C,NA
59 MADISON AVENUE,07042,MONTCLAIR,N,C,NA,C,NA
59 MISSION STREET,07042,MONTCLAIR,N,C,NA,C,NA
59 MONTCLAIR AVENUE,07043,MONTCLAIR,N,C,NA,C,NA
59 N MOUNTAIN AVENUE,07042,MONTCLAIR,N,C,NA,C,NA
59 N WILLOW STREET-1ST,07042,MONTCLAIR,N,C,NA,C,NA
59 N WILLOW STREET-2ND,07042,MONTCLAIR,N,C,NA,C,NA
59 NEW STREET,07042,MONTCLAIR,N,C,NA,C,NA
59 NORMAL AVENUE,07043,MONTCLAIR,N,C,NA,C,NA
59 OAKWOOD AVENUE,07043,MONTCLAIR,N,C,NA,C,NA
59 OVERLOOK ROAD,07043,MONTCLAIR,N,C,NA,C,NA
59 PLEASANT AVENUE,07042,MONTCLAIR,N,C,NA,C,NA
59 PORTLAND PLACE,07042,MONTCLAIR,N,C,NA,C,NA
59 PROSPECT AVENUE,07042,MONTCLAIR,N,C,NA,C,NA
59 PLYMOUTH STREET,07042,MONTCLAIR,N,C,NA,C,NA
59 TUXEDO ROAD,07042,MONTCLAIR,N,C,NA,C,NA
59 UPPER MOUNTAIN AVENUE,07042,MONTCLAIR,N,C,NA,C,NA
59 VIRGINIA AVENUE,07042,MONTCLAIR,N,C,NA,C,NA
59 WATCHUNG AVENUE 1ST,07043,MONTCLAIR,N,C,NA,C,NA
59 WATCHUNG AVENUE 2ND,07043,MONTCLAIR,N,C,NA,C,NA
59 WOODMONT ROAD,07043,MONTCLAIR,N,C,NA,C,NA
59 WALNUT CRESCENT,07042,MONTCLAIR,N,C,NA,C,NA
59 WALNUT STREET,07042,MONTCLAIR,N,C,NA,C,NA
59 WARREN PLACE,07042,MONTCLAIR,Y,C,NA,L,NA
590 HIGHLAND AVENUE,07043,MONTCLAIR,N,C,NA,C,NA
590 RIDGEWOOD AVENUE,07043,MONTCLAIR,N,C,NA,C,NA
590 UPPER MOUNTAIN AVENUE,07042,MONTCLAIR,N,C,NA,C,NA
590 VALLEY ROAD,07043,MONTCLAIR,Y,C,NA,UX,NA
592 RIDGEWOOD AVENUE,07043,MONTCLAIR,N,C,NA,C,NA
592 UPPER MOUNTAIN AVENUE,07042,MONTCLAIR,N,C,NA,C,NA
593 UPPER MOUNTAIN AVENUE,07042,MONTCLAIR,N,C,NA,C,NA
594 HIGHLAND AVENUE,07043,MONTCLAIR,N,C,NA,C,NA
594 RIDGEWOOD AVENUE,07043,MONTCLAIR,N,C,NA,C,NA
594 UPPER MOUNTAIN AVENUE,07042,MONTCLAIR,N,C,NA,C,NA
594 VALLEY ROAD,07043,MONTCLAIR,N,C,NA,C,NA
594-4 VALLEY ROAD,07043,MONTCLAIR,N,C,NA,C,NA
596 BLOOMFIELD AVENUE,07042,MONTCLAIR,N,C,NA,C,NA
596 UPPER MOUNTAIN AVENUE,07042,MONTCLAIR,N,C,NA,C,NA
597 UPPER MOUNTAIN AVENUE,07042,MONTCLAIR,N,C,NA,C,NA
597 VALLEY ROAD,07043,MONTCLAIR,Y,L,NA,C,NA
598 VALLEY ROAD,07043,MONTCLAIR,N,C,NA,C,NA
599 BLOOMFIELD AVENUE,07042,MONTCLAIR,N,C,NA,C,NA
599 UPPER MOUNTAIN AVENUE,07042,MONTCLAIR,N,C,NA,C,NA
6 AMELIA STREET,07042,MONTCLAIR,N,C,NA,C,NA
6 AMHERST PLACE,07043,MONTCLAIR,N,C,NA,C,NA
6 APPLETON PLACE,07043,MONTCLAIR,N,C,NA,C,NA
6 ARGYLE ROAD,07043,MONTCLAIR,N,C,NA,C,NA
6 BALDWIN STREET,07042,MONTCLAIR,N,C,NA,C,NA
6 BELLAIRE DRIVE,07042,MONTCLAIR,N,C,NA,C,NA
6 BELLEGROVE DRIVE,07043,MONTCLAIR,N,C,NA,C,NA
6 BELVIDERE PLACE,07042,MONTCLAIR,N,C,NA,C,NA
6 BERKELEY PLACE,07042,MONTCLAIR,N,C,NA,C,NA
6 BROOKLAWN ROAD,07042,MONTCLAIR,N,C,NA,C,NA
6 BRIAR HILL ROAD,07042,MONTCLAIR,N,C,NA,C,NA
6 BRUCE ROAD,07043,MONTCLAIR,N,C,NA,C,NA
6 CAREY COURT,07042,MONTCLAIR,N,C,NA,C,NA
6 CARLTON DRIVE,07043,MONTCLAIR,N,C,NA,C,NA
6 CARRIAGE WAY,07042,MONTCLAIR,N,C,NA,C,NA
6 CARTERET STREET,07043,MONTCLAIR,N,C,NA,C,NA
6 CEDAR AVENUE,07042,MONTCLAIR,N,C,NA,C,NA
6 CHRISTOPHER COURT,07042,MONTCLAIR,N,C,NA,C,NA
6 CLAREMONT PLACE,07042,MONTCLAIR,N,C,NA,C,NA
6 CLUB STREET - A,07042,MONTCLAIR,N,C,NA,C,NA
6 CLUB STREET - B,07042,MONTCLAIR,N,C,NA,C,NA
6 COLLEGE AVENUE,07043,MONTCLAIR,N,C,NA,C,NA
6 COLUMBUS AVENUE,07042,MONTCLAIR,N,C,NA,C,NA
6 CURTIS TERRACE,07042,MONTCLAIR,N,C,NA,C,NA
6 CAPRON LANE,07043,MONTCLAIR,N,C,NA,C,NA
6 CHARLES STREET 1ST,07042,MONTCLAIR,Y,C,NA,UX,NA
6 CHARLES STREET 2ND,07042,MONTCLAIR,Y,C,NA,UX,NA
6 CHESTER ROAD,07043,MONTCLAIR,N,C,NA,C,NA
6 CLAIRIDGE COURT,07042,MONTCLAIR,Y,C,NA,L,NA
6 CLOVERHILL PLACE,07042,MONTCLAIR,Y,C,NA,UX,NA
6 CORNELL WAY,07043,MONTCLAIR,N,C,NA,C,NA
6 DEPOT SQUARE,07042,MONTCLAIR,N,C,NA,C,NA
6 DOUGLAS ROAD,07042,MONTCLAIR,N,C,NA,C,NA
6 DEY STREET 1ST,07042,MONTCLAIR,Y,C,NA,UX,NA
6 DEY STREET 2ND,07042,MONTCLAIR,Y,C,NA,UX,NA
6 EDGEMONT ROAD,07042,MONTCLAIR,N,C,NA,C,NA
6 ELIZABETH ROAD,07043,MONTCLAIR,N,C,NA,C,NA
6 ERWIN PARK ROAD,07042,MONTCLAIR,N,C,NA,C,NA
6 ELMWOOD AVENUE,07042,MONTCLAIR,N,C,NA,C,NA
6 ENFIELD AVENUE,07042,MONTCLAIR,N,C,NA,C,NA
6 FAIRFIELD STREET,07042,MONTCLAIR,N,C,NA,C,NA
6 FRANCIS PLACE,07042,MONTCLAIR,N,C,NA,C,NA
6 FRINK STREET,07042,MONTCLAIR,N,C,NA,C,NA
6 FAIRVIEW PLACE,07043,MONTCLAIR,N,C,NA,C,NA
6 FERNWOOD PLACE,07043,MONTCLAIR,N,C,NA,O,Iron
6 GARFIELD PLACE,07043,MONTCLAIR,N,C,NA,C,NA
6 GEORGE STREET,07042,MONTCLAIR,N,C,NA,C,NA
6 GLENRIDGE PKWY,07042,MONTCLAIR,N,C,NA,C,NA
6 GLENSIDE TERRACE,07043,MONTCLAIR,N,C,NA,C,NA
6 GODFREY ROAD,07043,MONTCLAIR,N,C,NA,C,NA
6 GRANT STREET,07042,MONTCLAIR,N,C,NA,C,NA
6 GROVE TERRACE,07042,MONTCLAIR,N,C,NA,C,NA
6 GRAHAM TERRACE,07042,MONTCLAIR,N,C,NA,C,NA
6 GRAY STREET,07042,MONTCLAIR,N,C,NA,C,NA
6 GRENADA PLACE,07042,MONTCLAIR,N,C,NA,C,NA
6 HAMILTON TERRACE,07043,MONTCLAIR,N,C,NA,C,NA
6 HAWTHORNE PLACE 1ST,07042,MONTCLAIR,N,C,NA,C,NA
6 HAWTHORNE PLACE 2ND,07042,MONTCLAIR,N,C,NA,C,NA
6 HIGHLAND AVENUE,07043,MONTCLAIR,N,C,NA,C,NA
6 HIGHMONT TERRACE,07042,MONTCLAIR,N,C,NA,C,NA
6 HILLTOP PLACE,07042,MONTCLAIR,N,C,NA,C,NA
6 HOLLAND TERRACE,07042,MONTCLAIR,N,C,NA,C,NA
6 HOLLYWOOD AVENUE,07042,MONTCLAIR,N,C,NA,C,NA
6 HOMEWOOD WAY,07042,MONTCLAIR,N,C,NA,C,NA
6 HARVARD STREET,07042,MONTCLAIR,N,C,NA,C,NA
6 HIGH TERRACE,07042,MONTCLAIR,Y,C,NA,UX,NA
6 INWOOD TERRACE,07043,MONTCLAIR,N,C,NA,C,NA
6 JAMES STREET,07042,MONTCLAIR,N,C,NA,C,NA
6 JEFFERSON PLACE,07042,MONTCLAIR,N,C,NA,C,NA
6 JEROME PLACE,07043,MONTCLAIR,N,C,NA,C,NA
6 KENNETH ROAD,07043,MONTCLAIR,N,C,NA,C,NA
6 KIPS RIDGE,07044,MONTCLAIR,N,C,NA,C,NA
6 KIPS RIDGE - SPRINKLER,07044,MONTCLAIR,N,C,NA,C,NA
6 LANSING PLACE,07043,MONTCLAIR,N,C,NA,C,NA
6 LASALLE ROAD,07043,MONTCLAIR,N,C,NA,C,NA
6 LAUREL PLACE,07043,MONTCLAIR,N,C,NA,C,NA
6 LEE PLACE,07043,MONTCLAIR,N,C,NA,C,NA
6 LEWIS COURT,07042,MONTCLAIR,N,C,NA,C,NA
6 LEXINGTON AVENUE,07042,MONTCLAIR,N,C,NA,C,NA
6 MADISON AVENUE,07042,MONTCLAIR,N,C,NA,C,NA
6 MAPLE AVENUE,07042,MONTCLAIR,N,C,NA,C,NA
6 MARION ROAD,07043,MONTCLAIR,N,C,NA,C,NA
6 MELROSE PLACE,07042,MONTCLAIR,N,C,NA,C,NA
6 MENDL TERRACE,07042,MONTCLAIR,N,C,NA,C,NA
6 MISSION STREET,07042,MONTCLAIR,N,C,NA,C,NA
6 MOUNT VERNON ROAD,07043,MONTCLAIR,N,C,NA,C,NA
6 MOUNTAIN TERRACE,07043,MONTCLAIR,N,C,NA,C,NA
6 MACOPIN AVENUE,07043,MONTCLAIR,Y,C,NA,UX,NA
6 MORNINGSIDE AVENUE,07043,MONTCLAIR,N,C,NA,C,NA
6 MOUNTAIN PLACE,07043,MONTCLAIR,N,C,NA,C,NA
6 N BROOKWOOD DRIVE,07042,MONTCLAIR,N,C,NA,C,NA
6 NASSAU ROAD,07043,MONTCLAIR,N,C,NA,C,NA
6 NOTTING HILL WAY,07042,MONTCLAIR,N,C,NA,C,NA
6 NISHUANE ROAD,07042,MONTCLAIR,Y,C,NA,L,NA
6 NORMAN ROAD,07043,MONTCLAIR,N,C,NA,C,NA
6 ORCHARD COURT,07042,MONTCLAIR,N,C,NA,C,NA
6 PARK STREET,07043,MONTCLAIR,N,C,NA,C,NA
6 PARK STREET - HOUSE METER,07043,MONTCLAIR,N,C,NA,C,NA
6 PRINCETON PLACE,07043,MONTCLAIR,N,C,NA,C,NA
6 PROSPECT TERRACE,07042,MONTCLAIR,N,C,NA,C,NA
6 PARK TERRACE,07043,MONTCLAIR,Y,C,NA,UX,NA
6 PIERSON PLACE,07042,MONTCLAIR,Y,C,NA,G,NA
6 RUTGERS PLACE,07043,MONTCLAIR,N,C,NA,C,NA
6 RIVERVIEW DRIVE W,07043,MONTCLAIR,N,C,NA,C,NA
6 RYDAL PLACE,07042,MONTCLAIR,N,C,NA,C,NA
6 S BROOKWOOD DRIVE,07042,MONTCLAIR,N,C,NA,C,NA
6 SENECA PLACE,07043,MONTCLAIR,N,C,NA,C,NA
6 SKYTOP TERRACE,07043,MONTCLAIR,N,C,NA,C,NA
6 STEPHEN COURT,07043,MONTCLAIR,N,C,NA,C,NA
6 SUTHERLAND ROAD,07042,MONTCLAIR,N,C,NA,C,NA
6 STONEHENGE ROAD,07043,MONTCLAIR,N,C,NA,C,NA
6 TALBOT STREET,07042,MONTCLAIR,N,C,NA,C,NA
6 THE FAIRWAY,07043,MONTCLAIR,N,C,NA,C,NA
6 TICHENOR PLACE,07042,MONTCLAIR,N,C,NA,C,NA
6 TUERS PLACE,07043,MONTCLAIR,N,C,NA,C,NA
6 UNION STREET,07042,MONTCLAIR,N,C,NA,C,NA
6 UPPER MOUNTAIN AVENUE,07042,MONTCLAIR,N,C,NA,C,NA
6 VALLEY PLACE,07043,MONTCLAIR,N,C,NA,C,NA
6 VINCENT PLACE,07042,MONTCLAIR,N,C,NA,C,NA
6 WARREN PLACE,07042,MONTCLAIR,N,C,NA,C,NA
6 WASHINGTON STREET,07042,MONTCLAIR,N,C,NA,C,NA
6 WATERBURY ROAD,07043,MONTCLAIR,N,C,NA,C,NA
6 WELLESLEY ROAD,07043,MONTCLAIR,N,C,NA,C,NA
6 WILFRED STREET,07042,MONTCLAIR,N,C,NA,C,NA
6 WILLIAM STREET,07042,MONTCLAIR,N,C,NA,C,NA
6 WILLOWDALE AVENUE,07042,MONTCLAIR,N,C,NA,C,NA
6 WILLOWDALE COURT,07042,MONTCLAIR,N,C,NA,C,NA
6 WOODMONT ROAD,07043,MONTCLAIR,N,C,NA,C,NA
6 WARMAN STREET,07042,MONTCLAIR,Y,C,NA,UX,NA
6 WENDOVER ROAD,07042,MONTCLAIR,N,C,NA,C,NA
6-20 LLOYD ROAD,07042,MONTCLAIR,N,C,NA,C,NA
6-8 GATES AVENUE,07042,MONTCLAIR,N,C,NA,C,NA
6-8 WALNUT PLACE (APT 1),07042,MONTCLAIR,N,C,NA,C,NA
6-8 WALNUT PLACE 2ND (APT 4),07042,MONTCLAIR,N,C,NA,C,NA
6-8 WALNUT PLACE-#2 (APT 2),07042,MONTCLAIR,N,C,NA,C,NA
6-8 WALNUT PLACE-1ST (APT 3),07042,MONTCLAIR,N,C,NA,C,NA
6-8 WALNUT PLACE-3RD (APT 5),07042,MONTCLAIR,N,C,NA,C,NA
60 ARDSLEY ROAD,07042,MONTCLAIR,Y,C,NA,O,BRASS
60 BELLEVUE AVENUE,07043,MONTCLAIR,N,C,NA,C,NA
60 BEVERLY ROAD,07043,MONTCLAIR,N,C,NA,C,NA
60 CAMBRIDGE ROAD,07042,MONTCLAIR,N,C,NA,C,NA
60 CENTRAL AVENUE,07042,MONTCLAIR,N,C,NA,C,NA
60 CHRISTOPHER STREET,07043,MONTCLAIR,N,C,NA,C,NA
60 CHESTNUT STREET,07042,MONTCLAIR,N,C,NA,C,NA
60 DRYDEN ROAD,07043,MONTCLAIR,N,C,NA,C,NA
60 EAGLE ROCK WAY,07042,MONTCLAIR,N,C,NA,C,NA
60 ELSTON ROAD,07043,MONTCLAIR,N,C,NA,C,NA
60 EDGEMONT ROAD,07042,MONTCLAIR,N,C,NA,C,NA
60 FOREST STREET,07042,MONTCLAIR,N,C,NA,C,NA
60 GATES AVENUE,07042,MONTCLAIR,N,C,NA,C,NA
60 GLENRIDGE AVENUE,07042,MONTCLAIR,N,C,NA,C,NA
60 GLENWOOD ROAD,07043,MONTCLAIR,N,C,NA,C,NA
60 GRANDVIEW PLACE,07043,MONTCLAIR,N,C,NA,C,NA
60 GORDONHURST AVENUE,07043,MONTCLAIR,N,C,NA,C,NA
60 GREENWOOD AVENUE,07042,MONTCLAIR,Y,C,NA,L,NA
60 HARRISON AVENUE,07042,MONTCLAIR,N,C,NA,C,NA
60 HAWTHORNE PLACE,07042,MONTCLAIR,N,C,NA,C,NA
60 HELLER WAY,07043,MONTCLAIR,N,C,NA,C,NA
60 JAMES STREET 1ST,07042,MONTCLAIR,Y,C,NA,UX,NA
60 JAMES STREET 2ND,07042,MONTCLAIR,Y,C,NA,UX,NA
60 LLOYD ROAD,07042,MONTCLAIR,N,C,NA,C,NA
60 MADISON AVENUE,07042,MONTCLAIR,N,C,NA,C,NA
60 MISSION STREET,07042,MONTCLAIR,N,C,NA,C,NA
60 MAPLE AVENUE 1ST,07042,MONTCLAIR,N,C,NA,G,NA
60 MAPLE AVENUE 2ND,07042,MONTCLAIR,Y,C,NA,G,NA
60 MELROSE PLACE,07042,MONTCLAIR,N,C,NA,C,NA
60 MONTAGUE PLACE,07042,MONTCLAIR,N,C,NA,C,NA
60 N MOUNTAIN AVENUE,07042,MONTCLAIR,N,C,NA,C,NA
60 N WILLOW STREET 1ST,07042,MONTCLAIR,Y,C,NA,G,NA
60 N WILLOW STREET 2ND,07042,MONTCLAIR,Y,C,NA,G,NA
60 NISHUANE ROAD,07042,MONTCLAIR,N,C,NA,C,NA
60 NORMAL AVENUE,07043,MONTCLAIR,N,C,NA,C,NA
60 OVERLOOK ROAD,07043,MONTCLAIR,Y,C,NA,UX,NA
60 PLYMOUTH STREET,07042,MONTCLAIR,N,C,NA,C,NA
60 PROSPECT AVENUE,07042,MONTCLAIR,N,C,NA,C,NA
60 PLEASANT AVENUE,07042,MONTCLAIR,N,C,NA,C,NA
60 S FULLERTON AVENUE,07042,MONTCLAIR,N,C,NA,C,NA
60 TUXEDO ROAD,07042,MONTCLAIR,N,C,NA,C,NA
60 UNDERCLIFF ROAD,07042,MONTCLAIR,N,C,NA,C,NA
60 UPPER MOUNTAIN AVENUE,07042,MONTCLAIR,N,C,NA,C,NA
60 WARREN PLACE,07042,MONTCLAIR,N,C,NA,C,NA
60 WATCHUNG AVENUE,07043,MONTCLAIR,N,C,NA,C,NA
60 WOODMONT ROAD,07043,MONTCLAIR,N,C,NA,C,NA
60 WILDWOOD AVENUE,07043,MONTCLAIR,N,C,NA,C,NA
60 YANTACAW BROOK ROAD,07043,MONTCLAIR,N,C,NA,C,NA
60-62 ELMWOOD AVENUE,07042,MONTCLAIR,N,C,NA,C,NA
600 BLOOMFIELD AVENUE,07042,MONTCLAIR,N,C,NA,C,NA
600 UPPER MOUNTAIN AVENUE,07042,MONTCLAIR,N,C,NA,C,NA
600 VALLEY ROAD,07043,MONTCLAIR,N,C,NA,C,NA
601 GROVE STREET,07043,MONTCLAIR,N,C,NA,C,NA
601 UPPER MOUNTAIN AVENUE,07042,MONTCLAIR,N,C,NA,C,NA
601-603 VALLEY ROAD,07043,MONTCLAIR,Y,C,NA,UX,NA
602 BLOOMFIELD AVENUE,07042,MONTCLAIR,N,C,NA,C,NA
602 UPPER MOUNTAIN AVENUE,07042,MONTCLAIR,N,C,NA,C,NA
602-608 VALLEY ROAD,07043,MONTCLAIR,Y,C,NA,G,NA
603 GROVE STREET,07043,MONTCLAIR,N,C,NA,C,NA
603 VALLEY ROAD,07043,MONTCLAIR,N,C,NA,C,NA
604 GROVE STREET,07043,MONTCLAIR,N,C,NA,C,NA
604 UPPER MOUNTAIN AVENUE,07042,MONTCLAIR,N,C,NA,C,NA
604 VALLEY ROAD,07043,MONTCLAIR,N,C,NA,C,NA
604 VALLEY ROAD 2ND,07043,MONTCLAIR,N,C,NA,C,NA
605 BLOOMFIELD AVENUE,07042,MONTCLAIR,N,C,NA,C,NA
605 UPPER MOUNTAIN AVENUE,07042,MONTCLAIR,N,C,NA,C,NA
605 VALLEY ROAD,07043,MONTCLAIR,N,C,NA,C,NA
605 VALLEY ROAD-ACCESS METH,07043,MONTCLAIR,N,C,NA,C,NA
606 GROVE STREET,07043,MONTCLAIR,N,C,NA,C,NA
606 UPPER MOUNTAIN AVENUE,07042,MONTCLAIR,N,C,NA,C,NA
607 UPPER MOUNTAIN AVENUE,07042,MONTCLAIR,N,C,NA,C,NA
608 BLOOMFIELD AVENUE,07042,MONTCLAIR,N,C,NA,C,NA
608 UPPER MOUNTAIN AVENUE,07042,MONTCLAIR,N,C,NA,C,NA
608 VALLEY ROAD,07043,MONTCLAIR,N,C,NA,C,NA
609 BLOOMFIELD AVENUE,07042,MONTCLAIR,N,C,NA,C,NA
609 UPPER MOUNTAIN AVENUE,07042,MONTCLAIR,N,C,NA,C,NA
61 ARDSLEY ROAD,07042,MONTCLAIR,N,C,NA,C,NA
61 ALEXANDER AVENUE,07043,MONTCLAIR,N,C,NA,C,NA
61 BEVERLY ROAD,07043,MONTCLAIR,Y,C,NA,L,NA
61 BROOKFIELD ROAD,07043,MONTCLAIR,N,C,NA,C,NA
61 CEDAR AVENUE,07042,MONTCLAIR,N,C,NA,C,NA
61 CHRISTOPHER STREET,07043,MONTCLAIR,N,C,NA,C,NA
61 CLAREMONT AVENUE,07042,MONTCLAIR,N,C,NA,C,NA
61 CLUB ROAD,07043,MONTCLAIR,N,C,NA,C,NA
61 ELM STREET,07042,MONTCLAIR,N,C,NA,C,NA
61 ELMWOOD AVENUE,07042,MONTCLAIR,N,C,NA,C,NA
61 ELMWOOD AVENUE 1ST,07042,MONTCLAIR,N,C,NA,C,NA
61 ELM STREET,07042,MONTCLAIR,N,C,NA,C,NA
61 FAIRVIEW PLACE,07043,MONTCLAIR,N,C,NA,C,NA
61 FOREST STREET,07042,MONTCLAIR,Y,C,NA,G,NA
61 GLENRIDGE AVENUE,07042,MONTCLAIR,N,C,NA,C,NA
61 GLENWOOD ROAD,07043,MONTCLAIR,N,C,NA,C,NA
61 GORDONHURST AVENUE,07043,MONTCLAIR,N,C,NA,C,NA
61 GRANDVIEW PLACE,07043,MONTCLAIR,N,C,NA,C,NA
61 GREENWOOD AVENUE,07042,MONTCLAIR,N,C,NA,C,NA
61 HIGHLAND AVENUE,07043,MONTCLAIR,N,C,NA,C,NA
61 LLOYD ROAD,07042,MONTCLAIR,N,C,NA,C,NA
61 MONTCLAIR AVENUE,07043,MONTCLAIR,N,C,NA,C,NA
61 MISSION STREET,07042,MONTCLAIR,Y,C,NA,L,NA
61 MONTAGUE PLACE 1ST,07042,MONTCLAIR,N,C,NA,C,NA
61 MONTAGUE PLACE 2ND,07042,MONTCLAIR,N,C,NA,C,NA
61 N WILLOW STREET-1ST,07042,MONTCLAIR,N,C,NA,C,NA
61 N WILLOW STREET-2ND,07042,MONTCLAIR,N,C,NA,C,NA
61 NEW STREET,07042,MONTCLAIR,N,C,NA,C,NA
61 NORMAL AVENUE,07043,MONTCLAIR,N,C,NA,C,NA
61 NORWOOD AVENUE,07043,MONTCLAIR,N,C,NA,C,NA
61 OVERLOOK ROAD,07043,MONTCLAIR,N,C,NA,C,NA
61 PLEASANT AVENUE,07042,MONTCLAIR,N,C,NA,C,NA
61 PORTLAND PLACE,07042,MONTCLAIR,N,C,NA,C,NA
61 S FULLERTON AVENUE,07042,MONTCLAIR,N,C,NA,C,NA
61 TUXEDO ROAD,07042,MONTCLAIR,Y,C,NA,O,brass found
61 WATCHUNG AVENUE 2ND,07043,MONTCLAIR,N,C,NA,C,NA
61 WAYSIDE PLACE,07042,MONTCLAIR,N,C,NA,C,NA
61 WATCHUNG AVENUE 1ST,07043,MONTCLAIR,Y,C,NA,UX,NA
61 WILLOWDALE AVENUE,07042,MONTCLAIR,Y,C,NA,UX,NA
61.5 FOREST STREET,07042,MONTCLAIR,N,C,NA,C,NA
610 GROVE STREET,07043,MONTCLAIR,N,C,NA,C,NA
611 UPPER MOUNTAIN AVENUE,07042,MONTCLAIR,N,C,NA,C,NA
611 VALLEY ROAD,07043,MONTCLAIR,N,C,NA,C,NA
612 VALLEY ROAD,07043,MONTCLAIR,N,C,NA,C,NA
613 VALLEY ROAD,07043,MONTCLAIR,N,C,NA,C,NA
613-615 BLOOMFIELD AVENUE,07042,MONTCLAIR,N,C,NA,C,NA
614 VALLEY ROAD,07043,MONTCLAIR,N,C,NA,C,NA
614 VALLEY ROAD 2ND,07043,MONTCLAIR,N,C,NA,C,NA
615.5 VALLEY ROAD 2ND,07043,MONTCLAIR,N,C,NA,C,NA
616 GROVE STREET,07043,MONTCLAIR,N,C,NA,C,NA
616 VALLEY ROAD,07043,MONTCLAIR,N,C,NA,C,NA
617 BLOOMFIELD AVENUE,07042,MONTCLAIR,N,C,NA,C,NA
617 VALLEY ROAD,07043,MONTCLAIR,N,C,NA,C,NA
619 BLOOMFIELD AVENUE,07042,MONTCLAIR,N,C,NA,C,NA
619 VALLEY ROAD,07043,MONTCLAIR,N,C,NA,C,NA
62 BEVERLY ROAD,07043,MONTCLAIR,N,C,NA,C,NA
62 BROOKFIELD ROAD,07043,MONTCLAIR,N,C,NA,C,NA
62 CAMBRIDGE ROAD,07042,MONTCLAIR,N,C,NA,C,NA
62 CENTRAL AVENUE,07042,MONTCLAIR,N,C,NA,C,NA
62 CHRISTOPHER STREET,07043,MONTCLAIR,N,C,NA,C,NA
62 CHESTNUT STREET,07042,MONTCLAIR,N,C,NA,C,NA
62 DRYDEN ROAD,07043,MONTCLAIR,N,C,NA,C,NA
62 EDGEMONT ROAD,07042,MONTCLAIR,N,C,NA,C,NA
62 ELSTON ROAD,07043,MONTCLAIR,N,C,NA,C,NA
62 FOREST STREET,07042,MONTCLAIR,N,C,NA,C,NA
62 GATES AVENUE,07042,MONTCLAIR,N,C,NA,C,NA
62 GLENWOOD ROAD,07043,MONTCLAIR,N,C,NA,C,NA
62 GREENWOOD AVENUE,07042,MONTCLAIR,N,C,NA,C,NA
62 GROVE STREET,07043,MONTCLAIR,N,C,NA,C,NA
62 HARRISON AVENUE,07042,MONTCLAIR,N,C,NA,C,NA
62 HELLER WAY,07043,MONTCLAIR,N,C,NA,C,NA
62 JAMES STREET 2ND,07042,MONTCLAIR,N,C,NA,C,NA
62 JAMES STREET-1ST,07042,MONTCLAIR,N,C,NA,C,NA
62 MAPLE AVENUE,07042,MONTCLAIR,N,C,NA,C,NA
62 MISSION STREET,07042,MONTCLAIR,N,C,NA,C,NA
62 MONTAGUE PLACE,07042,MONTCLAIR,N,C,NA,C,NA
62 MONTCLAIR AVENUE,07043,MONTCLAIR,N,C,NA,C,NA
62 MYRTLE AVENUE,07042,MONTCLAIR,N,C,NA,C,NA
62 MADISON AVENUE,07042,MONTCLAIR,N,C,NA,C,NA
62 N WILLOW STREET,07042,MONTCLAIR,N,C,NA,C,NA
62 NISHUANE ROAD,07042,MONTCLAIR,N,C,NA,C,NA
62 OVERLOOK ROAD,07043,MONTCLAIR,N,C,NA,C,NA
62 ORANGE ROAD,07042,MONTCLAIR,N,C,NA,O,PVC
62 PLEASANT AVENUE,07042,MONTCLAIR,N,C,NA,C,NA
62 PLYMOUTH STREET,07042,MONTCLAIR,N,C,NA,C,NA
62 S FULLERTON AVENUE,07042,MONTCLAIR,N,C,NA,C,NA
62 TUXEDO ROAD,07042,MONTCLAIR,N,C,NA,C,NA
62 UNDERCLIFF ROAD,07042,MONTCLAIR,N,C,NA,C,NA
62 VALLEY ROAD,07043,MONTCLAIR,N,C,NA,C,NA
62 WATCHUNG AVENUE,07043,MONTCLAIR,N,C,NA,C,NA
62 WILDWOOD AVENUE,07043,MONTCLAIR,N,C,NA,C,NA
62 WATCHUNG AVENUE,07043,MONTCLAIR,N,C,NA,C,NA
62 YANTACAW BROOK ROAD,07043,MONTCLAIR,N,C,NA,C,NA
620 VALLEY ROAD,07043,MONTCLAIR,N,C,NA,C,NA
621 VALLEY ROAD,07043,MONTCLAIR,N,C,NA,C,NA
621 VALLEY ROAD 2ND,07043,MONTCLAIR,N,C,NA,C,NA
621 VALLEY ROAD 3RD,07043,MONTCLAIR,N,C,NA,C,NA
622 VALLEY ROAD,07043,MONTCLAIR,N,C,NA,C,NA
623 VALLEY ROAD,07043,MONTCLAIR,N,C,NA,C,NA
624-628 VALLEY ROAD,07043,MONTCLAIR,Y,C,NA,UX,NA
626-8 VALLEY ROAD,07043,MONTCLAIR,N,C,NA,C,NA
627-A VALLEY ROAD,07043,MONTCLAIR,N,C,NA,C,NA
629 BLOOMFIELD AVENUE,07042,MONTCLAIR,N,C,NA,C,NA
629 VALLEY ROAD,07043,MONTCLAIR,N,L,NA,UX,NA
629 VALLEY ROAD,07043,MONTCLAIR,Y,L,NA,UX,NA
629B VALLEY ROAD,07043,MONTCLAIR,N,C,NA,C,NA
63 BEVERLY ROAD,07043,MONTCLAIR,N,C,NA,C,NA
63 BROOKFIELD ROAD,07043,MONTCLAIR,N,C,NA,C,NA
63 CEDAR AVENUE,07042,MONTCLAIR,N,C,NA,C,NA
63 CLAREMONT AVENUE,07042,MONTCLAIR,N,C,NA,C,NA
63 CLUB ROAD,07043,MONTCLAIR,N,C,NA,C,NA
63 DRYDEN ROAD,07043,MONTCLAIR,N,C,NA,C,NA
63 ELM STREET,07042,MONTCLAIR,N,C,NA,C,NA
63 ELMWOOD AVENUE,07042,MONTCLAIR,N,C,NA,C,NA
63 ELMWOOD AVENUE 2ND,07042,MONTCLAIR,N,C,NA,C,NA
63 ESSEX AVENUE,07042,MONTCLAIR,N,C,NA,C,NA
63 FOREST STREET,07042,MONTCLAIR,N,C,NA,C,NA
63 GRANDVIEW PLACE,07043,MONTCLAIR,N,C,NA,C,NA
63 GREENWOOD AVENUE,07042,MONTCLAIR,N,C,NA,C,NA
63 GLENRIDGE AVENUE,07042,MONTCLAIR,Y,C,NA,UX,NA
63 HELLER WAY,07043,MONTCLAIR,N,C,NA,C,NA
63 HIGHLAND AVENUE,07043,MONTCLAIR,N,C,NA,C,NA
63 MISSION 2ND & 3RD,07042,MONTCLAIR,N,C,NA,C,NA
63 MISSION STREET 1ST,07042,MONTCLAIR,N,C,NA,C,NA
63 MONTAGUE PLACE 1ST,07042,MONTCLAIR,N,C,NA,C,NA
63 MONTAGUE PLACE 2ND,07042,MONTCLAIR,N,C,NA,C,NA
63 MONTCLAIR AVENUE,07043,MONTCLAIR,N,C,NA,C,NA
63 MELROSE PLACE,07042,MONTCLAIR,N,C,NA,C,NA
63 MYRTLE AVENUE,07042,MONTCLAIR,Y,C,NA,L,NA
63 N WILLOW STREET,07042,MONTCLAIR,N,C,NA,C,NA
63 NORMAL AVENUE,07043,MONTCLAIR,N,C,NA,C,NA
63 OAKWOOD AVENUE,07043,MONTCLAIR,N,C,NA,C,NA
63 OVERLOOK ROAD,07043,MONTCLAIR,Y,C,NA,G,NA
63 PARK STREET,07043,MONTCLAIR,N,C,NA,C,NA
63 PLEASANT AVENUE,07042,MONTCLAIR,N,C,NA,C,NA
63 PORTLAND PLACE 1ST,07042,MONTCLAIR,N,C,NA,C,NA
63 PORTLAND PLACE- 2ND FL,07042,MONTCLAIR,N,C,NA,C,NA
63 PROSPECT AVENUE,07042,MONTCLAIR,N,C,NA,C,NA
63 S MOUNTAIN AVENUE,07042,MONTCLAIR,Y,C,NA,UX,NA
63 STONEBRIDGE ROAD,07042,MONTCLAIR,N,C,NA,C,NA
63 TUXEDO ROAD,07042,MONTCLAIR,Y,C,NA,G,NA
63 UNDERCLIFF ROAD,07042,MONTCLAIR,N,C,NA,C,NA
63 WARREN PLACE,07042,MONTCLAIR,N,C,NA,C,NA
63 WALNUT STREET,07042,MONTCLAIR,Y,C,NA,UX,NA
63 WATCHUNG AVENUE 1ST,07043,MONTCLAIR,N,C,NA,C,NA
63 WATCHUNG AVENUE 2ND,07043,MONTCLAIR,N,C,NA,C,NA
630 VALLEY ROAD,07043,MONTCLAIR,N,C,NA,C,NA
630 VALLEY ROAD,07043,MONTCLAIR,N,C,NA,C,NA
631 1/2 VALLEY ROAD,07043,MONTCLAIR,N,C,NA,C,NA
631 BLOOMFIELD AVENUE,07042,MONTCLAIR,N,C,NA,O,Iron
631-A VALLEY ROAD,07043,MONTCLAIR,N,C,NA,C,NA
632 VALLEY ROAD,07043,MONTCLAIR,N,C,NA,C,NA
633 BLOOMFIELD AVENUE,07042,MONTCLAIR,N,C,NA,C,NA
633 VALLEY ROAD,07043,MONTCLAIR,N,C,NA,C,NA
635 BLOOMFIELD AVENUE,07042,MONTCLAIR,N,C,NA,C,NA
635 GROVE STREET,07043,MONTCLAIR,Y,C,NA,UX,NA
635 VALLEY ROAD,07043,MONTCLAIR,N,C,NA,C,NA
636 VALLEY ROAD,07043,MONTCLAIR,N,C,NA,C,NA
637 GROVE STREET,07043,MONTCLAIR,N,C,NA,C,NA
637 VALLEY ROAD,07043,MONTCLAIR,N,C,NA,C,NA
639 GROVE STREET,07043,MONTCLAIR,N,C,NA,C,NA
64 ALEXANDER AVENUE,07043,MONTCLAIR,N,C,NA,C,NA
64 BELLEVUE AVENUE,07043,MONTCLAIR,N,C,NA,C,NA
64 BEVERLY ROAD,07043,MONTCLAIR,N,C,NA,C,NA
64 BROOKFIELD ROAD,07043,MONTCLAIR,N,C,NA,C,NA
64 CHESTNUT STREET,07042,MONTCLAIR,N,C,NA,C,NA
64 CAMBRIDGE ROAD,07042,MONTCLAIR,N,C,NA,C,NA
64 CENTRAL AVENUE,07042,MONTCLAIR,N,C,NA,C,NA
64 CLINTON AVENUE,07042,MONTCLAIR,N,C,NA,C,NA
64 DRYDEN ROAD,07043,MONTCLAIR,N,C,NA,C,NA
64 ELMWOOD AVENUE,07042,MONTCLAIR,N,C,NA,C,NA
64 ELSTON ROAD,07043,MONTCLAIR,N,C,NA,C,NA
64 EDGEMONT ROAD,07042,MONTCLAIR,Y,C,NA,L,NA
64 FOREST STREET - 2ND FL,07042,MONTCLAIR,N,C,NA,C,NA
64 FOREST STREET 1ST,07042,MONTCLAIR,N,C,NA,C,NA
64 FAIRVIEW PLACE,07043,MONTCLAIR,N,C,NA,C,NA
64 GLENWOOD ROAD,07043,MONTCLAIR,N,C,NA,C,NA
64 GRANDVIEW PLACE,07043,MONTCLAIR,N,C,NA,C,NA
64 GATES AVENUE,07042,MONTCLAIR,N,C,NA,C,NA
64 GREENWOOD AVENUE,07042,MONTCLAIR,N,C,NA,C,NA
64 HAWTHORNE PLACE,07042,MONTCLAIR,N,C,NA,C,NA
64 MACOPIN AVENUE,07043,MONTCLAIR,N,C,NA,C,NA
64 MELROSE PLACE,07042,MONTCLAIR,N,C,NA,C,NA
64 MISSION STREET,07042,MONTCLAIR,N,C,NA,C,NA
64 MONTAGUE PLACE,07042,MONTCLAIR,N,C,NA,C,NA
64 MONTCLAIR AVENUE,07043,MONTCLAIR,N,C,NA,C,NA
64 MYRTLE AVENUE,07042,MONTCLAIR,N,C,NA,C,NA
64 MADISON AVENUE,07042,MONTCLAIR,Y,C,NA,UX,NA
64 NISHUANE ROAD,07042,MONTCLAIR,N,C,NA,C,NA
64 OAKWOOD AVENUE,07043,MONTCLAIR,N,C,NA,C,NA
64 ORANGE ROAD,07042,MONTCLAIR,N,C,NA,C,NA
64 OVERLOOK ROAD,07043,MONTCLAIR,N,C,NA,C,NA
64 PLEASANT AVENUE,07042,MONTCLAIR,N,C,NA,C,NA
64 PROSPECT AVENUE,07042,MONTCLAIR,N,C,NA,C,NA
64 TUXEDO ROAD,07042,MONTCLAIR,Y,C,NA,G,NA
64 UPPER MOUNTAIN AVENUE,07042,MONTCLAIR,N,C,NA,C,NA
64 VALLEY ROAD,07043,MONTCLAIR,N,C,NA,C,NA
64 WATCHUNG AVENUE,07043,MONTCLAIR,N,C,NA,C,NA
64 WILDWOOD AVENUE,07043,MONTCLAIR,N,C,NA,C,NA
64 WOODMONT ROAD,07043,MONTCLAIR,N,C,NA,C,NA
64.5 CHESTNUT STREET,07042,MONTCLAIR,N,C,NA,C,NA
641 BLOOMFIELD AVENUE,07042,MONTCLAIR,N,C,NA,C,NA
643 GROVE STREET,07043,MONTCLAIR,N,C,NA,C,NA
644 VALLEY ROAD,07043,MONTCLAIR,N,C,NA,C,NA
647 GROVE STREET,07043,MONTCLAIR,N,C,NA,C,NA
647 RIDGEWOOD AVENUE,07043,MONTCLAIR,Y,C,NA,L,NA
648 GROVE STREET,07043,MONTCLAIR,N,C,NA,C,NA
648 RIDGEWOOD AVENUE,07043,MONTCLAIR,N,C,NA,C,NA
649 GROVE STREET,07043,MONTCLAIR,N,C,NA,C,NA
649 RIDGEWOOD AVENUE,07043,MONTCLAIR,N,C,NA,C,NA
65 BROOKFIELD ROAD,07043,MONTCLAIR,N,C,NA,C,NA
65 BEVERLY ROAD,07043,MONTCLAIR,N,C,NA,C,NA
65 CEDAR AVENUE,07042,MONTCLAIR,N,C,NA,C,NA
65 CHESTNUT STREET,07042,MONTCLAIR,N,C,NA,C,NA
65 CHRISTOPHER STREET,07043,MONTCLAIR,N,C,NA,C,NA
65 CLUB ROAD,07043,MONTCLAIR,N,C,NA,C,NA
65 CAMBRIDGE ROAD,07042,MONTCLAIR,N,C,NA,C,NA
65 EDGEMONT ROAD,07042,MONTCLAIR,N,C,NA,C,NA
65 ESSEX AVENUE,07042,MONTCLAIR,N,C,NA,C,NA
65 ELSTON ROAD,07043,MONTCLAIR,N,C,NA,C,NA
65 FOREST STREET,07042,MONTCLAIR,N,C,NA,C,NA
65 FAIRVIEW PLACE,07043,MONTCLAIR,N,C,NA,C,NA
65 GLENRIDGE AVENUE,07042,MONTCLAIR,N,C,NA,C,NA
65 GLENWOOD ROAD,07043,MONTCLAIR,N,C,NA,C,NA
65 GRANDVIEW PLACE,07043,MONTCLAIR,N,C,NA,C,NA
65 MISSION STREET 1ST,07042,MONTCLAIR,N,C,NA,C,NA
65 MISSION STREET 2ND,07042,MONTCLAIR,N,C,NA,C,NA
65 MONTAGUE PLACE,07042,MONTCLAIR,N,C,NA,C,NA
65 MONTCLAIR AVENUE,07043,MONTCLAIR,N,C,NA,C,NA
65 N FULLERTON AVENUE,07042,MONTCLAIR,N,C,NA,C,NA
65 N WILLOW STREET 1ST,07042,MONTCLAIR,N,C,NA,C,NA
65 N WILLOW STREET 2ND,07042,MONTCLAIR,N,C,NA,C,NA
65 NORWOOD AVENUE,07043,MONTCLAIR,N,C,NA,C,NA
65 OVERLOOK ROAD,07043,MONTCLAIR,N,C,NA,C,NA
65 PLEASANT AVENUE,07042,MONTCLAIR,N,C,NA,C,NA
65 PLYMOUTH STREET,07042,MONTCLAIR,N,C,NA,C,NA
65 PORTLAND PLACE,07042,MONTCLAIR,N,C,NA,C,NA
65 S MOUNTAIN AVENUE,07042,MONTCLAIR,N,C,NA,C,NA
65 WILDWOOD AVENUE 1ST,07043,MONTCLAIR,Y,C,NA,UX,NA
65 WILDWOOD AVENUE 2ND,07043,MONTCLAIR,Y,C,NA,UX,NA
650 GROVE STREET,07043,MONTCLAIR,N,C,NA,C,NA
651 BLOOMFIELD AVENUE,07042,MONTCLAIR,N,C,NA,C,NA
651 GROVE STREET,07043,MONTCLAIR,Y,C,NA,UX,NA
652 GROVE STREET,07043,MONTCLAIR,N,C,NA,C,NA
652 RIDGEWOOD AVENUE,07043,MONTCLAIR,N,C,NA,C,NA
652 VALLEY ROAD 1ST,07043,MONTCLAIR,N,C,NA,C,NA
652 VALLEY ROAD 2ND,07043,MONTCLAIR,N,C,NA,C,NA
653 GROVE STREET,07043,MONTCLAIR,N,C,NA,C,NA
653 RIDGEWOOD AVENUE,07043,MONTCLAIR,Y,C,NA,UX,NA
653 VALLEY ROAD,07043,MONTCLAIR,N,C,NA,C,NA
654 GROVE STREET,07043,MONTCLAIR,N,C,NA,C,NA
655 GROVE STREET,07043,MONTCLAIR,N,C,NA,C,NA
656 GROVE STREET,07043,MONTCLAIR,N,C,NA,C,NA
656 RIDGEWOOD AVENUE,07043,MONTCLAIR,N,C,NA,C,NA
657 GROVE STREET,07043,MONTCLAIR,N,C,NA,C,NA
657 RIDGEWOOD AVENUE,07043,MONTCLAIR,N,C,NA,C,NA
658 GROVE STREET,07043,MONTCLAIR,N,C,NA,C,NA
658 VALLEY ROAD,07043,MONTCLAIR,N,C,NA,C,NA
659 GROVE STREET,07043,MONTCLAIR,N,C,NA,C,NA
65A HAWTHORNE PLACE,07042,MONTCLAIR,Y,C,NA,G,NA
65B HAWTHORNE PLACE,07042,MONTCLAIR,Y,C,NA,G,NA
66 BELLEVUE AVENUE,07043,MONTCLAIR,N,C,NA,C,NA
66 BEVERLY ROAD,07043,MONTCLAIR,N,C,NA,C,NA
66 BROOKFIELD ROAD,07043,MONTCLAIR,N,C,NA,C,NA
66 CHESTNUT STREET,07042,MONTCLAIR,N,C,NA,C,NA
66 CHRISTOPHER STREET,07043,MONTCLAIR,N,C,NA,C,NA
66 CLINTON AVENUE,07042,MONTCLAIR,N,C,NA,C,NA
66 CAMBRIDGE ROAD,07042,MONTCLAIR,N,C,NA,C,NA
66 DRYDEN ROAD,07043,MONTCLAIR,N,C,NA,C,NA
66 FOREST STREET,07042,MONTCLAIR,N,C,NA,C,NA
66 GATES AVENUE,07042,MONTCLAIR,N,C,NA,C,NA
66 GLENWOOD ROAD,07043,MONTCLAIR,N,C,NA,C,NA
66 GRANDVIEW PLACE,07043,MONTCLAIR,N,C,NA,C,NA
66 GREENWOOD AVENUE,07042,MONTCLAIR,N,C,NA,C,NA
66 HELLER WAY,07043,MONTCLAIR,N,C,NA,C,NA
66 MADISON AVENUE,07042,MONTCLAIR,N,C,NA,C,NA
66 MAPLE AVENUE,07042,MONTCLAIR,N,C,NA,C,NA
66 MISSION STREET,07042,MONTCLAIR,N,C,NA,C,NA
66 MONTAGUE PLACE,07042,MONTCLAIR,N,C,NA,C,NA
66 MONTCLAIR AVENUE,07043,MONTCLAIR,N,C,NA,C,NA
66 MELROSE PLACE,07042,MONTCLAIR,N,C,NA,C,NA
66 N WILLOW STREET 1ST,07042,MONTCLAIR,N,C,NA,C,NA
66 N WILLOW STREET 2ND,07042,MONTCLAIR,N,C,NA,C,NA
66 NISHUANE ROAD,07042,MONTCLAIR,Y,C,NA,L,NA
66 OVERLOOK ROAD,07043,MONTCLAIR,N,C,NA,C,NA
66 ORANGE ROAD,07042,MONTCLAIR,Y,C,NA,UX,NA
66 PARK STREET,07043,MONTCLAIR,N,C,NA,C,NA
66 PLYMOUTH STREET,07042,MONTCLAIR,N,C,NA,C,NA
66 S FULLERTON AVENUE,07042,MONTCLAIR,N,C,NA,C,NA
66 S FULLERTON AVENUE #16,07042,MONTCLAIR,N,C,NA,C,NA
66 S FULLERTON AVENUE #17,07042,MONTCLAIR,N,C,NA,C,NA
66 S FULLERTON AVENUE #18,07042,MONTCLAIR,N,C,NA,C,NA
66 S FULLERTON AVENUE #3,07042,MONTCLAIR,N,C,NA,C,NA
66 S FULLERTON AVENUE #4,07042,MONTCLAIR,N,C,NA,C,NA
66 S FULLERTON AVENUE#1,07042,MONTCLAIR,N,C,NA,C,NA
66 S FULLERTON AVENUE#10,07042,MONTCLAIR,N,C,NA,C,NA
66 S FULLERTON AVENUE#11,07042,MONTCLAIR,N,C,NA,C,NA
66 S FULLERTON AVENUE#12,07042,MONTCLAIR,N,C,NA,C,NA
66 S FULLERTON AVENUE#13,07042,MONTCLAIR,N,C,NA,C,NA
66 S FULLERTON AVENUE#14,07042,MONTCLAIR,N,C,NA,C,NA
66 S FULLERTON AVENUE#15,07042,MONTCLAIR,N,C,NA,C,NA
66 S FULLERTON AVENUE#2,07042,MONTCLAIR,N,C,NA,C,NA
66 S FULLERTON AVENUE#5,07042,MONTCLAIR,N,C,NA,C,NA
66 S FULLERTON AVENUE#6,07042,MONTCLAIR,N,C,NA,C,NA
66 S FULLERTON AVENUE#7,07042,MONTCLAIR,N,C,NA,C,NA
66 S FULLERTON AVENUE#8,07042,MONTCLAIR,N,C,NA,C,NA
66 S FULLERTON AVENUE#9,07042,MONTCLAIR,N,C,NA,C,NA
66 S FULLERTON(LAWN/SPRI,07042,MONTCLAIR,N,C,NA,C,NA
66 S MOUNTAIN AVENUE,07042,MONTCLAIR,N,C,NA,C,NA
66 STONEBRIDGE ROAD,07042,MONTCLAIR,N,C,NA,C,NA
66 TUXEDO ROAD,07042,MONTCLAIR,Y,C,NA,UX,NA
66 VALLEY ROAD,07043,MONTCLAIR,N,C,NA,C,NA
66 WARREN PLACE,07042,MONTCLAIR,N,C,NA,C,NA
66 WATCHUNG AVENUE 1ST,07043,MONTCLAIR,N,C,NA,C,NA
66 WATCHUNG AVENUE 2ND,07043,MONTCLAIR,N,C,NA,C,NA
66 WILDWOOD AVENUE,07043,MONTCLAIR,N,C,NA,C,NA
66 YANTACAW BROOK ROAD,07043,MONTCLAIR,N,C,NA,C,NA
660 GROVE STREET,07043,MONTCLAIR,N,C,NA,C,NA
660 RIDGEWOOD AVENUE,07043,MONTCLAIR,N,C,NA,C,NA
661 RIDGEWOOD AVENUE,07043,MONTCLAIR,N,C,NA,C,NA
661 VALLEY ROAD,07043,MONTCLAIR,N,C,NA,C,NA
662 GROVE STREET,07043,MONTCLAIR,N,C,NA,C,NA
663 VALLEY ROAD,07043,MONTCLAIR,N,C,NA,C,NA
664 BLOOMFIELD AVENUE,07042,MONTCLAIR,N,C,NA,C,NA
664 RIDGEWOOD AVENUE,07043,MONTCLAIR,N,C,NA,C,NA
664 VALLEY ROAD 1ST,07043,MONTCLAIR,Y,C,NA,UX,NA
664 VALLEY ROAD 2ND,07043,MONTCLAIR,Y,C,NA,UX,NA
665 RIDGEWOOD AVENUE,07043,MONTCLAIR,N,C,NA,C,NA
665-679 BLOOMFIELD AVENUE,07042,MONTCLAIR,N,C,NA,C,NA
665-679 BLOOMFIELD AVENUE,07042,MONTCLAIR,Y,C,NA,UX,NA
666 BLOOMFIELD AVENUE,07042,MONTCLAIR,Y,C,NA,G,NA
668 GROVE STREET,07043,MONTCLAIR,N,C,NA,C,NA
668 RIDGEWOOD AVENUE,07043,MONTCLAIR,N,C,NA,C,NA
668 VALLEY ROAD,07043,MONTCLAIR,N,C,NA,C,NA
669 GROVE STREET,07043,MONTCLAIR,N,C,NA,C,NA
669 RIDGEWOOD AVENUE,07043,MONTCLAIR,N,C,NA,C,NA
67 ALEXANDER AVENUE,07043,MONTCLAIR,N,C,NA,C,NA
67 BAY STREET,07042,MONTCLAIR,N,C,NA,C,NA
67 BEVERLY ROAD,07043,MONTCLAIR,Y,C,NA,UX,NA
67 BROOKFIELD ROAD,07043,MONTCLAIR,N,C,NA,C,NA
67 CAMBRIDGE ROAD,07042,MONTCLAIR,N,C,NA,C,NA
67 CEDAR AVENUE,07042,MONTCLAIR,N,C,NA,C,NA
67 CHURCH STREET,07042,MONTCLAIR,N,C,NA,C,NA
67 CLAREMONT AVENUE,07042,MONTCLAIR,N,C,NA,C,NA
67 CLUB ROAD,07043,MONTCLAIR,N,C,NA,C,NA
67 CLINTON AVENUE,07042,MONTCLAIR,N,C,NA,C,NA
67 DRYDEN ROAD,07043,MONTCLAIR,N,C,NA,C,NA
67 EAGLE ROCK WAY,07042,MONTCLAIR,N,C,NA,C,NA
67 FOREST STREET,07042,MONTCLAIR,N,C,NA,C,NA
67 GREENWOOD AVENUE,07042,MONTCLAIR,N,C,NA,C,NA
67 GATES AVENUE,07042,MONTCLAIR,N,C,NA,C,NA
67 GLENRIDGE AVENUE,07042,MONTCLAIR,Y,C,NA,UX,NA
67 GRANDVIEW PLACE,07043,MONTCLAIR,N,C,NA,C,NA
67 HELLER WAY,07043,MONTCLAIR,N,C,NA,C,NA
67 HIGHLAND AVENUE,07043,MONTCLAIR,Y,C,NA,UX,NA
67 LLEWELLYN ROAD,07042,MONTCLAIR,Y,C,NA,UX,NA
67 MISSION STREET 1ST,07042,MONTCLAIR,N,C,NA,C,NA
67 MISSION STREET 2ND,07042,MONTCLAIR,N,C,NA,C,NA
67 MONTAGUE PLACE,07042,MONTCLAIR,N,C,NA,C,NA
67 MONTCLAIR AVENUE,07043,MONTCLAIR,N,C,NA,C,NA
67 MELROSE PLACE,07042,MONTCLAIR,N,C,NA,C,NA
67 MYRTLE AVENUE,07042,MONTCLAIR,Y,C,NA,UX,NA
67 N MOUNTAIN AVENUE,07042,MONTCLAIR,N,C,NA,C,NA
67 N WILLOW STREET,07042,MONTCLAIR,N,C,NA,C,NA
67 OVERLOOK ROAD,07043,MONTCLAIR,N,C,NA,C,NA
67 PARK STREET,07043,MONTCLAIR,N,C,NA,C,NA
67 PLEASANT AVENUE,07042,MONTCLAIR,N,C,NA,C,NA
67 PLEASANT WAY,07042,MONTCLAIR,N,C,NA,C,NA
67 PLYMOUTH STREET,07042,MONTCLAIR,N,C,NA,C,NA
67 PORTLAND PLACE,07042,MONTCLAIR,N,C,NA,C,NA
67 PROSPECT AVENUE,07042,MONTCLAIR,N,C,NA,C,NA
67 STONEBRIDGE ROAD,07042,MONTCLAIR,N,C,NA,C,NA
67 UNION STREET,07042,MONTCLAIR,N,C,NA,C,NA
67 UPPER MOUNTAIN AVENUE,07042,MONTCLAIR,N,C,NA,C,NA
67 VALLEY ROAD 1ST,07043,MONTCLAIR,N,C,NA,C,NA
67 VALLEY ROAD 2ND,07043,MONTCLAIR,N,C,NA,C,NA
67 WARREN PLACE,07042,MONTCLAIR,N,C,NA,C,NA
67 WATCHUNG AVENUE 1ST,07043,MONTCLAIR,N,C,NA,C,NA
67 WATCHUNG AVENUE 2ND,07043,MONTCLAIR,N,C,NA,C,NA
67 WILDWOOD AVENUE,07043,MONTCLAIR,N,C,NA,C,NA
670 GROVE STREET,07043,MONTCLAIR,N,C,NA,C,NA
670 RIDGEWOOD AVENUE,07043,MONTCLAIR,N,C,NA,C,NA
670 VALLEY ROAD 1ST,07043,MONTCLAIR,N,C,NA,C,NA
670 VALLEY ROAD 2ND FL,07043,MONTCLAIR,N,C,NA,C,NA
672 GROVE STREET,07043,MONTCLAIR,N,C,NA,C,NA
672-01 VALLEY ROAD,07043,MONTCLAIR,N,C,NA,C,NA
672-02 VALLEY ROAD,07043,MONTCLAIR,N,C,NA,C,NA
673 GROVE STREET,07043,MONTCLAIR,N,C,NA,C,NA
673 RIDGEWOOD AVENUE,07043,MONTCLAIR,N,C,NA,C,NA
674 GROVE STREET,07043,MONTCLAIR,N,C,NA,C,NA
674 VALLEY ROAD,07043,MONTCLAIR,N,C,NA,C,NA
676 GROVE STREET,07043,MONTCLAIR,N,C,NA,C,NA
676 VALLEY ROAD,07043,MONTCLAIR,N,C,NA,C,NA
677 RIDGEWOOD AVENUE,07043,MONTCLAIR,N,C,NA,C,NA
679 VALLEY ROAD,07043,MONTCLAIR,N,C,NA,C,NA
68 ALEXANDER AVENUE,07043,MONTCLAIR,N,C,NA,C,NA
68 BROOKFIELD ROAD,07043,MONTCLAIR,N,C,NA,C,NA
68 BEVERLY ROAD,07043,MONTCLAIR,N,C,NA,C,NA
68 CHESTNUT STREET,07042,MONTCLAIR,N,C,NA,C,NA
68 CHURCH STREET,07042,MONTCLAIR,N,C,NA,C,NA
68 DRYDEN ROAD,07043,MONTCLAIR,N,C,NA,C,NA
68 ELMWOOD AVENUE,07042,MONTCLAIR,N,C,NA,C,NA
68 EAGLE ROCK WAY,07042,MONTCLAIR,N,C,NA,C,NA
68 FOREST STREET,07042,MONTCLAIR,N,C,NA,C,NA
68 GRANDVIEW PLACE,07043,MONTCLAIR,N,C,NA,C,NA
68 GREENWOOD AVENUE,07042,MONTCLAIR,N,C,NA,C,NA
68 GATES AVENUE,07042,MONTCLAIR,N,C,NA,C,NA
68 HAWTHORNE PLACE,07042,MONTCLAIR,N,C,NA,C,NA
68 LLOYD ROAD,07042,MONTCLAIR,N,C,NA,C,NA
68 MAPLE AVENUE,07042,MONTCLAIR,N,C,NA,C,NA
68 MONTAGUE PLACE,07042,MONTCLAIR,N,C,NA,C,NA
68 MONTCLAIR AVENUE,07043,MONTCLAIR,N,C,NA,C,NA
68 MELROSE PLACE,07042,MONTCLAIR,Y,C,NA,UX,NA
68 MISSION STREET 1ST,07042,MONTCLAIR,N,C,NA,C,NA
68 MISSION STREET 2ND,07042,MONTCLAIR,N,C,NA,C,NA
68 N FULLERTON AVENUE,07042,MONTCLAIR,N,C,NA,C,NA
68 N WILLOW STREET-1ST,07042,MONTCLAIR,N,C,NA,C,NA
68 N WILLOW STREET-2ND,07042,MONTCLAIR,N,C,NA,C,NA
68 NORWOOD AVENUE,07043,MONTCLAIR,N,C,NA,C,NA
68 ORANGE ROAD,07042,MONTCLAIR,N,C,NA,C,NA
68 OVERLOOK ROAD,07043,MONTCLAIR,N,C,NA,C,NA
68 PINE STREET,07042,MONTCLAIR,N,C,NA,C,NA
68 PLEASANT AVENUE,07042,MONTCLAIR,N,C,NA,C,NA
68 PROSPECT AVENUE,07042,MONTCLAIR,N,C,NA,C,NA
68 TUXEDO ROAD,07042,MONTCLAIR,N,C,NA,C,NA
68 VALLEY ROAD,07043,MONTCLAIR,N,C,NA,C,NA
68 WOODMONT ROAD,07043,MONTCLAIR,N,C,NA,C,NA
683 GROVE STREET,07043,MONTCLAIR,N,C,NA,C,NA
685 VALLEY ROAD,07043,MONTCLAIR,N,C,NA,C,NA
687 GROVE STREET,07043,MONTCLAIR,N,C,NA,C,NA
689 GROVE STREET,07043,MONTCLAIR,N,C,NA,C,NA
69 ALEXANDER AVENUE,07043,MONTCLAIR,N,C,NA,C,NA
69 BROOKFIELD ROAD,07043,MONTCLAIR,N,C,NA,C,NA
69 CAMBRIDGE ROAD,07042,MONTCLAIR,N,C,NA,C,NA
69 CEDAR AVENUE 1ST,07042,MONTCLAIR,N,C,NA,C,NA
69 CEDAR AVENUE 2ND,07042,MONTCLAIR,N,C,NA,C,NA
69 CHRISTOPHER STREET,07043,MONTCLAIR,N,C,NA,C,NA
69 DRYDEN ROAD,07043,MONTCLAIR,N,C,NA,C,NA
69 ESSEX AVENUE,07042,MONTCLAIR,N,C,NA,C,NA
69 FOREST STREET,07042,MONTCLAIR,N,C,NA,C,NA
69 GLENRIDGE AVENUE,07042,MONTCLAIR,N,C,NA,C,NA
69 GORDONHURST AVENUE,07043,MONTCLAIR,N,C,NA,C,NA
69 GRANDVIEW PLACE,07043,MONTCLAIR,N,C,NA,C,NA
69 GROVE STREET,07043,MONTCLAIR,N,C,NA,C,NA
69 MELROSE PLACE,07042,MONTCLAIR,N,C,NA,C,NA
69 MISSION STREET 1ST,07042,MONTCLAIR,N,C,NA,C,NA
69 MISSION STREET-2ND,07042,MONTCLAIR,N,C,NA,C,NA
69 MONTAGUE PLACE,07042,MONTCLAIR,N,C,NA,C,NA
69 MONTCLAIR AVENUE,07043,MONTCLAIR,N,C,NA,C,NA
69 MYRTLE AVENUE,07042,MONTCLAIR,N,C,NA,C,NA
69 N FULLERTON AVENUE,07042,MONTCLAIR,N,C,NA,C,NA
69 N WILLOW STREET,07042,MONTCLAIR,N,C,NA,C,NA
69 OAKWOOD AVENUE,07043,MONTCLAIR,N,C,NA,C,NA
69 PLEASANT AVENUE,07042,MONTCLAIR,N,C,NA,C,NA
69 PLEASANT WAY,07042,MONTCLAIR,N,C,NA,C,NA
69 PORTLAND PLACE,07042,MONTCLAIR,Y,C,NA,G,NA
69 STONEBRIDGE ROAD,07042,MONTCLAIR,N,C,NA,C,NA
69 VALLEY ROAD-1ST,07043,MONTCLAIR,N,C,NA,C,NA
69 VALLEY ROAD-2ND,07043,MONTCLAIR,N,C,NA,C,NA
69 WATCHUNG AVENUE,07043,MONTCLAIR,N,C,NA,C,NA
690 BLOOMFIELD AVENUE,07042,MONTCLAIR,N,C,NA,C,NA
690 VALLEY ROAD,07043,MONTCLAIR,N,C,NA,C,NA
691 BLOOMFIELD AVENUE,07042,MONTCLAIR,N,C,NA,C,NA
691 GROVE STREET,07043,MONTCLAIR,N,C,NA,C,NA
693 BLOOMFIELD AVENUE,07042,MONTCLAIR,N,C,NA,C,NA
693 GROVE STREET,07043,MONTCLAIR,N,C,NA,C,NA
695 BLOOMFIELD AVENUE,07042,MONTCLAIR,N,C,NA,C,NA
695 GROVE STREET,07043,MONTCLAIR,N,C,NA,C,NA
697 GROVE STREET,07043,MONTCLAIR,N,C,NA,C,NA
698 BLOOMFIELD AVENUE,07042,MONTCLAIR,N,C,NA,C,NA
699 GROVE STREET,07043,MONTCLAIR,N,C,NA,C,NA
7 ALDEN ROAD,07042,MONTCLAIR,N,C,NA,C,NA
7 ALPINE STREET,07042,MONTCLAIR,N,C,NA,C,NA
7 AMELIA STREET,07042,MONTCLAIR,N,C,NA,C,NA
7 ARGYLE ROAD,07043,MONTCLAIR,N,C,NA,C,NA
7 BELL STREET,07042,MONTCLAIR,N,C,NA,C,NA
7 BELLAIRE DRIVE,07042,MONTCLAIR,N,C,NA,C,NA
7 BELLEGROVE DRIVE,07043,MONTCLAIR,N,C,NA,C,NA
7 BELVIDERE PLACE,07042,MONTCLAIR,N,C,NA,C,NA
7 BRADFORD AVENUE,07043,MONTCLAIR,N,C,NA,C,NA
7 BRIAR HILL ROAD,07042,MONTCLAIR,N,C,NA,C,NA
7 BRUNSWICK ROAD,07042,MONTCLAIR,N,C,NA,C,NA
7 BELL STREET,07042,MONTCLAIR,N,C,NA,C,NA
7 BERKELEY PLACE,07042,MONTCLAIR,N,C,NA,O,POLY
7 BURNSIDE STREET,07043,MONTCLAIR,N,C,NA,C,NA
7 CARLISLE ROAD,07043,MONTCLAIR,N,C,NA,C,NA
7 CARLTON DRIVE,07043,MONTCLAIR,N,C,NA,C,NA
7 CARRIAGE WAY,07042,MONTCLAIR,N,C,NA,C,NA
7 CARTERET STREET,07043,MONTCLAIR,N,C,NA,C,NA
7 CHARLES STREET,07042,MONTCLAIR,N,C,NA,C,NA
7 CHRISTOPHER COURT,07042,MONTCLAIR,N,C,NA,C,NA
7 CLARIDGE COURT,07042,MONTCLAIR,N,C,NA,C,NA
7 CLINTON AVENUE,07042,MONTCLAIR,N,C,NA,C,NA
7 CLOVERHILL PLACE,07042,MONTCLAIR,N,C,NA,C,NA
7 CRESTMONT ROAD,07044,MONTCLAIR,N,C,NA,C,NA
7 CAREY COURT,07042,MONTCLAIR,N,C,NA,C,NA
7 CAROLIN ROAD,07043,MONTCLAIR,N,C,NA,C,NA
7 CENTRAL AVENUE 1ST,07042,MONTCLAIR,N,C,NA,C,NA
7 CENTRAL AVENUE 2ND,07042,MONTCLAIR,N,C,NA,C,NA
7 CHAMPLAIN TERRACE,07042,MONTCLAIR,N,C,NA,C,NA
7 CHESTER ROAD,07043,MONTCLAIR,N,C,NA,C,NA
7 CLAREMONT PLACE,07042,MONTCLAIR,N,C,NA,C,NA
7 COLUMBUS AVENUE,07042,MONTCLAIR,N,C,NA,C,NA
7 DRAPER TERRACE,07042,MONTCLAIR,N,C,NA,C,NA
7 DURYEA ROAD,07043,MONTCLAIR,N,C,NA,C,NA
7 EDGEMONT ROAD,07042,MONTCLAIR,N,C,NA,C,NA
7 EMERSON PLACE,07043,MONTCLAIR,N,C,NA,C,NA
7 ERWIN PARK ROAD,07042,MONTCLAIR,N,C,NA,C,NA
7 EAGLE ROCK WAY,07042,MONTCLAIR,Y,C,NA,L,NA
7 ELIZABETH ROAD,07043,MONTCLAIR,N,C,NA,C,NA
7 EUCLID PLACE,07042,MONTCLAIR,N,C,NA,C,NA
7 FAIRFIELD STREET,07042,MONTCLAIR,N,C,NA,C,NA
7 FAIRMOUNT AVENUE,07043,MONTCLAIR,N,C,NA,C,NA
7 FERNWOOD PLACE 1ST,07043,MONTCLAIR,N,C,NA,C,NA
7 FERNWOOD PLACE 2ND,07043,MONTCLAIR,N,C,NA,C,NA
7 FIDELITY PLACE,07042,MONTCLAIR,Y,C,NA,G,NA
7 FRANCIS PLACE 1ST,07042,MONTCLAIR,Y,C,NA,UX,NA
7 FRANCIS PLACE 2ND,07042,MONTCLAIR,Y,C,NA,UX,NA
7 GARDEN STREET,07042,MONTCLAIR,N,C,NA,C,NA
7 GARDINER PLACE,07042,MONTCLAIR,N,C,NA,C,NA
7 GARFIELD PLACE,07043,MONTCLAIR,N,C,NA,C,NA
7 GLENRIDGE PARKWAY,07042,MONTCLAIR,N,C,NA,C,NA
7 GLENSIDE TERRACE,07043,MONTCLAIR,N,C,NA,C,NA
7 GLENWOOD ROAD,07043,MONTCLAIR,N,C,NA,C,NA
7 GODFREY ROAD,07043,MONTCLAIR,N,C,NA,C,NA
7 GRAHAM TERRACE,07042,MONTCLAIR,N,C,NA,C,NA
7 GRAY STREET,07042,MONTCLAIR,N,C,NA,C,NA
7 GREENVIEW WAY,07043,MONTCLAIR,N,C,NA,C,NA
7 GROVE TERRACE,07042,MONTCLAIR,N,C,NA,C,NA
7 HARTLEY STREET,07042,MONTCLAIR,N,C,NA,C,NA
7 HELLER DRIVE,07043,MONTCLAIR,N,C,NA,C,NA
7 HIGHMONT TERRACE,07042,MONTCLAIR,N,C,NA,C,NA
7 HILLTOP PLACE 2ND,07042,MONTCLAIR,N,C,NA,C,NA
7 HOLLYWOOD AVENUE,07042,MONTCLAIR,N,C,NA,C,NA
7 HOMEWOOD WAY,07042,MONTCLAIR,N,C,NA,C,NA
7 HAMILTON TERRACE,07043,MONTCLAIR,N,C,NA,C,NA
7 HILLTOP PLACE,07042,MONTCLAIR,N,C,NA,C,NA
7 INWOOD TERRACE,07043,MONTCLAIR,N,C,NA,C,NA
7 IRVING STREET,07042,MONTCLAIR,N,C,NA,C,NA
7 JEFFERSON PLACE,07042,MONTCLAIR,N,C,NA,C,NA
7 JEROME PLACE,07043,MONTCLAIR,N,C,NA,C,NA
7 KENNETH ROAD,07043,MONTCLAIR,N,C,NA,C,NA
7 KIPS RIDGE,07044,MONTCLAIR,N,C,NA,C,NA
7 LANE COURT,07043,MONTCLAIR,N,C,NA,C,NA
7 LAUREL PLACE,07043,MONTCLAIR,N,C,NA,C,NA
7 LEE PLACE,07043,MONTCLAIR,N,C,NA,C,NA
7 LEWIS COURT,07042,MONTCLAIR,N,C,NA,C,NA
7 LASALLE ROAD,07043,MONTCLAIR,N,C,NA,C,NA
7 LINDEN AVENUE,07042,MONTCLAIR,Y,C,NA,G,NA
7 MACOPIN AVENUE,07043,MONTCLAIR,N,C,NA,C,NA
7 MANOR COURT,07042,MONTCLAIR,N,C,NA,C,NA
7 MARION ROAD,07043,MONTCLAIR,N,C,NA,C,NA
7 MC DONOUGH STREET,07042,MONTCLAIR,N,C,NA,C,NA
7 MELROSE PLACE,07042,MONTCLAIR,N,C,NA,C,NA
7 MIDLAND AVENUE,07042,MONTCLAIR,N,C,NA,C,NA
7 MONTCLAIR AVENUE,07043,MONTCLAIR,N,C,NA,C,NA
7 MOUNT VERNON ROAD,07043,MONTCLAIR,N,C,NA,C,NA
7 MOUNTAIN PLACE,07043,MONTCLAIR,N,C,NA,C,NA
7 MADISON AVENUE,07042,MONTCLAIR,Y,C,NA,G,NA
7 MORNINGSIDE AVENUE,07043,MONTCLAIR,N,C,NA,C,NA
7 MOUNTAIN TERRACE,07043,MONTCLAIR,Y,C,NA,G,NA
7 N BROOKWOOD DRIVE,07042,MONTCLAIR,N,C,NA,C,NA
7 N MOUNTAIN AVENUE,07042,MONTCLAIR,N,C,NA,C,NA
7 N WILLOW STREET,07042,MONTCLAIR,N,C,NA,C,NA
7 N WILLOW STREET(LACKAWANA),07042,MONTCLAIR,N,C,NA,C,NA
7 N WILLOW STREET(LACKAWANN),07042,MONTCLAIR,N,C,NA,C,NA
7 NASSAU ROAD,07043,MONTCLAIR,N,C,NA,C,NA
7 NISHUANE ROAD,07042,MONTCLAIR,N,C,NA,C,NA
7 NISHUANE ROAD-2ND,07042,MONTCLAIR,N,C,NA,C,NA
7 NORMAN ROAD,07043,MONTCLAIR,N,C,NA,C,NA
7 OAK PLACE,07042,MONTCLAIR,N,C,NA,C,NA
7 ORCHARD COURT,07042,MONTCLAIR,N,C,NA,C,NA
7 OXFORD STREET,07042,MONTCLAIR,N,C,NA,C,NA
7 PARK STREET-2ND,07043,MONTCLAIR,N,C,NA,C,NA
7 PARKWAY,07043,MONTCLAIR,N,C,NA,C,NA
7 PIERPONT DRIVE,07042,MONTCLAIR,N,C,NA,C,NA
7 PLANCHET DRIVE,07042,MONTCLAIR,N,C,NA,C,NA
7 PLEASANT AVENUE,07042,MONTCLAIR,N,C,NA,C,NA
7 POTTER COURT,07043,MONTCLAIR,N,C,NA,C,NA
7 PRESCOTT AVENUE,07042,MONTCLAIR,N,C,NA,C,NA
7 PRINCETON PLACE,07043,MONTCLAIR,N,C,NA,C,NA
7 PROSPECT TERRACE,07042,MONTCLAIR,N,C,NA,C,NA
7 PATTON PLACE,07043,MONTCLAIR,Y,C,NA,UX,NA
7 PIERSON PLACE,07042,MONTCLAIR,N,C,NA,C,NA
7 RAMSAY ROAD,07042,MONTCLAIR,N,C,NA,C,NA
7 RIVERVIEW DRIVE W,07043,MONTCLAIR,N,C,NA,C,NA
7 ROSEDALE AVENUE 1ST,07042,MONTCLAIR,N,C,NA,C,NA
7 ROSEDALE AVENUE 2ND,07042,MONTCLAIR,N,C,NA,C,NA
7 RUTGERS PLACE,07043,MONTCLAIR,N,C,NA,C,NA
7 S BROOKWOOD DRIVE,07042,MONTCLAIR,N,C,NA,C,NA
7 S MOUNTAIN TERRACE,07042,MONTCLAIR,N,C,NA,C,NA
7 SAINT LUKES PLACE,07042,MONTCLAIR,N,C,NA,C,NA
7 SENECA PLACE,07043,MONTCLAIR,N,C,NA,C,NA
7 SOUTHERN TERRACE,07042,MONTCLAIR,N,C,NA,C,NA
7 STANFORD PLACE,07042,MONTCLAIR,N,C,NA,C,NA
7 STEPHEN STREET,07042,MONTCLAIR,N,C,NA,C,NA
7 STONEBRIDGE COURT,07042,MONTCLAIR,N,C,NA,C,NA
7 STONEBRIDGE ROAD,07042,MONTCLAIR,N,C,NA,C,NA
7 SUNSET PARK,07043,MONTCLAIR,N,C,NA,C,NA
7 SYLVAN PLACE,07042,MONTCLAIR,N,C,NA,C,NA
7 SEARS PLACE,07042,MONTCLAIR,N,C,NA,C,NA
7 TENNIS PLACE,07042,MONTCLAIR,N,C,NA,C,NA
7 TALBOT STREET,07042,MONTCLAIR,N,C,NA,C,NA
7 THE FAIRWAY,07043,MONTCLAIR,N,C,NA,C,NA
7 UNDERCLIFF DRIVE,07042,MONTCLAIR,N,C,NA,C,NA
7 VALLEY PLACE,07043,MONTCLAIR,N,C,NA,C,NA
7 VAN BREEMEN COURT,07043,MONTCLAIR,N,C,NA,C,NA
7 VAN VLECK STREET,07042,MONTCLAIR,N,C,NA,C,NA
7 VERA PLACE,07042,MONTCLAIR,N,C,NA,C,NA
7 VICTORIA TERRACE,07043,MONTCLAIR,N,C,NA,C,NA
7 VINCENT PLACE,07042,MONTCLAIR,N,C,NA,C,NA
7 VIRGINIA AVENUE,07042,MONTCLAIR,Y,C,NA,UX,NA
7 WARREN PLACE,07042,MONTCLAIR,N,C,NA,C,NA
7 WATERBURY ROAD,07043,MONTCLAIR,N,C,NA,C,NA
7 WENDOVER ROAD,07042,MONTCLAIR,N,C,NA,C,NA
7 WEST BROOKWOOD DRIVE,07042,MONTCLAIR,N,C,NA,C,NA
7 WILFRED STREET,07042,MONTCLAIR,N,C,NA,C,NA
7 WINDEMERE ROAD,07043,MONTCLAIR,N,C,NA,C,NA
7 WINDSOR PLACE,07043,MONTCLAIR,N,C,NA,C,NA
7 WOODLAND AVENUE,07042,MONTCLAIR,N,C,NA,C,NA
7 WOODMONT ROAD,07043,MONTCLAIR,N,C,NA,C,NA
7 WARD PLACE,07042,MONTCLAIR,N,C,NA,C,NA
7 WELLESLEY ROAD,07043,MONTCLAIR,N,C,NA,C,NA
7 WHEELER STREET,07042,MONTCLAIR,N,C,NA,C,NA
7 WILLARD PLACE,07042,MONTCLAIR,N,C,NA,C,NA
7 WILLIAM STREET 1ST,07042,MONTCLAIR,Y,C,NA,UX,NA
7 WILLIAM STREET 2ND,07042,MONTCLAIR,Y,C,NA,UX,NA
7 WILLOWDALE COURT,07042,MONTCLAIR,N,C,NA,C,NA
7 YALE TERRACE,07042,MONTCLAIR,N,C,NA,C,NA
7-A BELLAIRE DRIVE,07042,MONTCLAIR,N,C,NA,C,NA
7.5 BELVIDERE PLACE,07042,MONTCLAIR,N,C,NA,C,NA
70 ALEXANDER AVENUE,07043,MONTCLAIR,N,C,NA,C,NA
70 BELLEVUE AVENUE,07043,MONTCLAIR,N,C,NA,C,NA
70 CAMBRIDGE ROAD,07042,MONTCLAIR,N,C,NA,C,NA
70 CENTRAL AVENUE,07042,MONTCLAIR,N,C,NA,C,NA
70 CHESTNUT STREET,07042,MONTCLAIR,N,C,NA,C,NA
70 DRYDEN ROAD,07043,MONTCLAIR,N,C,NA,C,NA
70 ELM STREET,07042,MONTCLAIR,N,C,NA,C,NA
70 FOREST STREET,07042,MONTCLAIR,N,C,NA,C,NA
70 GROVE STREET,07043,MONTCLAIR,N,C,NA,C,NA
70 GATES AVENUE,07042,MONTCLAIR,N,C,NA,C,NA
70 GREENWOOD AVENUE,07042,MONTCLAIR,Y,C,NA,L,NA
70 HELLER WAY,07043,MONTCLAIR,N,C,NA,C,NA
70 HAWTHORNE PLACE,07042,MONTCLAIR,Y,C,NA,L,NA
70 INWOOD AVENUE,07043,MONTCLAIR,N,C,NA,C,NA
70 LLEWELLYN ROAD,07042,MONTCLAIR,N,C,NA,C,NA
70 MELROSE PLACE,07042,MONTCLAIR,N,C,NA,C,NA
70 MONTCLAIR AVENUE,07043,MONTCLAIR,N,C,NA,C,NA
70 MIDLAND AVENUE,07042,MONTCLAIR,Y,C,NA,G,NA
70 N WILLOW STREET,07042,MONTCLAIR,N,C,NA,C,NA
70 N WILLOW STREET 1ST,07042,MONTCLAIR,N,C,NA,C,NA
70 N WILLOW STREET 2ND,07042,MONTCLAIR,N,C,NA,C,NA
70 NORWOOD AVENUE,07043,MONTCLAIR,N,C,NA,C,NA
70 OAKWOOD AVENUE,07043,MONTCLAIR,N,C,NA,C,NA
70 ORANGE ROAD,07042,MONTCLAIR,N,C,NA,C,NA
70 PARK STREET,07043,MONTCLAIR,N,C,NA,C,NA
70 PLEASANT AVENUE,07042,MONTCLAIR,N,C,NA,C,NA
70 PLYMOUTH STREET,07042,MONTCLAIR,N,C,NA,C,NA
70 PINE STREET,07042,MONTCLAIR,Y,C,NA,UX,NA
70 STONEBRIDGE ROAD,07042,MONTCLAIR,N,C,NA,C,NA
70 UNDERCLIFF ROAD,07042,MONTCLAIR,N,C,NA,C,NA
70 UPPER MOUNTAIN AVENUE,07042,MONTCLAIR,N,C,NA,C,NA
70 VALLEY ROAD,07043,MONTCLAIR,N,C,NA,C,NA
70 WILDWOOD AVENUE,07043,MONTCLAIR,N,C,NA,C,NA
70 YANTACAW BROOK ROAD,07043,MONTCLAIR,N,C,NA,C,NA
70-A N WILLOW STREET,07042,MONTCLAIR,N,C,NA,C,NA
70.5 N WILLOW STREET 1ST,07042,MONTCLAIR,Y,C,NA,UX,NA
70.5 N WILLOW STREET 2ND,07042,MONTCLAIR,Y,C,NA,UX,NA
700 BLOOMFIELD AVENUE,07042,MONTCLAIR,N,C,NA,C,NA
701 BLOOMFIELD AVENUE,07042,MONTCLAIR,N,C,NA,C,NA
701 GROVE STREET,07043,MONTCLAIR,N,C,NA,C,NA
702 BLOOMFIELD AVENUE,07042,MONTCLAIR,N,C,NA,C,NA
703 GROVE STREET,07043,MONTCLAIR,N,C,NA,C,NA
706 BLOOMFIELD AVENUE,07042,MONTCLAIR,N,C,NA,C,NA
706 VALLEY ROAD 1ST FL,07043,MONTCLAIR,N,C,NA,C,NA
706 VALLEY ROAD 2ND FL,07043,MONTCLAIR,N,C,NA,C,NA
708 VALLEY ROAD 1ST FL,07043,MONTCLAIR,N,C,NA,C,NA
708 VALLEY ROAD 2ND FL,07043,MONTCLAIR,N,C,NA,C,NA
70A N WILLOW STREET,07042,MONTCLAIR,N,C,NA,C,NA
71 BEVERLY ROAD,07043,MONTCLAIR,N,C,NA,C,NA
71 BROOKFIELD ROAD,07043,MONTCLAIR,N,C,NA,C,NA
71 CAMBRIDGE ROAD,07042,MONTCLAIR,N,C,NA,C,NA
71 CHRISTOPHER STREET,07043,MONTCLAIR,N,C,NA,C,NA
71 CLAREMONT AVENUE,07042,MONTCLAIR,N,C,NA,C,NA
71 CLINTON AVENUE,07042,MONTCLAIR,N,C,NA,C,NA
71 CLUB ROAD,07043,MONTCLAIR,N,C,NA,C,NA
71 CEDAR AVENUE,07042,MONTCLAIR,Y,C,NA,UX,NA
71 CHESTNUT STREET,07042,MONTCLAIR,N,C,NA,C,NA
71 EAGLE ROCK WAY,07042,MONTCLAIR,N,C,NA,C,NA
71 ELM STREET,07042,MONTCLAIR,N,C,NA,C,NA
71 EDGEMONT ROAD,07042,MONTCLAIR,N,C,NA,C,NA
71 ESSEX AVENUE,07042,MONTCLAIR,N,C,NA,C,NA
71 FOREST STREET 1ST,07042,MONTCLAIR,N,C,NA,C,NA
71 FOREST STREET 2ND,07042,MONTCLAIR,N,C,NA,C,NA
71 GATES AVENUE,07042,MONTCLAIR,N,C,NA,C,NA
71 GLENRIDGE AVENUE,07042,MONTCLAIR,N,C,NA,C,NA
71 GORDONHURST AVENUE,07043,MONTCLAIR,N,C,NA,C,NA
71 GRANDVIEW PLACE,07043,MONTCLAIR,N,C,NA,C,NA
71 GROVE STREET,07043,MONTCLAIR,N,C,NA,C,NA
71 GLENRIDGE AVENUE 1ST,07042,MONTCLAIR,N,C,NA,C,NA
71 HELLER WAY,07043,MONTCLAIR,N,C,NA,C,NA
71 LLEWELLYN ROAD,07042,MONTCLAIR,N,C,NA,C,NA
71 MELROSE PLACE,07042,MONTCLAIR,N,C,NA,C,NA
71 MONTAGUE PLACE,07042,MONTCLAIR,N,C,NA,C,NA
71 MONTCLAIR AVENUE,07043,MONTCLAIR,N,C,NA,C,NA
71 MOUNT HEBRON ROAD,07043,MONTCLAIR,N,C,NA,C,NA
71 MYRTLE AVENUE,07042,MONTCLAIR,N,C,NA,C,NA
71 MISSION STREET,07042,MONTCLAIR,N,C,NA,C,NA
71 N FULLERTON AVENUE,07042,MONTCLAIR,N,C,NA,C,NA
71 N MOUNTAIN AVENUE,07042,MONTCLAIR,N,C,NA,C,NA
71 NORWOOD AVENUE,07043,MONTCLAIR,Y,C,NA,O,BRASS
71 OVERLOOK ROAD,07043,MONTCLAIR,N,C,NA,C,NA
71 OAKWOOD AVENUE,07043,MONTCLAIR,N,C,NA,C,NA
71 PLEASANT WAY,07042,MONTCLAIR,N,C,NA,C,NA
71 PLYMOUTH STREET,07042,MONTCLAIR,N,C,NA,C,NA
71 PORTLAND PLACE 1ST,07042,MONTCLAIR,N,C,NA,C,NA
71 PORTLAND PLACE 2ND,07042,MONTCLAIR,N,C,NA,C,NA
71 PORTLAND PLACE 3RD,07042,MONTCLAIR,N,C,NA,C,NA
71 PROSPECT AVENUE,07042,MONTCLAIR,N,C,NA,C,NA
71 PINE STREET,07042,MONTCLAIR,N,C,NA,C,NA
71 PLEASANT AVENUE,07042,MONTCLAIR,Y,C,NA,UX,NA
71 S MOUNTAIN AVENUE,07042,MONTCLAIR,N,C,NA,C,NA
71 STONEBRIDGE ROAD,07042,MONTCLAIR,N,C,NA,C,NA
71 VALLEY ROAD 2ND,07043,MONTCLAIR,N,C,NA,C,NA
71 VALLEY ROAD-1ST,07043,MONTCLAIR,N,C,NA,C,NA
71 WILDWOOD AVENUE-1ST FL,07043,MONTCLAIR,N,C,NA,C,NA
71 WILDWOOD AVENUE-2ND FL,07043,MONTCLAIR,N,C,NA,C,NA
71.5 GLENRIDGE AVENUE,07042,MONTCLAIR,N,C,NA,C,NA
710 VALLEY ROAD-REAR,07043,MONTCLAIR,N,C,NA,C,NA
710 VALLEY ROAD,07043,MONTCLAIR,Y,C,NA,UX,NA
711 VALLEY ROAD,07043,MONTCLAIR,N,C,NA,C,NA
712 BLOOMFIELD AVENUE,07042,MONTCLAIR,N,C,NA,C,NA
712 GROVE STREET,07043,MONTCLAIR,N,C,NA,C,NA
714 BLOOMFIELD AVENUE,07042,MONTCLAIR,N,C,NA,C,NA
714 VALLEY ROAD,07043,MONTCLAIR,N,C,NA,C,NA
716 BLOOMFIELD AVENUE,07042,MONTCLAIR,N,C,NA,C,NA
716 VALLEY ROAD 1ST FL,07043,MONTCLAIR,N,C,NA,C,NA
716 VALLEY ROAD 2ND FL,07043,MONTCLAIR,N,C,NA,C,NA
72 ALEXANDER AVENUE,07043,MONTCLAIR,N,C,NA,C,NA
72 BELLEVUE AVENUE,07043,MONTCLAIR,N,C,NA,C,NA
72 BEVERLY ROAD,07043,MONTCLAIR,N,C,NA,C,NA
72 BUCKINGHAM ROAD,07043,MONTCLAIR,N,C,NA,C,NA
72 CENTRAL AVENUE,07042,MONTCLAIR,N,C,NA,C,NA
72 CHESTNUT STREET,07042,MONTCLAIR,N,C,NA,C,NA
72 CHRISTOPHER STREET,07043,MONTCLAIR,N,C,NA,C,NA
72 CAMBRIDGE ROAD,07042,MONTCLAIR,N,C,NA,C,NA
72 DRYDEN ROAD,07043,MONTCLAIR,N,C,NA,C,NA
72 FOREST STREET,07042,MONTCLAIR,N,C,NA,C,NA
72 GATES AVENUE,07042,MONTCLAIR,N,C,NA,C,NA
72 GORDONHURST AVENUE,07043,MONTCLAIR,N,C,NA,C,NA
72 GRANDVIEW PLACE,07043,MONTCLAIR,N,C,NA,C,NA
72 GREENWOOD AVENUE,07042,MONTCLAIR,N,C,NA,C,NA
72 HIGH STREET,07042,MONTCLAIR,N,C,NA,C,NA
72 LLOYD ROAD,07042,MONTCLAIR,N,C,NA,C,NA
72 MELROSE PLACE,07042,MONTCLAIR,N,C,NA,C,NA
72 MONTCLAIR AVENUE,07043,MONTCLAIR,N,C,NA,C,NA
72 MAPLE AVENUE,07042,MONTCLAIR,Y,C,NA,G,NA
72 N WILLOW STREET-1ST,07042,MONTCLAIR,N,C,NA,C,NA
72 N WILLOW STREET-2ND,07042,MONTCLAIR,N,C,NA,C,NA
72 NORMAL AVENUE,07043,MONTCLAIR,N,C,NA,C,NA
72 NORWOOD AVENUE,07043,MONTCLAIR,N,C,NA,C,NA
72 OAKWOOD AVENUE,07043,MONTCLAIR,N,C,NA,C,NA
72 OVERLOOK ROAD,07043,MONTCLAIR,N,C,NA,C,NA
72 PLYMOUTH STREET,07042,MONTCLAIR,N,C,NA,C,NA
72 S MOUNTAIN AVENUE,07042,MONTCLAIR,N,C,NA,C,NA
72 VALLEY ROAD,07043,MONTCLAIR,N,C,NA,C,NA
72 WILDWOOD AVENUE,07043,MONTCLAIR,N,C,NA,C,NA
72 WATCHUNG AVENUE 1ST,07043,MONTCLAIR,N,C,NA,C,NA
72 WATCHUNG AVENUE 2ND,07043,MONTCLAIR,N,C,NA,C,NA
720 BLOOMFIELD AVENUE,07042,MONTCLAIR,N,C,NA,C,NA
720 VALLEY ROAD,07043,MONTCLAIR,N,C,NA,C,NA
722 VALLEY ROAD,07043,MONTCLAIR,N,C,NA,C,NA
725 GROVE STREET,07043,MONTCLAIR,N,C,NA,C,NA
725 VALLEY ROAD,07043,MONTCLAIR,N,C,NA,C,NA
729 VALLEY ROAD,07043,MONTCLAIR,N,C,NA,C,NA
73 ALEXANDER AVENUE,07043,MONTCLAIR,N,C,NA,C,NA
73 BUCKINGHAM ROAD,07043,MONTCLAIR,N,C,NA,C,NA
73 CHESTNUT STREET,07042,MONTCLAIR,N,C,NA,C,NA
73 CHRISTOPHER STREET,07043,MONTCLAIR,N,C,NA,C,NA
73 CHURCH STREET,07042,MONTCLAIR,N,C,NA,C,NA
73 CENTRAL AVENUE,07042,MONTCLAIR,N,C,NA,C,NA
73 DRYDEN ROAD,07043,MONTCLAIR,N,C,NA,C,NA
73 EDGEMONT ROAD,07042,MONTCLAIR,N,C,NA,C,NA
73 ELM STREET,07042,MONTCLAIR,N,C,NA,C,NA
73 ESSEX AVENUE,07042,MONTCLAIR,N,C,NA,C,NA
73 FOREST STREET 1ST,07042,MONTCLAIR,N,C,NA,C,NA
73 FOREST STREET 2ND,07042,MONTCLAIR,N,C,NA,C,NA
73 GLENRIDGE AVENUE - APT 1,07042,MONTCLAIR,N,C,NA,C,NA
73 GLENRIDGE AVENUE - APT 2,07042,MONTCLAIR,N,C,NA,C,NA
73 GORDONHURST AVENUE,07043,MONTCLAIR,N,C,NA,C,NA
73 GRANDVIEW PLACE,07043,MONTCLAIR,N,C,NA,C,NA
73 GROVE STREET,07043,MONTCLAIR,N,C,NA,C,NA
73 GATES AVENUE,07042,MONTCLAIR,N,C,NA,C,NA
73 HIGH STREET,07042,MONTCLAIR,N,C,NA,C,NA
73 INWOOD AVENUE,07043,MONTCLAIR,N,C,NA,C,NA
73 MISSION STREET,07042,MONTCLAIR,N,C,NA,C,NA
73 MONTAGUE PLACE,07042,MONTCLAIR,N,C,NA,C,NA
73 MYRTLE AVENUE,07042,MONTCLAIR,N,C,NA,C,NA
73 N FULLERTON AVENUE 1ST,07042,MONTCLAIR,N,C,NA,C,NA
73 N FULLERTON AVENUE 2ND,07042,MONTCLAIR,N,C,NA,C,NA
73 N WILLOW STREET,07042,MONTCLAIR,N,C,NA,C,NA
73 OAKWOOD AVENUE,07043,MONTCLAIR,N,C,NA,C,NA
73 OVERLOOK ROAD,07043,MONTCLAIR,N,C,NA,C,NA
73 PARK STREET,07043,MONTCLAIR,N,C,NA,C,NA
73 PLEASANT AVENUE,07042,MONTCLAIR,N,C,NA,C,NA
73 PINE STREET,07042,MONTCLAIR,N,C,NA,C,NA
73 PLEASANT WAY,07042,MONTCLAIR,N,C,NA,C,NA
73 PLYMOUTH STREET,07042,MONTCLAIR,N,C,NA,C,NA
73 S FULLERTON AVENUE,07042,MONTCLAIR,N,C,NA,C,NA
73 UPPER MOUNTAIN AVENUE,07042,MONTCLAIR,N,C,NA,C,NA
73 VALLEY ROAD-1ST,07043,MONTCLAIR,N,C,NA,C,NA
73 VALLEY ROAD-2ND FL,07043,MONTCLAIR,N,C,NA,C,NA
732 VALLEY ROAD,07043,MONTCLAIR,N,C,NA,C,NA
732-734 1/2 VALLEY ROAD,07043,MONTCLAIR,Y,C,NA,UX,NA
734-A VALLEY ROAD,07043,MONTCLAIR,N,C,NA,C,NA
734-C VALLEY ROAD,07043,MONTCLAIR,N,C,NA,C,NA
734.5 VALLEY ROAD,07043,MONTCLAIR,N,C,NA,C,NA
736 VALLEY ROAD,07043,MONTCLAIR,N,C,NA,C,NA
74 BEVERLY ROAD,07043,MONTCLAIR,N,C,NA,C,NA
74 BELLEVUE AVENUE,07043,MONTCLAIR,N,C,NA,C,NA
74 CLINTON AVENUE,07042,MONTCLAIR,N,C,NA,C,NA
74 CENTRAL AVENUE,07042,MONTCLAIR,N,C,NA,C,NA
74 CHRISTOPHER STREET,07043,MONTCLAIR,N,C,NA,C,NA
74 CHURCH STREET,07042,MONTCLAIR,N,C,NA,C,NA
74 DRYDEN ROAD,07043,MONTCLAIR,N,C,NA,C,NA
74 ELM STREET,07042,MONTCLAIR,N,C,NA,C,NA
74 FOREST STREET,07042,MONTCLAIR,N,C,NA,C,NA
74 GORDONHURST AVENUE,07043,MONTCLAIR,N,C,NA,C,NA
74 GROVE STREET,07043,MONTCLAIR,N,C,NA,C,NA
74 HIGH STREET,07042,MONTCLAIR,N,C,NA,C,NA
74 HIGHLAND AVENUE,07043,MONTCLAIR,N,C,NA,C,NA
74 MIDLAND AVENUE,07042,MONTCLAIR,N,C,NA,C,NA
74 MISSION STREET,07042,MONTCLAIR,N,C,NA,C,NA
74 MONTAGUE PLACE,07042,MONTCLAIR,N,C,NA,C,NA
74 MONTCLAIR AVENUE,07043,MONTCLAIR,N,C,NA,C,NA
74 MELROSE PLACE,07042,MONTCLAIR,N,C,NA,C,NA
74 N FULLERTON AVENUE,07042,MONTCLAIR,N,C,NA,C,NA
74 N WILLOW STREET,07042,MONTCLAIR,N,C,NA,C,NA
74 OAKWOOD AVENUE,07043,MONTCLAIR,N,C,NA,C,NA
74 OVERLOOK ROAD,07043,MONTCLAIR,N,C,NA,C,NA
74 PROSPECT AVENUE,07042,MONTCLAIR,N,C,NA,C,NA
74 PLEASANT AVENUE,07042,MONTCLAIR,Y,C,NA,L,NA
74 PORTER PLACE,07042,MONTCLAIR,Y,C,NA,L,NA
74 S MOUNTAIN AVENUE,07042,MONTCLAIR,N,C,NA,C,NA
74 UPPER MOUNTAIN AVENUE,07042,MONTCLAIR,N,C,NA,C,NA
74 VALLEY ROAD 1ST,07043,MONTCLAIR,N,C,NA,C,NA
74 VALLEY ROAD 2ND,07043,MONTCLAIR,N,C,NA,C,NA
74 WOODLAND AVENUE,07042,MONTCLAIR,N,C,NA,C,NA
74-76 CHESTNUT STREET,07042,MONTCLAIR,N,C,NA,C,NA
740 VALLEY ROAD,07043,MONTCLAIR,N,C,NA,C,NA
746 VALLEY ROAD,07043,MONTCLAIR,N,C,NA,C,NA
748 VALLEY ROAD,07043,MONTCLAIR,N,C,NA,C,NA
75 ALEXANDER AVENUE,07043,MONTCLAIR,N,C,NA,C,NA
75 BEVERLY ROAD,07043,MONTCLAIR,N,C,NA,C,NA
75 CAMBRIDGE ROAD,07042,MONTCLAIR,N,C,NA,C,NA
75 CENTRAL AVENUE 1ST,07042,MONTCLAIR,N,C,NA,C,NA
75 CENTRAL AVENUE 2ND,07042,MONTCLAIR,N,C,NA,C,NA
75 CLUB ROAD,07043,MONTCLAIR,N,C,NA,C,NA
75 COLUMBUS AVENUE,07042,MONTCLAIR,N,C,NA,C,NA
75 CEDAR AVENUE,07042,MONTCLAIR,Y,C,NA,UX,NA
75 CHRISTOPHER STREET,07043,MONTCLAIR,N,C,NA,C,NA
75 ELM STREET,07042,MONTCLAIR,N,C,NA,C,NA
75 ESSEX AVENUE,07042,MONTCLAIR,N,C,NA,C,NA
75 EDGEMONT ROAD,07042,MONTCLAIR,N,C,NA,C,NA
75 FOREST STREET 1ST,07042,MONTCLAIR,N,C,NA,C,NA
75 FOREST STREET 2ND,07042,MONTCLAIR,N,C,NA,C,NA
75 GLENRIDGE AVENUE - FRONT,07042,MONTCLAIR,N,C,NA,C,NA
75 GLENRIDGE AVENUE - REAR,07042,MONTCLAIR,N,C,NA,C,NA
75 GORDONHURST AVENUE,07043,MONTCLAIR,N,C,NA,C,NA
75 GATES AVENUE,07042,MONTCLAIR,N,C,NA,C,NA
75 GRANDVIEW PLACE,07043,MONTCLAIR,N,C,NA,C,NA
75 HELLER WAY,07043,MONTCLAIR,N,C,NA,C,NA
75 HARRISON AVENUE,07042,MONTCLAIR,N,C,NA,O,Iron
75 LLEWELLYN ROAD,07042,MONTCLAIR,N,C,NA,C,NA
75 LLOYD ROAD,07042,MONTCLAIR,N,C,NA,C,NA
75 MONTCLAIR AVENUE,07043,MONTCLAIR,N,C,NA,C,NA
75 MIDLAND AVENUE,07042,MONTCLAIR,N,C,NA,C,NA
75 MONTAGUE PLACE 1ST,07042,MONTCLAIR,N,C,NA,C,NA
75 MONTAGUE PLACE 2ND,07042,MONTCLAIR,N,C,NA,C,NA
75 N FULLERTON AVENUE,07042,MONTCLAIR,N,C,NA,C,NA
75 N MOUNTAIN AVENUE,07042,MONTCLAIR,N,C,NA,C,NA
75 NORMAL AVENUE,07043,MONTCLAIR,N,C,NA,C,NA
75 OAKWOOD AVENUE,07043,MONTCLAIR,N,C,NA,C,NA
75 PINE STREET,07042,MONTCLAIR,N,C,NA,C,NA
75 PLEASANT AVENUE,07042,MONTCLAIR,N,C,NA,C,NA
75 PROSPECT AVENUE,07042,MONTCLAIR,Y,C,NA,L,NA
75 S FULLERTON AVENUE,07042,MONTCLAIR,N,C,NA,C,NA
75 VALLEY ROAD,07043,MONTCLAIR,N,C,NA,C,NA
75 WILLOWDALE AVENUE,07042,MONTCLAIR,N,C,NA,C,NA
75-77 N WILLOW STREET,07042,MONTCLAIR,Y,UX,NA,G,NA
750 VALLEY ROAD,07043,MONTCLAIR,N,C,NA,C,NA
752 VALLEY ROAD,07043,MONTCLAIR,N,C,NA,C,NA
76 BEVERLY ROAD,07043,MONTCLAIR,N,C,NA,C,NA
76 BELLEVUE AVENUE,07043,MONTCLAIR,N,C,NA,C,NA
76 BUCKINGHAM ROAD,07043,MONTCLAIR,N,C,NA,C,NA
76 CHURCH STREET,07042,MONTCLAIR,N,C,NA,C,NA
76 CLUB ROAD,07043,MONTCLAIR,N,C,NA,C,NA
76 CHRISTOPHER STREET,07043,MONTCLAIR,Y,C,NA,L,NA
76 COLUMBUS AVENUE,07042,MONTCLAIR,N,C,NA,C,NA
76 EDGEMONT ROAD,07042,MONTCLAIR,N,C,NA,C,NA
76 ELM STREET,07042,MONTCLAIR,N,C,NA,C,NA
76 FOREST STREET,07042,MONTCLAIR,N,C,NA,C,NA
76 GATES AVENUE,07042,MONTCLAIR,N,C,NA,C,NA
76 GORDONHURST AVENUE,07043,MONTCLAIR,N,C,NA,C,NA
76 GROVE STREET,07043,MONTCLAIR,N,C,NA,C,NA
76 HELLER WAY,07043,MONTCLAIR,N,C,NA,C,NA
76 HIGH STREET,07042,MONTCLAIR,N,C,NA,C,NA
76 INWOOD AVENUE,07043,MONTCLAIR,N,C,NA,C,NA
76 MIDLAND AVENUE,07042,MONTCLAIR,N,C,NA,C,NA
76 MISSION STREET 1ST,07042,MONTCLAIR,N,C,NA,C,NA
76 MISSION STREET 2ND,07042,MONTCLAIR,N,C,NA,C,NA
76 MONTAGUE PLACE,07042,MONTCLAIR,N,C,NA,C,NA
76 N FULLERTON AVENUE,07042,MONTCLAIR,N,C,NA,C,NA
76 NORMAL AVENUE,07043,MONTCLAIR,N,C,NA,C,NA
76 OAKWOOD AVENUE,07043,MONTCLAIR,N,C,NA,C,NA
76 PARK STREET,07043,MONTCLAIR,N,C,NA,C,NA
76 PLYMOUTH STREET,07042,MONTCLAIR,N,C,NA,O,POLY
76 PORTER PLACE,07042,MONTCLAIR,Y,C,NA,UX,NA
76 STONEBRIDGE ROAD,07042,MONTCLAIR,N,C,NA,C,NA
76 WILLOWDALE AVENUE,07042,MONTCLAIR,N,C,NA,C,NA
76 WATCHUNG AVENUE,07043,MONTCLAIR,Y,C,NA,L,NA
76 YANTACAW BROOK ROAD,07043,MONTCLAIR,N,C,NA,C,NA
761 VALLEY ROAD,07043,MONTCLAIR,N,C,NA,C,NA
763 BLOOMFIELD AVENUE,07042,MONTCLAIR,N,C,NA,C,NA
764 BLOOMFIELD AVENUE,07042,MONTCLAIR,N,C,NA,C,NA
764 VALLEY ROAD,07043,MONTCLAIR,N,C,NA,C,NA
765 VALLEY ROAD,07043,MONTCLAIR,N,C,NA,C,NA
767 VALLEY ROAD,07043,MONTCLAIR,N,C,NA,C,NA
768 VALLEY ROAD,07043,MONTCLAIR,N,C,NA,C,NA
77 (REAR) GROVE STREET,07043,MONTCLAIR,Y,C,NA,UX,NA
77 BEVERLY ROAD,07043,MONTCLAIR,N,C,NA,C,NA
77 BUCKINGHAM ROAD,07043,MONTCLAIR,N,C,NA,C,NA
77 CENTRAL AVENUE-1ST FL,07042,MONTCLAIR,N,C,NA,C,NA
77 CENTRAL AVENUE-2ND FL,07042,MONTCLAIR,N,C,NA,C,NA
77 CHRISTOPHER STREET,07043,MONTCLAIR,N,C,NA,C,NA
77 CLAREMONT AVENUE,07042,MONTCLAIR,N,C,NA,C,NA
77 CLUB ROAD,07043,MONTCLAIR,N,C,NA,C,NA
77 CEDAR AVENUE,07042,MONTCLAIR,N,C,NA,C,NA
77 COLUMBUS AVENUE,07042,MONTCLAIR,N,C,NA,C,NA
77 EAGLE ROCK WAY,07042,MONTCLAIR,N,C,NA,C,NA
77 EDGEMONT ROAD,07042,MONTCLAIR,N,C,NA,C,NA
77 ELM STREET,07042,MONTCLAIR,N,C,NA,C,NA
77 ESSEX AVENUE,07042,MONTCLAIR,Y,C,NA,O,BRASS
77 FOREST STREET 1ST,07042,MONTCLAIR,N,C,NA,C,NA
77 FOREST STREET 2ND,07042,MONTCLAIR,N,C,NA,C,NA
77 GROVE STREET-BUILDING A,07043,MONTCLAIR,N,C,NA,C,NA
77 GROVE STREET-BUILDING B,07043,MONTCLAIR,N,C,NA,C,NA
77 GORDONHURST AVENUE,07043,MONTCLAIR,Y,C,NA,G,NA
77 HIGHLAND AVENUE,07043,MONTCLAIR,N,C,NA,C,NA
77 INWOOD AVENUE,07043,MONTCLAIR,N,C,NA,C,NA
77 MIDLAND AVENUE,07042,MONTCLAIR,N,C,NA,C,NA
77 MISSION STREET,07042,MONTCLAIR,Y,C,NA,UX,NA
77 MYRTLE AVENUE,07042,MONTCLAIR,N,C,NA,C,NA
77 N FULLERTON AVENUE,07042,MONTCLAIR,N,C,NA,C,NA
77 NORMAL AVENUE,07043,MONTCLAIR,N,C,NA,C,NA
77 ORANGE ROAD,07042,MONTCLAIR,N,C,NA,C,NA
77 OVERLOOK ROAD,07043,MONTCLAIR,N,C,NA,C,NA
77 PARK STREET,07043,MONTCLAIR,N,C,NA,C,NA
77 PINE STREET,07042,MONTCLAIR,N,C,NA,C,NA
77 PLEASANT WAY,07042,MONTCLAIR,N,C,NA,C,NA
77 PORTER PLACE,07042,MONTCLAIR,N,C,NA,C,NA
77 PLEASANT AVENUE,07042,MONTCLAIR,N,C,NA,C,NA
77 S MOUNTAIN AVENUE,07042,MONTCLAIR,N,C,NA,C,NA
77 S MOUNTAIN AVENUE (REAR),07042,MONTCLAIR,N,C,NA,C,NA
77 STONEBRIDGE ROAD,07042,MONTCLAIR,N,C,NA,C,NA
77 UPPER MOUNTAIN AVENUE,07042,MONTCLAIR,Y,C,NA,UX,NA
77 WALNUT STREET 1ST,07042,MONTCLAIR,N,C,NA,C,NA
77 WALNUT STREET 2ND,07042,MONTCLAIR,N,C,NA,C,NA
77 WARREN PLACE,07042,MONTCLAIR,N,C,NA,C,NA
77 WILLOWDALE AVENUE,07042,MONTCLAIR,N,C,NA,C,NA
771 VALLEY ROAD,07043,MONTCLAIR,N,C,NA,C,NA
772 VALLEY ROAD,07043,MONTCLAIR,N,C,NA,C,NA
775 BLOOMFIELD AVENUE,07042,MONTCLAIR,N,C,NA,C,NA
777 BLOOMFIELD AVENUE,07042,MONTCLAIR,Y,C,NA,UX,NA
778 VALLEY ROAD,07043,MONTCLAIR,N,C,NA,C,NA
78 BEVERLY ROAD,07043,MONTCLAIR,N,C,NA,C,NA
78 CLINTON AVENUE,07042,MONTCLAIR,N,C,NA,C,NA
78 COLUMBUS AVENUE,07042,MONTCLAIR,N,C,NA,C,NA
78 CENTRAL AVENUE,07042,MONTCLAIR,N,C,NA,C,NA
78 DRYDEN ROAD,07043,MONTCLAIR,N,C,NA,C,NA
78 EDGEMONT ROAD,07042,MONTCLAIR,N,C,NA,C,NA
78 GORDONHURST AVENUE,07043,MONTCLAIR,N,C,NA,C,NA
78 GROVE STREET,07043,MONTCLAIR,N,C,NA,C,NA
78 HAWTHORNE PLACE,07042,MONTCLAIR,N,C,NA,C,NA
78 HIGH STREET,07042,MONTCLAIR,N,C,NA,C,NA
78 INWOOD AVENUE,07043,MONTCLAIR,N,C,NA,C,NA
78 LLOYD ROAD,07042,MONTCLAIR,N,C,NA,C,NA
78 MIDLAND AVENUE,07042,MONTCLAIR,N,C,NA,C,NA
78 MISSION STREET 1ST,07042,MONTCLAIR,N,C,NA,C,NA
78 MISSION STREET 2ND,07042,MONTCLAIR,N,C,NA,C,NA
78 MONTCLAIR AVENUE,07043,MONTCLAIR,N,C,NA,C,NA
78 N WILLOW STREET,07042,MONTCLAIR,N,C,NA,C,NA
78 PINE STREET,07042,MONTCLAIR,N,C,NA,C,NA
78 PLYMOUTH STREET,07042,MONTCLAIR,N,C,NA,C,NA
78 WATCHUNG AVENUE,07043,MONTCLAIR,N,C,NA,C,NA
78 WILLOWDALE AVENUE,07042,MONTCLAIR,N,C,NA,C,NA
78-80 CHESTNUT STREET,07042,MONTCLAIR,Y,C,NA,UX,NA
783 VALLEY ROAD,07043,MONTCLAIR,N,C,NA,C,NA
785 VALLEY ROAD,07043,MONTCLAIR,Y,C,NA,G,NA
786 VALLEY ROAD,07043,MONTCLAIR,N,C,NA,C,NA
789 VALLEY ROAD,07043,MONTCLAIR,N,C,NA,C,NA
79 ALEXANDER AVENUE,07043,MONTCLAIR,N,C,NA,C,NA
79 BEVERLY ROAD,07043,MONTCLAIR,N,C,NA,C,NA
79 CENTRAL AVENUE 2ND,07042,MONTCLAIR,N,C,NA,C,NA
79 CENTRAL AVENUE-1ST,07042,MONTCLAIR,N,C,NA,C,NA
79 CLAREMONT AVENUE,07042,MONTCLAIR,N,C,NA,C,NA
79 EDGEMONT ROAD,07042,MONTCLAIR,N,C,NA,C,NA
79 ESSEX AVENUE,07042,MONTCLAIR,N,C,NA,C,NA
79 ELM STREET,07042,MONTCLAIR,Y,C,NA,L,NA
79 FOREST STREET,07042,MONTCLAIR,N,C,NA,C,NA
79 GORDONHURST AVENUE,07043,MONTCLAIR,N,C,NA,C,NA
79 HAWTHORNE PLACE,07042,MONTCLAIR,N,C,NA,C,NA
79 HIGH STREET,07042,MONTCLAIR,N,C,NA,C,NA
79 INWOOD AVENUE,07043,MONTCLAIR,N,C,NA,C,NA
79 LLEWELLYN ROAD,07042,MONTCLAIR,N,C,NA,C,NA
79 LLOYD ROAD,07042,MONTCLAIR,N,C,NA,C,NA
79 MIDLAND AVENUE,07042,MONTCLAIR,N,C,NA,C,NA
79 MISSION STREET 1ST,07042,MONTCLAIR,N,C,NA,C,NA
79 MISSION STREET 2ND,07042,MONTCLAIR,N,C,NA,C,NA
79 MONTAGUE PLACE,07042,MONTCLAIR,N,C,NA,C,NA
79 MYRTLE AVENUE,07042,MONTCLAIR,N,C,NA,C,NA
79 MONTCLAIR AVENUE,07043,MONTCLAIR,N,C,NA,C,NA
79 N FULLERTON AVENUE,07042,MONTCLAIR,N,C,NA,C,NA
79 N MOUNTAIN AVENUE,07042,MONTCLAIR,N,C,NA,C,NA
79 NORMAL AVENUE,07043,MONTCLAIR,N,C,NA,C,NA
79 PINE STREET,07042,MONTCLAIR,N,C,NA,C,NA
79 PLEASANT WAY,07042,MONTCLAIR,N,C,NA,C,NA
79 S FULLERTON AVENUE,07042,MONTCLAIR,N,C,NA,C,NA
79 VALLEY ROAD,07043,MONTCLAIR,N,C,NA,C,NA
79 WATCHUNG AVENUE,07043,MONTCLAIR,Y,C,NA,G,NA
792 VALLEY ROAD,07043,MONTCLAIR,N,C,NA,C,NA
796 VALLEY ROAD,07043,MONTCLAIR,N,C,NA,C,NA
798 VALLEY ROAD,07043,MONTCLAIR,N,C,NA,C,NA
7A PARK STREET,07043,MONTCLAIR,N,C,NA,C,NA
8 ALEXANDER AVENUE,07043,MONTCLAIR,N,C,NA,C,NA
8 AMHERST PLACE,07043,MONTCLAIR,N,C,NA,C,NA
8 APPLETON PLACE,07043,MONTCLAIR,N,C,NA,C,NA
8 ARGYLE ROAD,07043,MONTCLAIR,N,C,NA,C,NA
8 AUBREY ROAD,07043,MONTCLAIR,Y,C,NA,O,BRASS
8 BELL STREET #3,07042,MONTCLAIR,N,C,NA,C,NA
8 BELLAIRE DRIVE,07042,MONTCLAIR,N,C,NA,C,NA
8 BELLEGROVE DRIVE,07043,MONTCLAIR,N,C,NA,C,NA
8 BELVIDERE PLACE,07042,MONTCLAIR,N,C,NA,C,NA
8 BRUNSWICK ROAD,07042,MONTCLAIR,N,C,NA,C,NA
8 BURNSIDE STREET,07043,MONTCLAIR,N,C,NA,C,NA
8 BELL STREET,07042,MONTCLAIR,N,C,NA,C,NA
8 BROOKLAWN ROAD,07042,MONTCLAIR,N,C,NA,C,NA
8 BRUCE ROAD,07043,MONTCLAIR,N,C,NA,C,NA
8 CARLTON DRIVE,07043,MONTCLAIR,N,C,NA,C,NA
8 CARRIAGE WAY,07042,MONTCLAIR,N,C,NA,C,NA
8 CARTERET STREET,07043,MONTCLAIR,N,C,NA,C,NA
8 CEDAR AVENUE,07042,MONTCLAIR,N,C,NA,C,NA
8 CHARLES STREET 1ST,07042,MONTCLAIR,N,C,NA,C,NA
8 CHARLES STREET 2ND,07042,MONTCLAIR,N,C,NA,C,NA
8 CHRISTOPHER COURT,07042,MONTCLAIR,N,C,NA,C,NA
8 CHURCH STREET,07042,MONTCLAIR,N,C,NA,C,NA
8 CLAREMONT PLACE,07042,MONTCLAIR,N,C,NA,C,NA
8 CLINTON AVENUE,07042,MONTCLAIR,N,C,NA,C,NA
8 CLOVERHILL PLACE,07042,MONTCLAIR,N,C,NA,C,NA
8 CLUB STREET,07042,MONTCLAIR,N,C,NA,C,NA
8 COLUMBUS AVENUE,07042,MONTCLAIR,N,C,NA,C,NA
8 CURTIS TERRACE,07042,MONTCLAIR,N,C,NA,C,NA
8 CAREY COURT,07042,MONTCLAIR,N,C,NA,C,NA
8 CAROLIN ROAD,07043,MONTCLAIR,N,C,NA,C,NA
8 CHESTER ROAD,07043,MONTCLAIR,N,C,NA,C,NA
8 CLAIRIDGE COURT,07042,MONTCLAIR,N,C,NA,C,NA
8 COLLEGE AVENUE,07043,MONTCLAIR,N,C,NA,C,NA
8 DEY STREET,07042,MONTCLAIR,N,C,NA,C,NA
8 DRAPER TERRACE,07042,MONTCLAIR,N,C,NA,C,NA
8 EDGECLIFF ROAD,07043,MONTCLAIR,N,C,NA,C,NA
8 EMERSON PLACE,07043,MONTCLAIR,N,C,NA,C,NA
8 ERWIN PARK ROAD,07042,MONTCLAIR,N,C,NA,C,NA
8 ELMWOOD AVENUE,07042,MONTCLAIR,N,C,NA,C,NA
8 ENFIELD AVENUE,07042,MONTCLAIR,N,C,NA,C,NA
8 FAIRFIELD STREET,07042,MONTCLAIR,N,C,NA,C,NA
8 FAIRVIEW PLACE,07043,MONTCLAIR,N,C,NA,C,NA
8 FERNWOOD PLACE,07043,MONTCLAIR,N,C,NA,C,NA
8 FRANCIS PLACE,07042,MONTCLAIR,N,C,NA,C,NA
8 FRANKLIN PLACE,07042,MONTCLAIR,N,C,NA,C,NA
8 FAIRMOUNT AVENUE,07043,MONTCLAIR,N,C,NA,C,NA
8 FRIENDSHIP PLACE,07042,MONTCLAIR,N,C,NA,C,NA
8 GARDEN STREET,07042,MONTCLAIR,N,C,NA,C,NA
8 GARFIELD PLACE,07043,MONTCLAIR,N,C,NA,C,NA
8 GLENSIDE TERRACE,07043,MONTCLAIR,N,C,NA,C,NA
8 GODFREY ROAD,07043,MONTCLAIR,N,C,NA,C,NA
8 GRAHAM TERRACE,07042,MONTCLAIR,N,C,NA,C,NA
8 GREENVIEW WAY,07043,MONTCLAIR,N,C,NA,C,NA
8 GROVE TERRACE,07042,MONTCLAIR,N,C,NA,C,NA
8 GEORGE STREET,07042,MONTCLAIR,N,C,NA,C,NA
8 GRAY STREET,07042,MONTCLAIR,N,C,NA,C,NA
8 GRENADA PLACE,07042,MONTCLAIR,Y,C,NA,L,NA
8 HAMILTON TERRACE,07043,MONTCLAIR,N,C,NA,C,NA
8 HARTLEY STREET,07042,MONTCLAIR,N,C,NA,C,NA
8 HAWTHORNE PLACE,07042,MONTCLAIR,N,C,NA,C,NA
8 HELLER DRIVE,07043,MONTCLAIR,N,C,NA,C,NA
8 HIGH TERRACE,07042,MONTCLAIR,N,C,NA,C,NA
8 HILLSIDE AVENUE,07042,MONTCLAIR,N,C,NA,C,NA
8 HILLTOP PLACE,07042,MONTCLAIR,N,C,NA,C,NA
8 HOLLAND TERRACE,07042,MONTCLAIR,N,C,NA,C,NA
8 HOLLYWOOD AVENUE,07042,MONTCLAIR,N,C,NA,C,NA
8 HOMEWOOD WAY,07042,MONTCLAIR,N,C,NA,C,NA
8 HARVARD STREET,07042,MONTCLAIR,N,C,NA,C,NA
8 HIGHMONT TERRACE,07042,MONTCLAIR,Y,UX,NA,UX,NA
8 JAMES STREET,07042,MONTCLAIR,N,C,NA,C,NA
8 KENNETH ROAD,07043,MONTCLAIR,N,C,NA,C,NA
8 KIPS RIDGE,07044,MONTCLAIR,N,C,NA,C,NA
8 LANSING PLACE,07043,MONTCLAIR,N,C,NA,C,NA
8 LASALLE ROAD,07043,MONTCLAIR,N,C,NA,C,NA
8 LAUREL PLACE,07043,MONTCLAIR,N,C,NA,C,NA
8 LEE PLACE,07043,MONTCLAIR,N,C,NA,C,NA
8 LEWIS COURT,07042,MONTCLAIR,N,C,NA,C,NA
8 LEXINGTON AVENUE 1ST,07042,MONTCLAIR,N,C,NA,C,NA
8 LEXINGTON AVENUE 2ND,07042,MONTCLAIR,N,C,NA,C,NA
8 LANE COURT,07043,MONTCLAIR,N,C,NA,C,NA
8 MACOPIN AVENUE,07043,MONTCLAIR,N,C,NA,C,NA
8 MADISON AVENUE,07042,MONTCLAIR,N,C,NA,C,NA
8 MAPLE AVENUE 1ST,07042,MONTCLAIR,N,C,NA,C,NA
8 MAPLE AVENUE-2ND,07042,MONTCLAIR,N,C,NA,C,NA
8 MARQUETTE ROAD,07043,MONTCLAIR,N,C,NA,C,NA
8 MELROSE PLACE,07042,MONTCLAIR,N,C,NA,C,NA
8 MISSION STREET,07042,MONTCLAIR,N,C,NA,C,NA
8 MONROE PLACE,07042,MONTCLAIR,N,C,NA,C,NA
8 MONTCLAIR AVENUE,07043,MONTCLAIR,N,C,NA,C,NA
8 MORNINGSIDE AVENUE,07043,MONTCLAIR,N,C,NA,C,NA
8 MOUNT VERNON ROAD,07043,MONTCLAIR,N,C,NA,C,NA
8 MOUNTAIN PLACE,07043,MONTCLAIR,N,C,NA,C,NA
8 MOUNTNSIDE PARK TERRACE,07043,MONTCLAIR,N,C,NA,C,NA
8 MULFORD LANE,07042,MONTCLAIR,N,C,NA,C,NA
8 MARSTON PLACE,07042,MONTCLAIR,Y,C,NA,G,NA
8 MENDL TERRACE,07042,MONTCLAIR,N,C,NA,C,NA
8 N BROOKWOOD DRIVE,07042,MONTCLAIR,N,C,NA,C,NA
8 N MOUNTAIN AVENUE,07042,MONTCLAIR,N,C,NA,C,NA
8 NASSAU ROAD,07043,MONTCLAIR,N,C,NA,C,NA
8 NEW STREET,07042,MONTCLAIR,N,C,NA,C,NA
8 NORMAN ROAD,07043,MONTCLAIR,N,C,NA,C,NA
8 NOTTING HILL WAY,07042,MONTCLAIR,N,C,NA,C,NA
8 NISHUANE ROAD,07042,MONTCLAIR,Y,C,NA,UX,NA
8 ORCHARD COURT,07042,MONTCLAIR,Y,C,NA,UX,NA
8 OXFORD STREET 1ST,07042,MONTCLAIR,Y,C,NA,G,NA
8 OXFORD STREET 2ND,07042,MONTCLAIR,Y,C,NA,G,NA
8 PARK TERRACE,07043,MONTCLAIR,N,C,NA,C,NA
8 PIERPONT DR,07042,MONTCLAIR,N,C,NA,C,NA
8 PIERSON PLACE,07042,MONTCLAIR,N,C,NA,C,NA
8 PLEASANT AVENUE,07042,MONTCLAIR,N,C,NA,C,NA
8 PROSPECT TERRACE,07042,MONTCLAIR,N,C,NA,C,NA
8 PRESCOTT AVENUE,07042,MONTCLAIR,Y,C,NA,UX,NA
8 RIVERVIEW DRIVE W,07043,MONTCLAIR,N,C,NA,C,NA
8 RUTGERS PLACE,07043,MONTCLAIR,N,C,NA,C,NA
8 ROSEDALE AVENUE,07042,MONTCLAIR,N,C,NA,C,NA
8 S BROOKWOOD DR,07042,MONTCLAIR,N,C,NA,C,NA
8 S MOUNTAIN AVENUE-UNIT A,07042,MONTCLAIR,N,C,NA,C,NA
8 S MOUNTAIN AVENUE-UNIT B,07042,MONTCLAIR,N,C,NA,C,NA
8 S MOUNTAIN AVENUE-UNIT C,07042,MONTCLAIR,N,C,NA,C,NA
8 S MOUNTAIN AVENUE-UNIT D,07042,MONTCLAIR,N,C,NA,C,NA
8 S MOUNTAIN AVENUE-UNIT E,07042,MONTCLAIR,N,C,NA,C,NA
8 SEARS PLACE,07042,MONTCLAIR,N,C,NA,C,NA
8 SKYTOP TERRACE,07043,MONTCLAIR,N,C,NA,C,NA
8 SOUTHERN TERRACE,07042,MONTCLAIR,N,C,NA,C,NA
8 STANFORD PLACE,07042,MONTCLAIR,N,C,NA,C,NA
8 STEPHEN COURT,07043,MONTCLAIR,N,C,NA,C,NA
8 STEPHEN STREET,07042,MONTCLAIR,N,C,NA,C,NA
8 STONEBRIDGE ROAD,07042,MONTCLAIR,N,C,NA,C,NA
8 STONEHENGE ROAD,07043,MONTCLAIR,N,C,NA,C,NA
8 TALBOT STREET,07042,MONTCLAIR,N,C,NA,C,NA
8 TENNIS PLACE,07042,MONTCLAIR,N,C,NA,C,NA
8 THE FAIRWAY,07043,MONTCLAIR,N,C,NA,C,NA
8 TUERS PLACE,07043,MONTCLAIR,N,C,NA,C,NA
8 VALLEY PLACE,07043,MONTCLAIR,N,C,NA,C,NA
8 VAN BREEMEN COURT,07043,MONTCLAIR,N,C,NA,C,NA
8 VICTORIA TERRACE,07043,MONTCLAIR,N,C,NA,C,NA
8 VINCENT PLACE,07042,MONTCLAIR,N,C,NA,C,NA
8 VERA PLACE,07042,MONTCLAIR,Y,C,NA,G,NA
8 WALNUT PARKWAY 1ST,07042,MONTCLAIR,N,C,NA,C,NA
8 WALNUT PARKWAY 2ND,07042,MONTCLAIR,N,C,NA,C,NA
8 WARD PLACE 1ST,07042,MONTCLAIR,N,C,NA,C,NA
8 WARD PLACE 2ND,07042,MONTCLAIR,N,C,NA,C,NA
8 WARMAN STREET,07042,MONTCLAIR,N,C,NA,C,NA
8 WASHINGTON STREET,07042,MONTCLAIR,N,C,NA,C,NA
8 WASHINGTON STREET-2ND,07042,MONTCLAIR,N,C,NA,C,NA
8 WATERBURY ROAD,07043,MONTCLAIR,N,C,NA,C,NA
8 WELLESLEY ROAD,07043,MONTCLAIR,N,C,NA,C,NA
8 WENDOVER ROAD,07042,MONTCLAIR,N,C,NA,C,NA
8 WILFRED STREET,07042,MONTCLAIR,N,C,NA,C,NA
8 WILLIAM STREET,07042,MONTCLAIR,N,C,NA,C,NA
8 WILLOWDALE COURT,07042,MONTCLAIR,N,C,NA,C,NA
8 WILLOWMERE AVENUE,07042,MONTCLAIR,N,C,NA,C,NA
8 WINDSOR PLACE,07043,MONTCLAIR,N,C,NA,C,NA
8 WOODMONT ROAD,07043,MONTCLAIR,N,C,NA,C,NA
8 WARFIELD STREET,07043,MONTCLAIR,N,C,NA,C,NA
8 WHEELER STREET,07042,MONTCLAIR,Y,C,NA,G,NA
8 WILLOWDALE AVENUE,07042,MONTCLAIR,Y,C,NA,UX,NA
8 YALE TERRACE,07042,MONTCLAIR,N,C,NA,C,NA
8-10 ELM STREET,07042,MONTCLAIR,N,C,NA,C,NA
8-10 S FULLERTON AVENUE,07042,MONTCLAIR,N,C,NA,C,NA
80 BELLEVUE AVENUE,07043,MONTCLAIR,N,C,NA,C,NA
80 BUCKINGHAM ROAD,07043,MONTCLAIR,N,C,NA,C,NA
80 BAY STREET,07042,MONTCLAIR,N,C,NA,C,NA
80 CHRISTOPHER STREET,07043,MONTCLAIR,N,C,NA,C,NA
80 CLINTON AVENUE,07042,MONTCLAIR,N,C,NA,C,NA
80 COLUMBUS AVENUE,07042,MONTCLAIR,N,C,NA,C,NA
80 EDGEMONT ROAD,07042,MONTCLAIR,N,C,NA,C,NA
80 ELM STREET,07042,MONTCLAIR,N,C,NA,C,NA
80 GLENRIDGE AVENUE,07042,MONTCLAIR,N,C,NA,C,NA
80 GORDONHURST AVENUE,07043,MONTCLAIR,N,C,NA,C,NA
80 GREENWOOD AVENUE 1ST,07042,MONTCLAIR,N,C,NA,C,NA
80 GREENWOOD AVENUE 2ND,07042,MONTCLAIR,N,C,NA,C,NA
80 GATES AVENUE,07042,MONTCLAIR,N,C,NA,C,NA
80 GROVE STREET,07043,MONTCLAIR,N,C,NA,C,NA
80 HIGHLAND AVENUE,07043,MONTCLAIR,N,C,NA,C,NA
80 INWOOD AVENUE,07043,MONTCLAIR,N,C,NA,C,NA
80 LLOYD ROAD,07042,MONTCLAIR,N,C,NA,C,NA
80 MAPLE AVENUE,07042,MONTCLAIR,N,C,NA,C,NA
80 MIDLAND AVENUE,07042,MONTCLAIR,N,C,NA,C,NA
80 MISSION STREET 1ST,07042,MONTCLAIR,N,C,NA,C,NA
80 MISSION STREET 2ND,07042,MONTCLAIR,N,C,NA,C,NA
80 MONTCLAIR AVENUE,07043,MONTCLAIR,N,C,NA,C,NA
80 N FULLERTON AVENUE,07042,MONTCLAIR,N,C,NA,C,NA
80 NORWOOD AVENUE,07043,MONTCLAIR,N,C,NA,C,NA
80 PINE STREET,07042,MONTCLAIR,N,C,NA,C,NA
80 PLYMOUTH STREET,07042,MONTCLAIR,N,C,NA,C,NA
80 PARK STREET,07043,MONTCLAIR,N,C,NA,C,NA
80 S MOUNTAIN AVENUE,07042,MONTCLAIR,N,C,NA,C,NA
80 UNDERCLIFF ROAD,07042,MONTCLAIR,N,C,NA,C,NA
80 UPPER MOUNTAIN AVENUE,07042,MONTCLAIR,N,C,NA,C,NA
80 VALLEY ROAD 1ST,07043,MONTCLAIR,N,C,NA,C,NA
80 VALLEY ROAD 2ND,07043,MONTCLAIR,N,C,NA,C,NA
80 WATCHUNG AVENUE,07043,MONTCLAIR,N,C,NA,C,NA
800 VALLEY ROAD,07043,MONTCLAIR,N,C,NA,C,NA
802 VALLEY ROAD,07043,MONTCLAIR,N,C,NA,C,NA
81 ALEXANDER AVENUE,07043,MONTCLAIR,N,C,NA,C,NA
81 BUCKINGHAM ROAD,07043,MONTCLAIR,N,C,NA,C,NA
81 CENTRAL AVENUE-1ST,07042,MONTCLAIR,N,C,NA,C,NA
81 CENTRAL AVENUE-2ND,07042,MONTCLAIR,N,C,NA,C,NA
81 CLUB ROAD,07043,MONTCLAIR,N,C,NA,C,NA
81 CHRISTOPHER STREET,07043,MONTCLAIR,N,C,NA,C,NA
81 CLAREMONT AVENUE,07042,MONTCLAIR,N,C,NA,C,NA
81 EDGEMONT ROAD,07042,MONTCLAIR,N,C,NA,C,NA
81 GORDONHURST AVENUE,07043,MONTCLAIR,N,C,NA,C,NA
81 GREENWOOD AVENUE,07042,MONTCLAIR,N,C,NA,C,NA
81 GROVE STREET,07043,MONTCLAIR,N,C,NA,C,NA
81 GLENRIDGE AVENUE,07042,MONTCLAIR,Y,C,NA,UX,NA
81 HAWTHORNE PLACE,07042,MONTCLAIR,N,C,NA,C,NA
81 HELLER WAY,07043,MONTCLAIR,N,C,NA,C,NA
81 INWOOD AVENUE,07043,MONTCLAIR,N,C,NA,C,NA
81 MIDLAND AVENUE,07042,MONTCLAIR,N,C,NA,C,NA
81 MISSION STREET,07042,MONTCLAIR,N,C,NA,C,NA
81 MONTAGUE PLACE,07042,MONTCLAIR,N,C,NA,C,NA
81 MOUNT HEBRON ROAD,07043,MONTCLAIR,N,C,NA,C,NA
81 MONTCLAIR AVENUE,07043,MONTCLAIR,N,C,NA,C,NA
81 N FULLERTON AVENUE,07042,MONTCLAIR,Y,C,NA,L,NA
81 PORTER PLACE,07042,MONTCLAIR,N,C,NA,C,NA
81 PROSPECT AVENUE,07042,MONTCLAIR,Y,C,NA,O,BRASS
81 S MOUNTAIN AVENUE,07042,MONTCLAIR,N,C,NA,C,NA
81 WATCHUNG AVENUE,07043,MONTCLAIR,N,C,NA,C,NA
81 WILDWOOD AVENUE,07043,MONTCLAIR,N,C,NA,C,NA
81 WILLOWDALE AVENUE,07042,MONTCLAIR,N,C,NA,C,NA
816 VALLEY ROAD,07043,MONTCLAIR,N,C,NA,C,NA
818 VALLEY ROAD,07043,MONTCLAIR,N,C,NA,C,NA
819 BLOOMFIELD AVENUE,07042,MONTCLAIR,N,C,NA,C,NA
81A ALEXANDER AVENUE,07043,MONTCLAIR,N,C,NA,C,NA
82 CHRISTOPHER STREET,07043,MONTCLAIR,N,C,NA,C,NA
82 COLUMBUS AVENUE,07042,MONTCLAIR,N,C,NA,C,NA
82 COOPER AVENUE,07043,MONTCLAIR,N,C,NA,C,NA
82 EDGEMONT ROAD,07042,MONTCLAIR,N,C,NA,C,NA
82 ELM STREET,07042,MONTCLAIR,N,C,NA,C,NA
82 ESSEX AVENUE,07042,MONTCLAIR,N,C,NA,C,NA
82 EAGLE ROCK WAY,07042,MONTCLAIR,N,C,NA,C,NA
82 GATES AVENUE,07042,MONTCLAIR,N,C,NA,C,NA
82 GORDONHURST AVENUE,07043,MONTCLAIR,N,C,NA,C,NA
82 GREENWOOD AVENUE,07042,MONTCLAIR,N,C,NA,C,NA
82 GROVE STREET,07043,MONTCLAIR,N,C,NA,C,NA
82 INWOOD AVENUE,07043,MONTCLAIR,Y,C,NA,L,NA
82 MIDLAND AVENUE,07042,MONTCLAIR,N,C,NA,C,NA
82 MOUNT HEBRON ROAD,07043,MONTCLAIR,N,C,NA,C,NA
82 MYRTLE AVENUE,07042,MONTCLAIR,N,C,NA,C,NA
82 N FULLERTON AVENUE,07042,MONTCLAIR,N,C,NA,C,NA
82 PARK STREET-1ST,07043,MONTCLAIR,N,C,NA,C,NA
82 PARK STREET-2ND,07043,MONTCLAIR,N,C,NA,C,NA
82 PINE STREET,07042,MONTCLAIR,N,C,NA,C,NA
82 STONEBRIDGE ROAD,07042,MONTCLAIR,N,C,NA,C,NA
82 UNION STREET,07042,MONTCLAIR,N,C,NA,C,NA
82 VALLEY ROAD,07043,MONTCLAIR,N,C,NA,C,NA
82 WATCHUNG AVENUE,07043,MONTCLAIR,N,C,NA,C,NA
82 WILLOWDALE AVENUE,07042,MONTCLAIR,N,C,NA,C,NA
82 YANTACAW BROOK ROAD,07043,MONTCLAIR,N,C,NA,C,NA
82-84 CHURCH STREET,07042,MONTCLAIR,N,C,NA,C,NA
82-A MISSION STREET 1ST,07042,MONTCLAIR,N,C,NA,C,NA
82-A MISSION STREET 2ND,07042,MONTCLAIR,N,C,NA,C,NA
82-B MISSION STREET 1ST,07042,MONTCLAIR,N,C,NA,C,NA
820 VALLEY ROAD,07043,MONTCLAIR,N,C,NA,C,NA
821 BLOOMFIELD AVENUE,07042,MONTCLAIR,Y,C,NA,O,BRASS
822 VALLEY ROAD,07043,MONTCLAIR,N,C,NA,C,NA
823 BLOOMFIELD AVENUE,07042,MONTCLAIR,N,C,NA,C,NA
824 VALLEY ROAD,07043,MONTCLAIR,N,C,NA,C,NA
825 BLOOMFIELD AVENUE,07042,MONTCLAIR,N,C,NA,C,NA
827 BLOOMFIELD AVENUE,07042,MONTCLAIR,Y,C,NA,O,Brass
828 BLOOMFIELD AVENUE,07042,MONTCLAIR,N,C,NA,C,NA
829 BLOOMFIELD AVENUE,07042,MONTCLAIR,Y,C,NA,O,Brass
83 ALEXANDER AVENUE,07043,MONTCLAIR,N,C,NA,C,NA
83 BAY STREET #10D,07042,MONTCLAIR,N,C,NA,C,NA
83 BAY STREET #11D,07042,MONTCLAIR,N,C,NA,C,NA
83 BAY STREET #8D,07042,MONTCLAIR,N,C,NA,C,NA
83 BAY STREET #9D,07042,MONTCLAIR,N,C,NA,C,NA
83 BAY STREET - A-1,07042,MONTCLAIR,N,C,NA,C,NA
83 BAY STREET - A-2,07042,MONTCLAIR,N,C,NA,C,NA
83 BAY STREET - A-3,07042,MONTCLAIR,N,C,NA,C,NA
83 BAY STREET C7,07042,MONTCLAIR,N,C,NA,C,NA
"83 BAY STREET, B-4",07042,MONTCLAIR,N,C,NA,C,NA
"83 BAY STREET, B.5",07042,MONTCLAIR,N,C,NA,C,NA
"83 BAY STREET, C-6",07042,MONTCLAIR,N,C,NA,C,NA
83 BUCKINGHAM ROAD,07043,MONTCLAIR,N,C,NA,C,NA
83 BEVERLY ROAD,07043,MONTCLAIR,N,C,NA,C,NA
83 CENTRAL AVENUE,07042,MONTCLAIR,N,C,NA,C,NA
83 CHRISTOPHER STREET,07043,MONTCLAIR,N,C,NA,C,NA
83 EDGEMONT ROAD,07042,MONTCLAIR,N,C,NA,C,NA
83 ESSEX AVENUE,07042,MONTCLAIR,N,C,NA,C,NA
83 GROVE STREET,07043,MONTCLAIR,N,C,NA,C,NA
83 GORDONHURST AVENUE,07043,MONTCLAIR,Y,C,NA,UX,NA
83 HIGH STREET,07042,MONTCLAIR,N,C,NA,C,NA
83 INWOOD AVENUE,07043,MONTCLAIR,N,C,NA,C,NA
83 LLOYD ROAD,07042,MONTCLAIR,N,C,NA,C,NA
83 LINCOLN STREET,07042,MONTCLAIR,Y,C,NA,UX,NA
83 MONTAGUE PLACE,07042,MONTCLAIR,N,C,NA,C,NA
83 MONTCLAIR AVENUE,07043,MONTCLAIR,N,C,NA,C,NA
83 N FULLERTON AVENUE,07042,MONTCLAIR,N,C,NA,C,NA
83 N MOUNTAIN AVENUE,07042,MONTCLAIR,N,C,NA,C,NA
83 NORMAL AVENUE,07043,MONTCLAIR,N,C,NA,C,NA
83 PARK STREET,07043,MONTCLAIR,N,C,NA,C,NA
83 PLYMOUTH STREET,07042,MONTCLAIR,N,C,NA,C,NA
83 S FULLERTON AVENUE,07042,MONTCLAIR,N,C,NA,C,NA
83 UNION STREET,07042,MONTCLAIR,N,C,NA,C,NA
83 WALNUT STREET,07042,MONTCLAIR,N,C,NA,C,NA
83 WARREN PLACE,07042,MONTCLAIR,N,C,NA,C,NA
83 WATCHUNG AVENUE,07043,MONTCLAIR,N,C,NA,C,NA
83 WILLOWDALE AVENUE,07042,MONTCLAIR,N,C,NA,C,NA
83 WILDWOOD AVENUE,07043,MONTCLAIR,N,C,NA,C,NA
83-87 FOREST STREET,07042,MONTCLAIR,N,C,NA,C,NA
832 VALLEY ROAD,07043,MONTCLAIR,Y,C,NA,G,NA
836 BLOOMFIELD AVENUE,07042,MONTCLAIR,N,C,NA,C,NA
836 BLOOMFIELD AVENUE,07042,MONTCLAIR,Y,C,NA,UX,NA
84 BAY STREET,07042,MONTCLAIR,N,C,NA,C,NA
84 BUCKINGHAM ROAD,07043,MONTCLAIR,N,C,NA,C,NA
84 CLINTON AVENUE,07042,MONTCLAIR,Y,C,NA,O,BRASS
84 EDGEMONT ROAD,07042,MONTCLAIR,N,C,NA,C,NA
84 ELM STREET,07042,MONTCLAIR,N,C,NA,C,NA
84 GORDONHURST AVENUE,07043,MONTCLAIR,N,C,NA,C,NA
84 GREENWOOD AVENUE,07042,MONTCLAIR,N,C,NA,C,NA
84 GROVE STREET,07043,MONTCLAIR,N,C,NA,C,NA
84 HIGHLAND AVENUE,07043,MONTCLAIR,N,C,NA,C,NA
84 INWOOD AVENUE,07043,MONTCLAIR,Y,C,NA,G,NA
84 LLEWELLYN ROAD,07042,MONTCLAIR,N,C,NA,C,NA
84 MAPLE AVENUE,07042,MONTCLAIR,N,C,NA,C,NA
84 MIDLAND AVENUE,07042,MONTCLAIR,N,C,NA,C,NA
84 MONTCLAIR AVENUE,07043,MONTCLAIR,N,C,NA,C,NA
84 MOUNT HEBRON ROAD,07043,MONTCLAIR,N,C,NA,C,NA
84 MYRTLE AVENUE,07042,MONTCLAIR,N,C,NA,C,NA
84 ORANGE ROAD,07042,MONTCLAIR,N,C,NA,C,NA
84 PINE STREET,07042,MONTCLAIR,N,C,NA,C,NA
84 PARK STREET 1ST,07043,MONTCLAIR,N,C,NA,C,NA
84 PARK STREET 2ND,07043,MONTCLAIR,N,C,NA,C,NA
84 VALLEY ROAD 1ST,07043,MONTCLAIR,N,C,NA,C,NA
84 VALLEY ROAD 2ND,07043,MONTCLAIR,N,C,NA,C,NA
84 WATCHUNG AVENUE,07043,MONTCLAIR,N,C,NA,C,NA
84 YANTACAW BROOK ROAD,07043,MONTCLAIR,N,C,NA,C,NA
84-B MISSION STREET,07042,MONTCLAIR,N,C,NA,C,NA
840 BLOOMFIELD AVENUE,07042,MONTCLAIR,N,C,NA,C,NA
848 VALLEY ROAD,07043,MONTCLAIR,N,C,NA,C,NA
85 BAY STREET,07042,MONTCLAIR,N,C,NA,C,NA
85 BEVERLY ROAD,07043,MONTCLAIR,N,C,NA,C,NA
85 CHRISTOPHER STREET,07043,MONTCLAIR,N,C,NA,C,NA
85 CLINTON AVENUE,07042,MONTCLAIR,Y,C,NA,L,NA
85 EDGEMONT ROAD,07042,MONTCLAIR,N,C,NA,C,NA
85 ELM STREET,07042,MONTCLAIR,N,C,NA,C,NA
85 ESSEX AVENUE,07042,MONTCLAIR,N,C,NA,C,NA
85 GORDONHURST AVENUE,07043,MONTCLAIR,N,C,NA,C,NA
85 GREENWOOD AVENUE,07042,MONTCLAIR,N,C,NA,C,NA
85 GROVE STREET,07043,MONTCLAIR,N,C,NA,C,NA
85 INWOOD AVENUE,07043,MONTCLAIR,N,C,NA,C,NA
85 LINCOLN STREET,07042,MONTCLAIR,N,C,NA,C,NA
85 MISSION STREET 1ST,07042,MONTCLAIR,Y,C,NA,UX,NA
85 MISSION STREET 2ND,07042,MONTCLAIR,Y,C,NA,UX,NA
85 N FULLERTON AVENUE,07042,MONTCLAIR,N,C,NA,C,NA
85 NORWOOD AVENUE,07043,MONTCLAIR,N,C,NA,C,NA
85 PARK STREET,07043,MONTCLAIR,N,C,NA,C,NA
85 PORTER PLACE,07042,MONTCLAIR,N,C,NA,C,NA
85 STONEBRIDGE ROAD,07042,MONTCLAIR,Y,C,NA,UX,NA
85 UNDERCLIFF ROAD,07042,MONTCLAIR,N,C,NA,C,NA
85 UPPER MOUNTAIN AVENUE,07042,MONTCLAIR,N,C,NA,C,NA
85 WALNUT STREET,07042,MONTCLAIR,N,C,NA,C,NA
85 WILDWOOD AVENUE,07043,MONTCLAIR,N,C,NA,C,NA
85 WILLOWDALE AVENUE,07042,MONTCLAIR,N,C,NA,C,NA
85-A WALNUT STREET,07042,MONTCLAIR,N,C,NA,C,NA
850 BLOOMFIELD AVENUE,07042,MONTCLAIR,N,C,NA,C,NA
851 VALLEY ROAD,07043,MONTCLAIR,N,C,NA,C,NA
852 VALLEY ROAD,07043,MONTCLAIR,N,C,NA,C,NA
85A WALNUT STREET -FIRE LINE,07042,MONTCLAIR,N,C,NA,C,NA
86 ALEXANDER AVENUE,07043,MONTCLAIR,N,C,NA,C,NA
86 BAY STREET,07042,MONTCLAIR,N,C,NA,C,NA
86 COOPER AVENUE,07043,MONTCLAIR,N,C,NA,C,NA
86 CHRISTOPHER STREET,07043,MONTCLAIR,N,C,NA,C,NA
86 CLINTON AVENUE,07042,MONTCLAIR,N,C,NA,C,NA
86 EDGEMONT ROAD,07042,MONTCLAIR,N,C,NA,C,NA
86 ELM STREET,07042,MONTCLAIR,N,C,NA,C,NA
86 EAGLE ROCK WAY,07042,MONTCLAIR,N,C,NA,C,NA
86 GATES AVENUE,07042,MONTCLAIR,N,C,NA,C,NA
86 GORDONHURST AVENUE,07043,MONTCLAIR,N,C,NA,C,NA
86 GREENWOOD AVENUE 1ST,07042,MONTCLAIR,N,C,NA,C,NA
86 GREENWOOD AVENUE 2ND,07042,MONTCLAIR,N,C,NA,C,NA
86 GREENWOOD AVENUE-3RD,07042,MONTCLAIR,N,C,NA,C,NA
86 GROVE STREET,07043,MONTCLAIR,N,C,NA,C,NA
86 HIGHLAND AVENUE,07043,MONTCLAIR,N,C,NA,C,NA
86 HAWTHORNE PLACE,07042,MONTCLAIR,N,C,NA,C,NA
86 INWOOD AVENUE,07043,MONTCLAIR,N,C,NA,C,NA
86 LLEWELLYN ROAD,07042,MONTCLAIR,N,C,NA,C,NA
86 MAPLE AVENUE 1ST,07042,MONTCLAIR,N,C,NA,C,NA
86 MAPLE AVENUE 2ND,07042,MONTCLAIR,N,C,NA,C,NA
86 MIDLAND AVENUE,07042,MONTCLAIR,N,C,NA,C,NA
86 MISSION STREET,07042,MONTCLAIR,N,C,NA,C,NA
86 MONTCLAIR AVENUE,07043,MONTCLAIR,N,C,NA,C,NA
86 MOUNT HEBRON ROAD,07043,MONTCLAIR,N,C,NA,C,NA
86 N FULLERTON AVENUE,07042,MONTCLAIR,N,C,NA,C,NA
86 PARK STREET 1ST,07043,MONTCLAIR,N,C,NA,C,NA
86 PARK STREET-2ND,07043,MONTCLAIR,N,C,NA,C,NA
86 PROSPECT AVENUE,07042,MONTCLAIR,N,C,NA,C,NA
86 PORTER PLACE,07042,MONTCLAIR,Y,C,NA,L,NA
86 VALLEY ROAD,07043,MONTCLAIR,N,C,NA,C,NA
86 WATCHUNG AVENUE,07043,MONTCLAIR,N,C,NA,C,NA
86 WILDWOOD AVENUE,07043,MONTCLAIR,N,C,NA,C,NA
86 WARREN PLACE,07042,MONTCLAIR,N,C,NA,C,NA
86 WILLOWDALE AVENUE,07042,MONTCLAIR,N,C,NA,C,NA
86 YANTACAW BROOK ROAD,07043,MONTCLAIR,N,C,NA,C,NA
860 VALLEY ROAD,07043,MONTCLAIR,Y,C,NA,L,NA
87 ALEXANDER AVENUE,07043,MONTCLAIR,N,C,NA,C,NA
87 BAY STREET,07042,MONTCLAIR,N,C,NA,C,NA
87 BELLEVUE AVENUE,07043,MONTCLAIR,N,C,NA,C,NA
87 BUCKINGHAM ROAD,07043,MONTCLAIR,N,C,NA,C,NA
87 BEVERLY ROAD,07043,MONTCLAIR,Y,C,NA,UX,NA
87 CENTRAL AVENUE,07042,MONTCLAIR,N,C,NA,C,NA
87 CHESTNUT STREET,07042,MONTCLAIR,N,C,NA,C,NA
87 CHRISTOPHER STREET,07043,MONTCLAIR,N,C,NA,C,NA
87 COOPER AVENUE,07043,MONTCLAIR,N,C,NA,C,NA
87 EDGEMONT ROAD,07042,MONTCLAIR,N,C,NA,C,NA
87 ESSEX AVENUE,07042,MONTCLAIR,N,C,NA,C,NA
87 ELM STREET,07042,MONTCLAIR,N,C,NA,C,NA
87 GORDONHURST AVENUE,07043,MONTCLAIR,N,C,NA,C,NA
87 GROVE STREET,07043,MONTCLAIR,N,C,NA,C,NA
87 HELLER WAY,07043,MONTCLAIR,N,C,NA,C,NA
87 HIGH STREET,07042,MONTCLAIR,N,C,NA,C,NA
87 INWOOD AVENUE,07043,MONTCLAIR,N,C,NA,C,NA
87 LORRAINE AVENUE,07043,MONTCLAIR,N,C,NA,C,NA
87 LLOYD ROAD,07042,MONTCLAIR,Y,C,NA,L,NA
87 MIDLAND AVENUE,07042,MONTCLAIR,N,C,NA,C,NA
87 MISSION STREET,07042,MONTCLAIR,N,C,NA,C,NA
87 N FULLERTON AVENUE,07042,MONTCLAIR,N,C,NA,C,NA
87 N MOUNTAIN AVENUE,07042,MONTCLAIR,N,C,NA,C,NA
87 PARK STREET,07043,MONTCLAIR,N,C,NA,C,NA
87 PINE STREET,07042,MONTCLAIR,N,C,NA,C,NA
87 PROSPECT AVENUE,07042,MONTCLAIR,N,C,NA,C,NA
87 S MOUNTAIN AVENUE,07042,MONTCLAIR,N,C,NA,C,NA
87 UNION STREET,07042,MONTCLAIR,Y,C,NA,UX,NA
87 VALLEY ROAD,07043,MONTCLAIR,Y,C,NA,UX,NA
87 WARREN PLACE,07042,MONTCLAIR,N,C,NA,C,NA
87 WILDWOOD AVENUE,07043,MONTCLAIR,N,C,NA,C,NA
87 WILLOWDALE AVENUE,07042,MONTCLAIR,N,C,NA,C,NA
87 WATCHUNG AVENUE,07043,MONTCLAIR,N,C,NA,C,NA
87-89 VALLEY ROAD,07043,MONTCLAIR,Y,C,NA,UX,NA
872 GROVE STREET,07043,MONTCLAIR,N,C,NA,C,NA
88 BAY STREET,07042,MONTCLAIR,N,C,NA,C,NA
88 BUCKINGHAM ROAD,07043,MONTCLAIR,N,C,NA,C,NA
88 CLINTON AVENUE,07042,MONTCLAIR,N,C,NA,C,NA
88 COOPER AVENUE,07043,MONTCLAIR,N,C,NA,C,NA
88 ELM STREET,07042,MONTCLAIR,N,C,NA,C,NA
88 EDGEMONT ROAD,07042,MONTCLAIR,N,C,NA,C,NA
88 GORDONHURST AVENUE,07043,MONTCLAIR,N,C,NA,C,NA
88 GROVE STREET,07043,MONTCLAIR,N,C,NA,C,NA
88 GROVE STREET 1ST FL,07043,MONTCLAIR,N,C,NA,C,NA
88 GREENWOOD AVENUE 1ST,07042,MONTCLAIR,Y,C,NA,UX,NA
88 GREENWOOD AVENUE 2ND,07042,MONTCLAIR,Y,C,NA,UX,NA
88 HIGH STREET,07042,MONTCLAIR,Y,C,NA,L,NA
88 INWOOD AVENUE,07043,MONTCLAIR,N,C,NA,C,NA
88 LINCOLN STREET,07042,MONTCLAIR,N,C,NA,C,NA
88 LORRAINE AVENUE,07043,MONTCLAIR,N,C,NA,C,NA
88 MONTCLAIR AVENUE,07043,MONTCLAIR,N,C,NA,C,NA
88 MOUNT HEBRON ROAD,07043,MONTCLAIR,N,C,NA,C,NA
88 MAPLE AVENUE,07042,MONTCLAIR,Y,C,NA,G,NA
88 NORWOOD AVENUE,07043,MONTCLAIR,N,C,NA,C,NA
88 PARK STREET,07043,MONTCLAIR,N,C,NA,C,NA
88 PORTER PLACE,07042,MONTCLAIR,N,C,NA,C,NA
88 S MOUNTAIN AVENUE,07042,MONTCLAIR,N,C,NA,C,NA
88 UNDERCLIFF ROAD,07042,MONTCLAIR,N,C,NA,C,NA
88 UPPER MOUNTAIN AVENUE,07042,MONTCLAIR,N,C,NA,C,NA
88 WARREN PLACE,07042,MONTCLAIR,N,C,NA,C,NA
88 WATCHUNG AVENUE,07043,MONTCLAIR,N,C,NA,C,NA
88 WILDWOOD AVENUE,07043,MONTCLAIR,N,C,NA,C,NA
88 WILLOWDALE AVENUE,07042,MONTCLAIR,N,C,NA,C,NA
88 YANTACAW BROOK ROAD,07043,MONTCLAIR,N,C,NA,C,NA
89 BAY STREET,07042,MONTCLAIR,N,C,NA,C,NA
89 BELLEVUE AVENUE,07043,MONTCLAIR,N,C,NA,C,NA
89 BUCKINGHAM ROAD,07043,MONTCLAIR,N,C,NA,C,NA
89 CENTRAL AVENUE,07042,MONTCLAIR,N,C,NA,C,NA
89 CHRISTOPHER STREET,07043,MONTCLAIR,N,C,NA,C,NA
89 CLINTON AVENUE,07042,MONTCLAIR,N,C,NA,C,NA
89 COOPER AVENUE,07043,MONTCLAIR,N,C,NA,C,NA
89 ELM STREET,07042,MONTCLAIR,N,C,NA,C,NA
89 EDGEMONT ROAD,07042,MONTCLAIR,N,C,NA,C,NA
89 ESSEX AVENUE,07042,MONTCLAIR,N,C,NA,C,NA
89 GORDONHURST AVENUE,07043,MONTCLAIR,N,C,NA,C,NA
89 GROVE STREET,07043,MONTCLAIR,N,C,NA,C,NA
89 HADDON PLACE,07043,MONTCLAIR,N,C,NA,C,NA
89 HIGH STREET,07042,MONTCLAIR,N,C,NA,C,NA
89 HIGHLAND AVENUE,07043,MONTCLAIR,N,C,NA,C,NA
89 INWOOD AVENUE,07043,MONTCLAIR,Y,C,NA,L,NA
89 LINCOLN STREET,07042,MONTCLAIR,N,C,NA,C,NA
89 LLEWELLYN ROAD,07042,MONTCLAIR,N,C,NA,C,NA
89 NORWOOD AVENUE,07043,MONTCLAIR,N,C,NA,C,NA
89 ORANGE ROAD,07042,MONTCLAIR,N,C,NA,C,NA
89 PINE STREET,07042,MONTCLAIR,N,C,NA,C,NA
89 PORTER PLACE,07042,MONTCLAIR,N,C,NA,C,NA
89 PARK STREET 1ST,07043,MONTCLAIR,N,C,NA,C,NA
89 PARK STREET 2ND,07043,MONTCLAIR,Y,C,NA,L,NA
89 PARK STREET 3RD,07043,MONTCLAIR,Y,C,NA,L,NA
89 S MOUNTAIN AVENUE,07042,MONTCLAIR,N,C,NA,C,NA
89 UNDERCLIFF ROAD,07042,MONTCLAIR,N,C,NA,C,NA
89 UNION STREET,07042,MONTCLAIR,N,C,NA,C,NA
89 WALNUT STREET,07042,MONTCLAIR,N,C,NA,C,NA
89 WATCHUNG AVENUE,07043,MONTCLAIR,N,C,NA,C,NA
89 WILDWOOD AVENUE,07043,MONTCLAIR,N,C,NA,C,NA
89 WILLOWDALE AVENUE,07042,MONTCLAIR,N,C,NA,C,NA
8A WILLARD PLACE,07042,MONTCLAIR,N,C,NA,C,NA
8B WILLARD PLACE,07042,MONTCLAIR,N,C,NA,C,NA
9 ALDEN ROAD,07042,MONTCLAIR,N,C,NA,C,NA
9 ALEXANDER AVENUE,07043,MONTCLAIR,N,C,NA,C,NA
9 AMELIA STREET,07042,MONTCLAIR,N,C,NA,C,NA
9 ARGYLE ROAD,07043,MONTCLAIR,N,C,NA,C,NA
9 BELLAIRE DRIVE,07042,MONTCLAIR,N,C,NA,C,NA
9 BELVIDERE PLACE,07042,MONTCLAIR,N,C,NA,C,NA
9 BRADFORD AVENUE,07043,MONTCLAIR,N,C,NA,C,NA
9 BRAINARD STREET,07043,MONTCLAIR,N,C,NA,C,NA
9 BRIAR HILL ROAD,07042,MONTCLAIR,N,C,NA,C,NA
9 BROOKLAWN ROAD,07042,MONTCLAIR,N,C,NA,C,NA
9 BRUCE ROAD,07043,MONTCLAIR,N,C,NA,C,NA
9 BRUNSWICK ROAD,07042,MONTCLAIR,N,C,NA,C,NA
9 BURNSIDE STREET,07043,MONTCLAIR,N,C,NA,C,NA
9 BELLEGROVE DRIVE,07043,MONTCLAIR,N,C,NA,C,NA
9 BRADFORD AVENUE,07043,MONTCLAIR,N,C,NA,C,NA
9 BRADFORD WAY,07043,MONTCLAIR,N,C,NA,C,NA
9 CARLISLE ROAD,07043,MONTCLAIR,N,C,NA,C,NA
9 CARLTON DRIVE,07043,MONTCLAIR,N,C,NA,C,NA
9 CARRIAGE WAY,07042,MONTCLAIR,N,C,NA,C,NA
9 CARTERET STREET,07043,MONTCLAIR,N,C,NA,C,NA
9 CENTRAL AVENUE 1ST,07042,MONTCLAIR,N,C,NA,C,NA
9 CENTRAL AVENUE 2ND,07042,MONTCLAIR,N,C,NA,C,NA
9 CHRISTOPHER COURT,07042,MONTCLAIR,N,C,NA,C,NA
9 COLUMBUS AVENUE,07042,MONTCLAIR,N,C,NA,C,NA
9 CORNELL WAY,07043,MONTCLAIR,N,C,NA,C,NA
9 CRESTVIEW COURT,07042,MONTCLAIR,N,C,NA,C,NA
9 CAPRON LANE,07043,MONTCLAIR,N,C,NA,C,NA
9 CAREY COURT,07042,MONTCLAIR,N,C,NA,C,NA
9 CAROLIN ROAD,07043,MONTCLAIR,N,C,NA,C,NA
9 CHARLES STREET,07042,MONTCLAIR,N,C,NA,C,NA
9 CHESTER ROAD,07043,MONTCLAIR,N,C,NA,C,NA
9 CLAIRIDGE COURT,07042,MONTCLAIR,N,C,NA,C,NA
9 CLOVERHILL PLACE,07042,MONTCLAIR,Y,C,NA,L,NA
9 CRESTMONT ROAD,07044,MONTCLAIR,N,C,NA,C,NA
9 DURYEA ROAD,07043,MONTCLAIR,N,C,NA,C,NA
9 DRAPER TERRACE,07042,MONTCLAIR,N,C,NA,C,NA
9 EDGEMONT ROAD,07042,MONTCLAIR,N,C,NA,C,NA
9 ELIZABETH ROAD,07043,MONTCLAIR,N,C,NA,C,NA
9 EMERSON PLACE,07043,MONTCLAIR,N,C,NA,C,NA
9 ERWIN PARK ROAD,07042,MONTCLAIR,N,C,NA,C,NA
9 EUCLID PLACE,07042,MONTCLAIR,N,C,NA,C,NA
9 ELSTON ROAD,07043,MONTCLAIR,N,C,NA,C,NA
9 FAIRVIEW PLACE,07043,MONTCLAIR,N,C,NA,C,NA
9 FRANCIS PLACE,07042,MONTCLAIR,N,C,NA,C,NA
9 FULTON STREET,07042,MONTCLAIR,N,C,NA,C,NA
9 FIDELITY PLACE,07042,MONTCLAIR,Y,C,NA,UX,NA
9 FRANKLIN PLACE,07042,MONTCLAIR,N,C,NA,C,NA
9 FRIENDSHIP PLACE 1ST,07042,MONTCLAIR,N,C,NA,C,NA
9 FRIENDSHIP PLACE 2ND,07042,MONTCLAIR,N,C,NA,C,NA
9 GARDEN STREET,07042,MONTCLAIR,N,C,NA,C,NA
9 GARDINER PLACE,07042,MONTCLAIR,N,C,NA,C,NA
9 GLENSIDE TERRACE,07043,MONTCLAIR,N,C,NA,C,NA
9 GLENWOOD ROAD,07043,MONTCLAIR,N,C,NA,C,NA
9 GREENVIEW WAY,07043,MONTCLAIR,N,C,NA,C,NA
9 GRENADA PLACE,07042,MONTCLAIR,N,C,NA,C,NA
9 GROVE TERRACE,07042,MONTCLAIR,N,C,NA,C,NA
9 GARFIELD PLACE,07043,MONTCLAIR,Y,C,NA,UX,NA
9 GLENRIDGE PARKWAY,07042,MONTCLAIR,Y,C,NA,L,NA
9 GODFREY ROAD,07043,MONTCLAIR,N,C,NA,C,NA
9 GRAHAM TERRACE,07042,MONTCLAIR,Y,C,NA,G,NA
9 GRAY STREET,07042,MONTCLAIR,N,C,NA,C,NA
9 HAWTHORNE PLACE,07042,MONTCLAIR,N,C,NA,C,NA
9 HIGH TERRACE,07042,MONTCLAIR,N,C,NA,C,NA
9 HITCHCOCK PLACE,07042,MONTCLAIR,N,C,NA,C,NA
9 HAMILTON TERRACE,07043,MONTCLAIR,N,C,NA,C,NA
9 HARVARD STREET,07042,MONTCLAIR,N,C,NA,C,NA
9 HELLER DRIVE,07043,MONTCLAIR,N,C,NA,C,NA
9 HIGHMONT TERRACE,07042,MONTCLAIR,N,C,NA,C,NA
9 HILLTOP PLACE 1ST,07042,MONTCLAIR,Y,C,NA,G,NA
9 HILLTOP PLACE 2ND,07042,MONTCLAIR,Y,C,NA,UX,NA
9 HOLLYWOOD AVENUE,07042,MONTCLAIR,Y,C,NA,UX,NA
9 JAMES STREET,07042,MONTCLAIR,N,C,NA,C,NA
9 JEROME PLACE,07043,MONTCLAIR,N,C,NA,C,NA
9 KENNETH ROAD,07043,MONTCLAIR,N,C,NA,C,NA
9 KIPS RIDGE,07044,MONTCLAIR,N,C,NA,C,NA
9 LABEL STREET,07042,MONTCLAIR,N,C,NA,C,NA
9 LANSING PLACE,07043,MONTCLAIR,N,C,NA,C,NA
9 LASALLE ROAD,07043,MONTCLAIR,N,C,NA,C,NA
9 LAUREL PLACE,07043,MONTCLAIR,N,C,NA,C,NA
9 LINDEN AVENUE,07042,MONTCLAIR,N,C,NA,C,NA
9 LEXINGTON AVENUE,07042,MONTCLAIR,N,C,NA,C,NA
9 LOCUST DRIVE,07042,MONTCLAIR,N,C,NA,C,NA
9 MARQUETTE ROAD,07043,MONTCLAIR,N,C,NA,C,NA
9 MELROSE PLACE,07042,MONTCLAIR,N,C,NA,C,NA
9 MENDL TERRACE,07042,MONTCLAIR,N,C,NA,C,NA
9 MIDLAND AVENUE,07042,MONTCLAIR,N,C,NA,C,NA
9 MILLER STREET 1ST,07042,MONTCLAIR,N,C,NA,C,NA
9 MILLER STREET 2ND,07042,MONTCLAIR,N,C,NA,C,NA
9 MILLER STREET 3RD,07042,MONTCLAIR,N,C,NA,C,NA
9 MONROE PLACE,07042,MONTCLAIR,N,C,NA,C,NA
9 MONTCLAIR AVENUE,07043,MONTCLAIR,N,C,NA,C,NA
9 MORNINGSIDE AVENUE,07043,MONTCLAIR,N,C,NA,C,NA
9 MOUNT VERNON ROAD,07043,MONTCLAIR,N,C,NA,C,NA
9 MOUNTAIN PLACE,07043,MONTCLAIR,N,C,NA,C,NA
9 MOUNTAIN TERRACE,07043,MONTCLAIR,N,C,NA,C,NA
9 N MOUNTAIN AVENUE,07042,MONTCLAIR,N,C,NA,C,NA
9 NASSAU ROAD,07043,MONTCLAIR,N,C,NA,C,NA
9 NISHUANE ROAD 1ST,07042,MONTCLAIR,N,C,NA,C,NA
9 NISHUANE ROAD 2ND,07042,MONTCLAIR,N,C,NA,C,NA
9 NORTHVIEW AVENUE,07043,MONTCLAIR,N,C,NA,C,NA
9 NORWOOD AVENUE,07043,MONTCLAIR,N,C,NA,C,NA
9 ORCHARD COURT,07042,MONTCLAIR,N,C,NA,C,NA
9 PARKWAY,07043,MONTCLAIR,N,C,NA,C,NA
9 PORTLAND PLACE,07042,MONTCLAIR,N,C,NA,C,NA
9 POTTER COURT,07043,MONTCLAIR,N,C,NA,C,NA
9 PRESCOTT AVENUE,07042,MONTCLAIR,N,C,NA,C,NA
9 PRINCETON PLACE,07043,MONTCLAIR,N,C,NA,C,NA
9 PROSPECT AVENUE,07042,MONTCLAIR,N,C,NA,C,NA
9 PARK TERRACE,07043,MONTCLAIR,N,C,NA,C,NA
9 PATTON PLACE,07043,MONTCLAIR,N,C,NA,C,NA
9 PIERSON PLACE,07042,MONTCLAIR,Y,C,NA,G,NA
9 PLANCHET DRIVE,07042,MONTCLAIR,N,C,NA,C,NA
9 PLEASANT AVENUE,07042,MONTCLAIR,N,C,NA,C,NA
9 PROSPECT TERRACE,07042,MONTCLAIR,N,C,NA,C,NA
9 RIVERVIEW DRIVE W,07043,MONTCLAIR,N,C,NA,C,NA
9 ROSEDALE AVENUE,07042,MONTCLAIR,N,C,NA,C,NA
9 ROCKLEDGE ROAD,07042,MONTCLAIR,N,C,NA,C,NA
9 S BROOKWOOD DRIVE,07042,MONTCLAIR,N,C,NA,C,NA
9 SEARS PLACE,07042,MONTCLAIR,N,C,NA,C,NA
9 SKYTOP TERRACE,07043,MONTCLAIR,N,C,NA,C,NA
9 SOUTHERN TERRACE,07042,MONTCLAIR,N,C,NA,C,NA
9 STANFORD PLACE,07042,MONTCLAIR,N,C,NA,C,NA
9 STEPHEN STREET,07042,MONTCLAIR,N,C,NA,C,NA
9 STREETONEHENGE ROAD,07043,MONTCLAIR,N,C,NA,C,NA
9 SUTHERLAND ROAD,07042,MONTCLAIR,N,C,NA,C,NA
9 TALBOT STREET,07042,MONTCLAIR,N,C,NA,C,NA
9 TENNIS PLACE,07042,MONTCLAIR,N,C,NA,C,NA
9 TICHENOR PLACE,07042,MONTCLAIR,N,C,NA,C,NA
9 TUERS PLACE,07043,MONTCLAIR,N,C,NA,C,NA
9 THE FAIRWAY,07043,MONTCLAIR,N,C,NA,C,NA
9 UNION STREET,07042,MONTCLAIR,N,C,NA,C,NA
9 VALLEY PLACE,07043,MONTCLAIR,N,C,NA,C,NA
9 VAN BREEMEN COURT,07043,MONTCLAIR,N,C,NA,C,NA
9 VERA PLACE,07042,MONTCLAIR,N,C,NA,C,NA
9 VICTORIA TERRACE,07043,MONTCLAIR,N,C,NA,C,NA
9 VINCENT PLACE,07042,MONTCLAIR,N,C,NA,C,NA
9 WARD PLACE,07042,MONTCLAIR,N,C,NA,C,NA
9 WARMAN STREET,07042,MONTCLAIR,N,C,NA,C,NA
9 WARREN PLACE,07042,MONTCLAIR,N,C,NA,C,NA
9 WASHINGTON STREET,07042,MONTCLAIR,N,C,NA,C,NA
9 WENDOVER ROAD,07042,MONTCLAIR,N,C,NA,C,NA
9 WHEELER STREET,07042,MONTCLAIR,N,C,NA,C,NA
9 WILDE PLACE,07042,MONTCLAIR,N,C,NA,C,NA
9 WILFRED STREET,07042,MONTCLAIR,N,C,NA,C,NA
9 WILLOWDALE AVENUE,07042,MONTCLAIR,N,C,NA,C,NA
9 WILLOWDALE COURT,07042,MONTCLAIR,N,C,NA,C,NA
9 WINDEMERE ROAD,07043,MONTCLAIR,N,C,NA,C,NA
9 WOODLAND AVENUE,07042,MONTCLAIR,N,C,NA,C,NA
9 WELLESLEY ROAD,07043,MONTCLAIR,N,C,NA,C,NA
9 WILLARD PLACE,07042,MONTCLAIR,Y,C,NA,UX,NA
9 WINDSOR PLACE,07043,MONTCLAIR,N,C,NA,C,NA
9-11 NEW STREET,07042,MONTCLAIR,N,C,NA,C,NA
9-11 PARK STREET,07043,MONTCLAIR,N,C,NA,C,NA
9-11 SEYMOUR STREET,07042,MONTCLAIR,N,C,NA,C,NA
9.5 MILLER STREET 1ST,07042,MONTCLAIR,N,C,NA,C,NA
9.5 MILLER STREET 2ND,07042,MONTCLAIR,N,C,NA,C,NA
9.5 MILLER STREET 3RD,07042,MONTCLAIR,N,C,NA,C,NA
90 ALEXANDER AVENUE,07043,MONTCLAIR,N,C,NA,C,NA
90 BELLEVUE AVENUE,07043,MONTCLAIR,N,C,NA,C,NA
90 CHRISTOPHER STREET,07043,MONTCLAIR,N,C,NA,C,NA
90 CLAREWILL AVENUE,07043,MONTCLAIR,N,C,NA,C,NA
90 COOPER AVENUE,07043,MONTCLAIR,N,C,NA,C,NA
90 ELM STREET,07042,MONTCLAIR,N,C,NA,C,NA
90 GATES AVENUE,07042,MONTCLAIR,N,C,NA,C,NA
90 GORDONHURST AVENUE,07043,MONTCLAIR,N,C,NA,C,NA
90 GREENWOOD AVENUE-1ST,07042,MONTCLAIR,N,C,NA,C,NA
90 GREENWOOD AVENUE-2ND,07042,MONTCLAIR,N,C,NA,C,NA
90 HARRISON AVENUE,07042,MONTCLAIR,N,C,NA,C,NA
90 LINCOLN STREET,07042,MONTCLAIR,N,C,NA,C,NA
90 MIDLAND AVENUE,07042,MONTCLAIR,N,C,NA,C,NA
90 MONTCLAIR AVENUE,07043,MONTCLAIR,N,C,NA,C,NA
90 MOUNT HEBRON ROAD,07043,MONTCLAIR,N,C,NA,C,NA
90 N MOUNTAIN AVENUE,07042,MONTCLAIR,N,C,NA,C,NA
90 PARK STREET,07043,MONTCLAIR,N,C,NA,C,NA
90 PORTER PLACE,07042,MONTCLAIR,N,C,NA,C,NA
90 UNION STREET,07042,MONTCLAIR,N,C,NA,C,NA
90 WILLOWDALE AVENUE-1ST,07042,MONTCLAIR,N,C,NA,C,NA
90 WILLOWDALE AVENUE-2ND,07042,MONTCLAIR,N,C,NA,C,NA
90 WILDWOOD AVENUE,07043,MONTCLAIR,N,C,NA,C,NA
90 YANTACAW BROOK ROAD,07043,MONTCLAIR,N,C,NA,C,NA
90.5 WILDWOOD AVENUE,07043,MONTCLAIR,N,C,NA,C,NA
90.5 WILDWOOD AVENUE,07043,MONTCLAIR,Y,C,NA,UX,NA
91 BELLEVUE AVENUE,07043,MONTCLAIR,N,C,NA,C,NA
91 BEVERLY ROAD,07043,MONTCLAIR,N,C,NA,C,NA
91 BAY STREET,07042,MONTCLAIR,Y,C,NA,G,NA
91 CENTRAL AVENUE,07042,MONTCLAIR,N,C,NA,C,NA
91 CENTRAL AVENUE-SPRINKLER,07042,MONTCLAIR,N,C,NA,C,NA
91 CLAREWILL AVENUE,07043,MONTCLAIR,N,C,NA,C,NA
91 CHRISTOPHER STREET,07043,MONTCLAIR,N,C,NA,C,NA
91 EDGEMONT ROAD,07042,MONTCLAIR,N,C,NA,C,NA
91 ESSEX AVENUE,07042,MONTCLAIR,N,C,NA,C,NA
91 FOREST STREET - 2ND FL,07042,MONTCLAIR,N,C,NA,C,NA
91 FOREST STREET 1ST,07042,MONTCLAIR,N,C,NA,C,NA
91 GORDONHURST AVENUE,07043,MONTCLAIR,N,C,NA,C,NA
91 GREENWOOD AVENUE,07042,MONTCLAIR,N,C,NA,C,NA
91 HARRISON AVENUE,07042,MONTCLAIR,N,C,NA,C,NA
91 HELLER WAY,07043,MONTCLAIR,N,C,NA,C,NA
91 HADDON PLACE,07043,MONTCLAIR,N,C,NA,C,NA
91 LLOYD ROAD,07042,MONTCLAIR,N,C,NA,C,NA
91 LINCOLN STREET,07042,MONTCLAIR,Y,C,NA,L,NA
91 MAPLE AVENUE,07042,MONTCLAIR,N,C,NA,C,NA
91 MONTCLAIR AVENUE,07043,MONTCLAIR,N,C,NA,C,NA
91 N MOUNTAIN AVENUE,07042,MONTCLAIR,N,C,NA,C,NA
91 NORWOOD AVENUE,07043,MONTCLAIR,N,C,NA,C,NA
91 PARK STREET 1ST,07043,MONTCLAIR,Y,C,NA,UX,NA
91 PARK STREET 2ND,07043,MONTCLAIR,Y,C,NA,UX,NA
91 PARK STREET 3RD,07043,MONTCLAIR,Y,C,NA,UX,NA
91 PINE STREET,07042,MONTCLAIR,Y,C,NA,UX,NA
91 S MOUNTAIN AVENUE,07042,MONTCLAIR,N,C,NA,C,NA
91 WATCHUNG AVENUE,07043,MONTCLAIR,N,C,NA,C,NA
91 WILDWOOD AVENUE,07043,MONTCLAIR,N,C,NA,C,NA
92 BAY STREET,07042,MONTCLAIR,N,C,NA,C,NA
92 BELLEVUE AVENUE,07043,MONTCLAIR,N,C,NA,C,NA
92 BUCKINGHAM ROAD,07043,MONTCLAIR,N,C,NA,C,NA
92 CHURCH STREET,07042,MONTCLAIR,N,C,NA,C,NA
92 COOPER AVENUE,07043,MONTCLAIR,N,C,NA,C,NA
92 EAGLE ROCK WAY,07042,MONTCLAIR,N,C,NA,C,NA
92 EDGEMONT ROAD,07042,MONTCLAIR,N,C,NA,C,NA
92 GORDONHURST AVENUE,07043,MONTCLAIR,N,C,NA,C,NA
92 HIGH STREET,07042,MONTCLAIR,N,C,NA,C,NA
92 LINCOLN STREET,07042,MONTCLAIR,N,C,NA,C,NA
92 LLEWELLYN ROAD,07042,MONTCLAIR,N,C,NA,C,NA
92 LORRAINE AVENUE,07043,MONTCLAIR,N,C,NA,C,NA
92 LLOYD ROAD,07042,MONTCLAIR,N,C,NA,C,NA
92 MIDLAND AVENUE,07042,MONTCLAIR,N,C,NA,C,NA
92 MONTCLAIR AVENUE,07043,MONTCLAIR,N,C,NA,C,NA
92 MOUNT HEBRON ROAD,07043,MONTCLAIR,N,C,NA,C,NA
92 NORWOOD AVENUE,07043,MONTCLAIR,N,C,NA,C,NA
92 OVERLOOK ROAD,07043,MONTCLAIR,Y,C,NA,UX,NA
92 PARK STREET,07043,MONTCLAIR,N,C,NA,C,NA
92 S FULLERTON AVENUE,07042,MONTCLAIR,N,C,NA,C,NA
92 UNION STREET,07042,MONTCLAIR,N,C,NA,C,NA
92 WALNUT STREET,07042,MONTCLAIR,N,C,NA,C,NA
92 WATCHUNG AVENUE 1ST,07043,MONTCLAIR,N,C,NA,C,NA
92 WATCHUNG AVENUE 2ND,07043,MONTCLAIR,N,C,NA,C,NA
92 WILDWOOD AVENUE,07043,MONTCLAIR,N,C,NA,C,NA
92 WILLOWDALE AVENUE 1ST,07042,MONTCLAIR,N,C,NA,C,NA
92 WILLOWDALE AVENUE 2ND,07042,MONTCLAIR,N,C,NA,C,NA
92-94 ELM STREET,07042,MONTCLAIR,N,C,NA,C,NA
92A GROVE STREET,07043,MONTCLAIR,N,C,NA,C,NA
92B GROVE STREET,07043,MONTCLAIR,N,C,NA,C,NA
93 BUCKINGHAM ROAD,07043,MONTCLAIR,N,C,NA,C,NA
93 BAY STREET,07042,MONTCLAIR,N,C,NA,C,NA
93 COOPER AVENUE,07043,MONTCLAIR,N,C,NA,C,NA
93 CHRISTOPHER STREET,07043,MONTCLAIR,N,C,NA,C,NA
93 ELM STREET,07042,MONTCLAIR,N,C,NA,C,NA
93 FOREST STREET,07042,MONTCLAIR,Y,C,NA,G,NA
93 GORDONHURST AVENUE,07043,MONTCLAIR,N,C,NA,C,NA
93 HARRISON AVENUE,07042,MONTCLAIR,N,C,NA,C,NA
93 LINCOLN STREET,07042,MONTCLAIR,N,C,NA,C,NA
93 LORRAINE AVENUE,07043,MONTCLAIR,Y,C,NA,L,NA
93 MONTCLAIR AVENUE,07043,MONTCLAIR,N,C,NA,C,NA
93 N MOUNTAIN AVENUE,07042,MONTCLAIR,N,C,NA,C,NA
93 OVERLOOK ROAD,07043,MONTCLAIR,N,C,NA,C,NA
93 PINE STREET,07042,MONTCLAIR,N,C,NA,C,NA
93 PROSPECT AVENUE,07042,MONTCLAIR,N,C,NA,C,NA
93 STONEBRIDGE ROAD,07042,MONTCLAIR,N,C,NA,C,NA
93 UNION STREET,07042,MONTCLAIR,N,C,NA,C,NA
93 VALLEY ROAD,07043,MONTCLAIR,N,C,NA,C,NA
93 WILDWOOD AVENUE,07043,MONTCLAIR,N,C,NA,C,NA
93 WATCHUNG AVENUE,07043,MONTCLAIR,Y,C,NA,G,NA
94 ALEXANDER AVENUE,07043,MONTCLAIR,N,C,NA,C,NA
94 BELLEVUE AVENUE,07043,MONTCLAIR,N,C,NA,C,NA
94 CHRISTOPHER STREET,07043,MONTCLAIR,N,C,NA,C,NA
94 CHURCH STREET,07042,MONTCLAIR,N,C,NA,C,NA
94 CLAREWILL AVENUE,07043,MONTCLAIR,N,C,NA,C,NA
94 COOPER AVENUE,07043,MONTCLAIR,N,C,NA,C,NA
94 GATES AVENUE,07042,MONTCLAIR,N,C,NA,C,NA
94 GORDONHURST AVENUE,07043,MONTCLAIR,N,C,NA,C,NA
94 HADDON PLACE,07043,MONTCLAIR,N,C,NA,C,NA
94 LINCOLN STREET 2ND,07042,MONTCLAIR,N,C,NA,C,NA
94 LINCOLN STREET,07042,MONTCLAIR,Y,C,NA,UX,NA
94 LINCOLN STREET 1ST,07042,MONTCLAIR,Y,C,NA,UX,NA
94 MIDLAND AVENUE,07042,MONTCLAIR,N,C,NA,C,NA
94 MONTCLAIR AVENUE,07043,MONTCLAIR,N,C,NA,C,NA
94 MOUNT HEBRON ROAD,07043,MONTCLAIR,N,C,NA,C,NA
94 N MOUNTAIN AVENUE,07042,MONTCLAIR,N,C,NA,C,NA
94 OVERLOOK ROAD,07043,MONTCLAIR,N,C,NA,C,NA
94 PINE STREET,07042,MONTCLAIR,N,C,NA,C,NA
94 PARK STREET,07043,MONTCLAIR,N,C,NA,C,NA
94 S FULLERTON AVENUE,07042,MONTCLAIR,Y,C,NA,L,NA
94 S MOUNTAIN AVENUE,07042,MONTCLAIR,N,C,NA,C,NA
94 VALLEY ROAD,07043,MONTCLAIR,N,C,NA,C,NA
94 WALNUT STREET,07042,MONTCLAIR,N,C,NA,C,NA
94 WALNUT STREET-APTS,07042,MONTCLAIR,N,C,NA,C,NA
94 WARREN PLACE,07042,MONTCLAIR,N,C,NA,C,NA
94 WATCHUNG AVENUE,07043,MONTCLAIR,N,C,NA,C,NA
94 WILDWOOD AVENUE,07043,MONTCLAIR,N,C,NA,C,NA
94 WILLOWDALE AVENUE,07042,MONTCLAIR,N,C,NA,C,NA
94 YANTACAW BROOK ROAD,07043,MONTCLAIR,N,C,NA,C,NA
94A GROVE STREET,07043,MONTCLAIR,N,C,NA,C,NA
94B GROVE STREET,07043,MONTCLAIR,N,C,NA,C,NA
95 BAY STREET,07042,MONTCLAIR,N,C,NA,C,NA
95 BEVERLY ROAD,07043,MONTCLAIR,N,C,NA,C,NA
95 CENTRAL AVENUE,07042,MONTCLAIR,N,C,NA,C,NA
95 COOPER AVENUE,07043,MONTCLAIR,N,C,NA,C,NA
95 ELM STREET,07042,MONTCLAIR,N,C,NA,C,NA
95 ESSEX AVENUE,07042,MONTCLAIR,N,C,NA,C,NA
95 GORDONHURST AVENUE,07043,MONTCLAIR,N,C,NA,C,NA
95 GROVE STREET,07043,MONTCLAIR,N,C,NA,C,NA
95 HADDON PLACE,07043,MONTCLAIR,N,C,NA,C,NA
95 HARRISON AVENUE,07042,MONTCLAIR,N,C,NA,C,NA
95 HELLER WAY,07043,MONTCLAIR,N,C,NA,C,NA
95 INWOOD AVENUE,07043,MONTCLAIR,N,C,NA,C,NA
95 LINCOLN STREET,07042,MONTCLAIR,N,C,NA,C,NA
95 LORRAINE AVENUE,07043,MONTCLAIR,Y,C,NA,G,NA
95 MONTCLAIR AVENUE,07043,MONTCLAIR,N,C,NA,C,NA
95 OVERLOOK ROAD,07043,MONTCLAIR,N,C,NA,C,NA
95 PARK STREET,07043,MONTCLAIR,N,C,NA,C,NA
95 PINE STREET,07042,MONTCLAIR,N,C,NA,C,NA
95 S MOUNTAIN AVENUE,07042,MONTCLAIR,N,C,NA,C,NA
95 SUMMIT AVENUE,07043,MONTCLAIR,N,C,NA,C,NA
95 UPPER MOUNTAIN AVENUE,07042,MONTCLAIR,N,C,NA,C,NA
95 VALLEY ROAD,07043,MONTCLAIR,N,C,NA,C,NA
95 WILDWOOD AVENUE,07043,MONTCLAIR,N,C,NA,C,NA
95 WILLOWDALE AVENUE,07042,MONTCLAIR,N,C,NA,C,NA
95 YANTACAW BROOK ROAD,07043,MONTCLAIR,N,C,NA,C,NA
96 BUCKINGHAM ROAD(575 GROV,07043,MONTCLAIR,N,C,NA,C,NA
96 BELLEVUE AVENUE,07043,MONTCLAIR,N,C,NA,C,NA
96 COOPER AVENUE,07043,MONTCLAIR,N,C,NA,C,NA
96 CHRISTOPHER STREET,07043,MONTCLAIR,N,C,NA,C,NA
96 ELM STREET,07042,MONTCLAIR,N,C,NA,C,NA
96 ESSEX AVENUE,07042,MONTCLAIR,N,C,NA,C,NA
96 FOREST STREET,07042,MONTCLAIR,N,C,NA,C,NA
96 GATES AVENUE,07042,MONTCLAIR,N,C,NA,C,NA
96 GROVE STREET 1ST,07043,MONTCLAIR,N,C,NA,C,NA
96 GROVE STREET 2ND,07043,MONTCLAIR,N,C,NA,C,NA
96 GORDONHURST AVENUE,07043,MONTCLAIR,N,C,NA,C,NA
96 HADDON PLACE,07043,MONTCLAIR,N,C,NA,C,NA
96 HIGH STREET,07042,MONTCLAIR,N,C,NA,C,NA
96 HARRISON AVENUE,07042,MONTCLAIR,N,C,NA,C,NA
96 INWOOD AVENUE,07043,MONTCLAIR,Y,C,NA,G,NA
96 LLEWELLYN ROAD,07042,MONTCLAIR,N,C,NA,C,NA
96 LORRAINE AVENUE,07043,MONTCLAIR,N,C,NA,C,NA
96 LINCOLN STREET 1ST,07042,MONTCLAIR,N,C,NA,C,NA
96 LINCOLN STREET 2ND,07042,MONTCLAIR,N,C,NA,C,NA
96 MIDLAND AVENUE,07042,MONTCLAIR,N,C,NA,C,NA
96 MONTCLAIR AVENUE,07043,MONTCLAIR,N,C,NA,C,NA
96 MOUNT HEBRON ROAD,07043,MONTCLAIR,N,C,NA,C,NA
96 N MOUNTAIN AVENUE,07042,MONTCLAIR,N,C,NA,C,NA
96 OVERLOOK ROAD,07043,MONTCLAIR,N,C,NA,C,NA
96 PARK STREET,07043,MONTCLAIR,N,C,NA,C,NA
96 PROSPECT AVENUE,07042,MONTCLAIR,N,C,NA,C,NA
96 S FULLERTON AVENUE,07042,MONTCLAIR,N,C,NA,C,NA
96 SUMMIT AVENUE,07043,MONTCLAIR,N,C,NA,C,NA
96 UNDERCLIFF ROAD,07042,MONTCLAIR,N,C,NA,C,NA
96 UNION STREET,07042,MONTCLAIR,N,C,NA,C,NA
96 WALNUT STREET-3 RIGHT,07042,MONTCLAIR,N,C,NA,C,NA
96 WILDWOOD AVENUE,07043,MONTCLAIR,N,C,NA,C,NA
96 WATCHUNG AVENUE,07043,MONTCLAIR,Y,C,NA,UX,NA
96 YANTACAW BROOK ROAD,07043,MONTCLAIR,N,C,NA,C,NA
97 BEVERLY ROAD,07043,MONTCLAIR,N,C,NA,C,NA
97 CENTRAL AVENUE,07042,MONTCLAIR,N,C,NA,C,NA
97 COOPER AVENUE,07043,MONTCLAIR,N,C,NA,C,NA
97 ELM STREET,07042,MONTCLAIR,N,C,NA,C,NA
97 ESSEX AVENUE,07042,MONTCLAIR,N,C,NA,C,NA
97 FOREST STREET,07042,MONTCLAIR,N,C,NA,C,NA
97 GORDONHURST AVENUE,07043,MONTCLAIR,N,C,NA,C,NA
97 HADDON PLACE,07043,MONTCLAIR,Y,C,NA,O,BRASS
97 INWOOD AVENUE,07043,MONTCLAIR,N,C,NA,O,Iron
97 LINCOLN STREET,07042,MONTCLAIR,N,C,NA,C,NA
97 MONTCLAIR AVENUE,07043,MONTCLAIR,N,C,NA,C,NA
97 MOUNT HEBRON ROAD,07043,MONTCLAIR,N,C,NA,C,NA
97 N MOUNTAIN AVENUE,07042,MONTCLAIR,N,C,NA,C,NA
97 OVERLOOK ROAD,07043,MONTCLAIR,N,C,NA,C,NA
97 PINE STREET,07042,MONTCLAIR,N,C,NA,C,NA
97 STONEBRIDGE ROAD,07042,MONTCLAIR,N,C,NA,C,NA
97 SUMMIT AVENUE,07043,MONTCLAIR,N,C,NA,C,NA
97 WILDWOOD AVENUE,07043,MONTCLAIR,N,C,NA,C,NA
97 WALNUT STREET,07042,MONTCLAIR,Y,G,NA,C,NA
97 WALNUT STREET 2ND,07042,MONTCLAIR,N,C,NA,C,NA
97 WARREN PLACE,07042,MONTCLAIR,N,C,NA,C,NA
97 WILLOWDALE AVENUE,07042,MONTCLAIR,N,C,NA,C,NA
97 YANTACAW BROOK ROAD,07043,MONTCLAIR,N,C,NA,C,NA
97-99 MAPLE AVENUE,07042,MONTCLAIR,N,C,NA,C,NA
98 ALEXANDER AVENUE,07043,MONTCLAIR,Y,C,NA,UX,NA
98 BELLEVUE AVENUE,07043,MONTCLAIR,N,C,NA,C,NA
98 CLINTON AVENUE,07042,MONTCLAIR,N,C,NA,C,NA
98 COOPER AVENUE,07043,MONTCLAIR,N,C,NA,C,NA
98 ELM STREET,07042,MONTCLAIR,Y,C,NA,UX,NA
98 ESSEX AVENUE,07042,MONTCLAIR,N,C,NA,C,NA
98 FOREST STREET,07042,MONTCLAIR,N,C,NA,C,NA
98 GORDONHURST AVENUE,07043,MONTCLAIR,N,C,NA,C,NA
98 GROVE STREET 1ST,07043,MONTCLAIR,N,C,NA,C,NA
98 GROVE STREET 2ND,07043,MONTCLAIR,N,C,NA,C,NA
98 GATES AVENUE,07042,MONTCLAIR,N,C,NA,C,NA
98 GREENWOOD AVENUE,07042,MONTCLAIR,N,C,NA,C,NA
98 HADDON PLACE,07043,MONTCLAIR,N,C,NA,C,NA
98 HARRISON AVENUE,07042,MONTCLAIR,N,C,NA,C,NA
98 LINCOLN STREET,07042,MONTCLAIR,N,C,NA,C,NA
98 LORRAINE AVENUE,07043,MONTCLAIR,N,C,NA,C,NA
98 MIDLAND AVENUE,07042,MONTCLAIR,N,C,NA,C,NA
98 MONTCLAIR AVENUE,07043,MONTCLAIR,N,C,NA,C,NA
98 MOUNT HEBRON ROAD,07043,MONTCLAIR,N,C,NA,C,NA
98 OVERLOOK ROAD,07043,MONTCLAIR,N,C,NA,C,NA
98 PARK STREET,07043,MONTCLAIR,N,C,NA,C,NA
98 S FULLERTON AVENUE,07042,MONTCLAIR,N,C,NA,C,NA
98 SUMMIT AVENUE,07043,MONTCLAIR,N,C,NA,C,NA
98 WALNUT STREET,07042,MONTCLAIR,N,C,NA,C,NA
98 WARREN PLACE,07042,MONTCLAIR,N,C,NA,C,NA
98 WILDWOOD AVENUE,07043,MONTCLAIR,N,C,NA,C,NA
98 WATCHUNG AVENUE,07043,MONTCLAIR,N,C,NA,C,NA
98 YANTACAW BROOK ROAD,07043,MONTCLAIR,N,C,NA,C,NA
99 BELLEVUE AVENUE,07043,MONTCLAIR,N,C,NA,C,NA
99 BEVERLY ROAD,07043,MONTCLAIR,N,C,NA,C,NA
99 CENTRAL AVENUE,07042,MONTCLAIR,N,C,NA,C,NA
99 CLAREMONT AVENUE,07042,MONTCLAIR,N,C,NA,C,NA
99 CLAREWILL AVENUE,07043,MONTCLAIR,N,C,NA,C,NA
99 COOPER AVENUE,07043,MONTCLAIR,N,C,NA,C,NA
99 ELM STREET,07042,MONTCLAIR,N,C,NA,C,NA
99 ESSEX AVENUE,07042,MONTCLAIR,N,C,NA,C,NA
99 GORDONHURST AVENUE,07043,MONTCLAIR,N,C,NA,C,NA
99 HADDON PLACE,07043,MONTCLAIR,N,C,NA,C,NA
99 HARRISON AVENUE,07042,MONTCLAIR,N,C,NA,C,NA
99 HELLER WAY,07043,MONTCLAIR,N,C,NA,C,NA
99 INWOOD AVENUE,07043,MONTCLAIR,N,C,NA,C,NA
99 LLOYD ROAD,07042,MONTCLAIR,N,C,NA,C,NA
99 LINCOLN STREET,07042,MONTCLAIR,Y,C,NA,UX,NA
99 MIDLAND AVENUE,07042,MONTCLAIR,N,C,NA,C,NA
99 MONTCLAIR AVENUE,07043,MONTCLAIR,N,C,NA,C,NA
99 N MOUNTAIN AVENUE,07042,MONTCLAIR,N,C,NA,C,NA
99 PINE STREET,07042,MONTCLAIR,N,C,NA,C,NA
99 S FULLERTON AVENUE,07042,MONTCLAIR,N,C,NA,C,NA
99 S MOUNTAIN AVENUE,07042,MONTCLAIR,N,C,NA,C,NA
99 SUMMIT AVENUE,07043,MONTCLAIR,N,C,NA,C,NA
99 UNDERCLIFF ROAD,07042,MONTCLAIR,N,C,NA,C,NA
99 VALLEY ROAD,07043,MONTCLAIR,N,C,NA,C,NA
99 WILDWOOD AVENUE,07043,MONTCLAIR,N,C,NA,C,NA
99 WILLOWDALE AVENUE,07042,MONTCLAIR,N,C,NA,C,NA
9A UPPER MOUNTAIN AVENUE,07042,MONTCLAIR,N,C,NA,C,NA
9B UPPER MOUNTAIN AVENUE,07042,MONTCLAIR,N,C,NA,C,NA
BELDEN & VALLEY ROAD(744 VALLEY,07043,MONTCLAIR,N,C,NA,C,NA
BELLEVUE AVENUE,07043,MONTCLAIR,N,C,NA,C,NA
BELLEVUE AVENUE RAILROAD,07043,MONTCLAIR,N,C,NA,C,NA
BRUCE ROAD,07043,MONTCLAIR,N,C,NA,C,NA
CANTERBURY PARK,07042,MONTCLAIR,N,C,NA,C,NA
CEDAR AVENUE,07042,MONTCLAIR,N,C,NA,C,NA
CEDAR AVENUE/151 HARRISON AVENUE,07042,MONTCLAIR,N,C,NA,C,NA
CEDAR AVENUE/ORANGE ROAD-IRRIG,07042,MONTCLAIR,N,C,NA,C,NA
CENTRAL AVENUE - PIT,07042,MONTCLAIR,N,C,NA,C,NA
CHESNUT STREET/MIDLAND AVENUE,07042,MONTCLAIR,N,C,NA,C,NA
CHESTNUT STREET/MIDLAND AVENUE,07042,MONTCLAIR,N,C,NA,C,NA
COTTAGE PLACE-HIGH SCHOOL,07042,MONTCLAIR,N,C,NA,C,NA
CRESCENT PARKING DECK,07042,MONTCLAIR,N,C,NA,C,NA
EDGEMONT ROAD,07042,MONTCLAIR,N,C,NA,C,NA
EDGMOUNT PARK PIT,07043,MONTCLAIR,N,C,NA,C,NA
ESSEX AVENUE,07042,MONTCLAIR,N,C,NA,C,NA
FRANKLIN & LINCOLN,07042,MONTCLAIR,N,C,NA,C,NA
FT WILDWOOD AVENUE,07043,MONTCLAIR,N,C,NA,C,NA
GRAZ PARK-BLOOMFIELD/CLAREMONT,07042,MONTCLAIR,N,C,NA,C,NA
GROVE & OXFORD,07042,MONTCLAIR,N,C,NA,C,NA
GROVE STREET,07043,MONTCLAIR,N,C,NA,C,NA
GROVE STREETFIELD-GROVE/WALN,07043,MONTCLAIR,N,C,NA,C,NA
HIGH STREET,07042,MONTCLAIR,N,C,NA,C,NA
HILLSIDE AVENUE,07042,MONTCLAIR,N,C,NA,C,NA
KAVENUENY FIELD-WALNUT/CHRISTOPHE,07043,MONTCLAIR,N,C,NA,C,NA
MAPLE AVENUE,07042,MONTCLAIR,N,C,NA,C,NA
MIDLAND AVENUE-HENNINGBURG FIELD,07042,MONTCLAIR,N,C,NA,C,NA
MONTCLAIR STATE UNIVERSIT,07043,MONTCLAIR,N,C,NA,C,NA
MONTCLAIR STATE UNIVERSITY,07043,MONTCLAIR,N,C,NA,C,NA
MOUNT HEBRON ROAD,07043,MONTCLAIR,N,C,NA,C,NA
MOUNTNSD PARK,07043,MONTCLAIR,N,C,NA,C,NA
MOUNTNSD PARK-TENNIS COURT,07043,MONTCLAIR,N,C,NA,C,NA
MOUNTNSIDE PARK,07043,MONTCLAIR,N,C,NA,C,NA
N FULLERTON & RAND PLACE,07042,MONTCLAIR,N,C,NA,C,NA
N FULLERTON AVENUE,07042,MONTCLAIR,N,C,NA,C,NA
N MOUNTAIN AVENUE,07042,MONTCLAIR,N,C,NA,C,NA
N MOUNTAIN AVENUE - FOUNTAIN,07042,MONTCLAIR,N,C,NA,C,NA
NISH PK TENNIS,07042,MONTCLAIR,N,C,NA,C,NA
NJ AMERICAN WATER,07042,MONTCLAIR,N,C,NA,C,NA
NOTTING LAWN SPRINKLER-FRONT#4,07042,MONTCLAIR,N,C,NA,C,NA
ORANGE ROAD,07042,MONTCLAIR,N,C,NA,C,NA
PARK STREET,07043,MONTCLAIR,N,C,NA,C,NA
PARKSIDE/OAKCROFT,07043,MONTCLAIR,N,C,NA,C,NA
PLACEAYGROUND GROVE & WALNUT,07042,MONTCLAIR,N,C,NA,C,NA
RAND TENNIS,07042,MONTCLAIR,N,C,NA,C,NA
RIDGEWOOD AVENUE,07043,MONTCLAIR,N,C,NA,C,NA
SHERWOOD STREET,07042,MONTCLAIR,N,C,NA,C,NA
STONEHENGE ROAD-TUERS PARK,07043,MONTCLAIR,N,C,NA,C,NA
TRINITY PLACE,07042,MONTCLAIR,N,C,NA,C,NA
UPPER MOUNTAIN AVENUE(POOL),07042,MONTCLAIR,N,C,NA,C,NA
VALLEY ROAD,07043,MONTCLAIR,N,C,NA,C,NA
VALLEY ROAD & NORMAL AVENUE,07043,MONTCLAIR,N,C,NA,C,NA
WALNUT CRESCENT,07042,MONTCLAIR,N,C,NA,C,NA
WALNUT STREET,07042,MONTCLAIR,N,C,NA,C,NA
WALNUT STREETATION,07042,MONTCLAIR,N,C,NA,C,NA
WATCHUNG & RIDGEWOOD AVENUES,07043,MONTCLAIR,N,C,NA,C,NA
